,TF.CFE
2009/12/31,
2010/1/4,
2010/1/5,
2010/1/6,
2010/1/7,
2010/1/8,
2010/1/11,
2010/1/12,
2010/1/13,
2010/1/14,
2010/1/15,
2010/1/18,
2010/1/19,
2010/1/20,
2010/1/21,
2010/1/22,
2010/1/25,
2010/1/26,
2010/1/27,
2010/1/28,
2010/1/29,
2010/2/1,
2010/2/2,
2010/2/3,
2010/2/4,
2010/2/5,
2010/2/8,
2010/2/9,
2010/2/10,
2010/2/11,
2010/2/12,
2010/2/22,
2010/2/23,
2010/2/24,
2010/2/25,
2010/2/26,
2010/3/1,
2010/3/2,
2010/3/3,
2010/3/4,
2010/3/5,
2010/3/8,
2010/3/9,
2010/3/10,
2010/3/11,
2010/3/12,
2010/3/15,
2010/3/16,
2010/3/17,
2010/3/18,
2010/3/19,
2010/3/22,
2010/3/23,
2010/3/24,
2010/3/25,
2010/3/26,
2010/3/29,
2010/3/30,
2010/3/31,
2010/4/1,
2010/4/2,
2010/4/6,
2010/4/7,
2010/4/8,
2010/4/9,
2010/4/12,
2010/4/13,
2010/4/14,
2010/4/15,
2010/4/16,
2010/4/19,
2010/4/20,
2010/4/21,
2010/4/22,
2010/4/23,
2010/4/26,
2010/4/27,
2010/4/28,
2010/4/29,
2010/4/30,
2010/5/4,
2010/5/5,
2010/5/6,
2010/5/7,
2010/5/10,
2010/5/11,
2010/5/12,
2010/5/13,
2010/5/14,
2010/5/17,
2010/5/18,
2010/5/19,
2010/5/20,
2010/5/21,
2010/5/24,
2010/5/25,
2010/5/26,
2010/5/27,
2010/5/28,
2010/5/31,
2010/6/1,
2010/6/2,
2010/6/3,
2010/6/4,
2010/6/7,
2010/6/8,
2010/6/9,
2010/6/10,
2010/6/11,
2010/6/17,
2010/6/18,
2010/6/21,
2010/6/22,
2010/6/23,
2010/6/24,
2010/6/25,
2010/6/28,
2010/6/29,
2010/6/30,
2010/7/1,
2010/7/2,
2010/7/5,
2010/7/6,
2010/7/7,
2010/7/8,
2010/7/9,
2010/7/12,
2010/7/13,
2010/7/14,
2010/7/15,
2010/7/16,
2010/7/19,
2010/7/20,
2010/7/21,
2010/7/22,
2010/7/23,
2010/7/26,
2010/7/27,
2010/7/28,
2010/7/29,
2010/7/30,
2010/8/2,
2010/8/3,
2010/8/4,
2010/8/5,
2010/8/6,
2010/8/9,
2010/8/10,
2010/8/11,
2010/8/12,
2010/8/13,
2010/8/16,
2010/8/17,
2010/8/18,
2010/8/19,
2010/8/20,
2010/8/23,
2010/8/24,
2010/8/25,
2010/8/26,
2010/8/27,
2010/8/30,
2010/8/31,
2010/9/1,
2010/9/2,
2010/9/3,
2010/9/6,
2010/9/7,
2010/9/8,
2010/9/9,
2010/9/10,
2010/9/13,
2010/9/14,
2010/9/15,
2010/9/16,
2010/9/17,
2010/9/20,
2010/9/21,
2010/9/27,
2010/9/28,
2010/9/29,
2010/9/30,
2010/10/8,
2010/10/11,
2010/10/12,
2010/10/13,
2010/10/14,
2010/10/15,
2010/10/18,
2010/10/19,
2010/10/20,
2010/10/21,
2010/10/22,
2010/10/25,
2010/10/26,
2010/10/27,
2010/10/28,
2010/10/29,
2010/11/1,
2010/11/2,
2010/11/3,
2010/11/4,
2010/11/5,
2010/11/8,
2010/11/9,
2010/11/10,
2010/11/11,
2010/11/12,
2010/11/15,
2010/11/16,
2010/11/17,
2010/11/18,
2010/11/19,
2010/11/22,
2010/11/23,
2010/11/24,
2010/11/25,
2010/11/26,
2010/11/29,
2010/11/30,
2010/12/1,
2010/12/2,
2010/12/3,
2010/12/6,
2010/12/7,
2010/12/8,
2010/12/9,
2010/12/10,
2010/12/13,
2010/12/14,
2010/12/15,
2010/12/16,
2010/12/17,
2010/12/20,
2010/12/21,
2010/12/22,
2010/12/23,
2010/12/24,
2010/12/27,
2010/12/28,
2010/12/29,
2010/12/30,
2010/12/31,
2011/1/4,
2011/1/5,
2011/1/6,
2011/1/7,
2011/1/10,
2011/1/11,
2011/1/12,
2011/1/13,
2011/1/14,
2011/1/17,
2011/1/18,
2011/1/19,
2011/1/20,
2011/1/21,
2011/1/24,
2011/1/25,
2011/1/26,
2011/1/27,
2011/1/28,
2011/1/31,
2011/2/1,
2011/2/9,
2011/2/10,
2011/2/11,
2011/2/14,
2011/2/15,
2011/2/16,
2011/2/17,
2011/2/18,
2011/2/21,
2011/2/22,
2011/2/23,
2011/2/24,
2011/2/25,
2011/2/28,
2011/3/1,
2011/3/2,
2011/3/3,
2011/3/4,
2011/3/7,
2011/3/8,
2011/3/9,
2011/3/10,
2011/3/11,
2011/3/14,
2011/3/15,
2011/3/16,
2011/3/17,
2011/3/18,
2011/3/21,
2011/3/22,
2011/3/23,
2011/3/24,
2011/3/25,
2011/3/28,
2011/3/29,
2011/3/30,
2011/3/31,
2011/4/1,
2011/4/6,
2011/4/7,
2011/4/8,
2011/4/11,
2011/4/12,
2011/4/13,
2011/4/14,
2011/4/15,
2011/4/18,
2011/4/19,
2011/4/20,
2011/4/21,
2011/4/22,
2011/4/25,
2011/4/26,
2011/4/27,
2011/4/28,
2011/4/29,
2011/5/3,
2011/5/4,
2011/5/5,
2011/5/6,
2011/5/9,
2011/5/10,
2011/5/11,
2011/5/12,
2011/5/13,
2011/5/16,
2011/5/17,
2011/5/18,
2011/5/19,
2011/5/20,
2011/5/23,
2011/5/24,
2011/5/25,
2011/5/26,
2011/5/27,
2011/5/30,
2011/5/31,
2011/6/1,
2011/6/2,
2011/6/3,
2011/6/7,
2011/6/8,
2011/6/9,
2011/6/10,
2011/6/13,
2011/6/14,
2011/6/15,
2011/6/16,
2011/6/17,
2011/6/20,
2011/6/21,
2011/6/22,
2011/6/23,
2011/6/24,
2011/6/27,
2011/6/28,
2011/6/29,
2011/6/30,
2011/7/1,
2011/7/4,
2011/7/5,
2011/7/6,
2011/7/7,
2011/7/8,
2011/7/11,
2011/7/12,
2011/7/13,
2011/7/14,
2011/7/15,
2011/7/18,
2011/7/19,
2011/7/20,
2011/7/21,
2011/7/22,
2011/7/25,
2011/7/26,
2011/7/27,
2011/7/28,
2011/7/29,
2011/8/1,
2011/8/2,
2011/8/3,
2011/8/4,
2011/8/5,
2011/8/8,
2011/8/9,
2011/8/10,
2011/8/11,
2011/8/12,
2011/8/15,
2011/8/16,
2011/8/17,
2011/8/18,
2011/8/19,
2011/8/22,
2011/8/23,
2011/8/24,
2011/8/25,
2011/8/26,
2011/8/29,
2011/8/30,
2011/8/31,
2011/9/1,
2011/9/2,
2011/9/5,
2011/9/6,
2011/9/7,
2011/9/8,
2011/9/9,
2011/9/13,
2011/9/14,
2011/9/15,
2011/9/16,
2011/9/19,
2011/9/20,
2011/9/21,
2011/9/22,
2011/9/23,
2011/9/26,
2011/9/27,
2011/9/28,
2011/9/29,
2011/9/30,
2011/10/10,
2011/10/11,
2011/10/12,
2011/10/13,
2011/10/14,
2011/10/17,
2011/10/18,
2011/10/19,
2011/10/20,
2011/10/21,
2011/10/24,
2011/10/25,
2011/10/26,
2011/10/27,
2011/10/28,
2011/10/31,
2011/11/1,
2011/11/2,
2011/11/3,
2011/11/4,
2011/11/7,
2011/11/8,
2011/11/9,
2011/11/10,
2011/11/11,
2011/11/14,
2011/11/15,
2011/11/16,
2011/11/17,
2011/11/18,
2011/11/21,
2011/11/22,
2011/11/23,
2011/11/24,
2011/11/25,
2011/11/28,
2011/11/29,
2011/11/30,
2011/12/1,
2011/12/2,
2011/12/5,
2011/12/6,
2011/12/7,
2011/12/8,
2011/12/9,
2011/12/12,
2011/12/13,
2011/12/14,
2011/12/15,
2011/12/16,
2011/12/19,
2011/12/20,
2011/12/21,
2011/12/22,
2011/12/23,
2011/12/26,
2011/12/27,
2011/12/28,
2011/12/29,
2011/12/30,
2012/1/4,
2012/1/5,
2012/1/6,
2012/1/9,
2012/1/10,
2012/1/11,
2012/1/12,
2012/1/13,
2012/1/16,
2012/1/17,
2012/1/18,
2012/1/19,
2012/1/20,
2012/1/30,
2012/1/31,
2012/2/1,
2012/2/2,
2012/2/3,
2012/2/6,
2012/2/7,
2012/2/8,
2012/2/9,
2012/2/10,
2012/2/13,
2012/2/14,
2012/2/15,
2012/2/16,
2012/2/17,
2012/2/20,
2012/2/21,
2012/2/22,
2012/2/23,
2012/2/24,
2012/2/27,
2012/2/28,
2012/2/29,
2012/3/1,
2012/3/2,
2012/3/5,
2012/3/6,
2012/3/7,
2012/3/8,
2012/3/9,
2012/3/12,
2012/3/13,
2012/3/14,
2012/3/15,
2012/3/16,
2012/3/19,
2012/3/20,
2012/3/21,
2012/3/22,
2012/3/23,
2012/3/26,
2012/3/27,
2012/3/28,
2012/3/29,
2012/3/30,
2012/4/5,
2012/4/6,
2012/4/9,
2012/4/10,
2012/4/11,
2012/4/12,
2012/4/13,
2012/4/16,
2012/4/17,
2012/4/18,
2012/4/19,
2012/4/20,
2012/4/23,
2012/4/24,
2012/4/25,
2012/4/26,
2012/4/27,
2012/5/2,
2012/5/3,
2012/5/4,
2012/5/7,
2012/5/8,
2012/5/9,
2012/5/10,
2012/5/11,
2012/5/14,
2012/5/15,
2012/5/16,
2012/5/17,
2012/5/18,
2012/5/21,
2012/5/22,
2012/5/23,
2012/5/24,
2012/5/25,
2012/5/28,
2012/5/29,
2012/5/30,
2012/5/31,
2012/6/1,
2012/6/4,
2012/6/5,
2012/6/6,
2012/6/7,
2012/6/8,
2012/6/11,
2012/6/12,
2012/6/13,
2012/6/14,
2012/6/15,
2012/6/18,
2012/6/19,
2012/6/20,
2012/6/21,
2012/6/25,
2012/6/26,
2012/6/27,
2012/6/28,
2012/6/29,
2012/7/2,
2012/7/3,
2012/7/4,
2012/7/5,
2012/7/6,
2012/7/9,
2012/7/10,
2012/7/11,
2012/7/12,
2012/7/13,
2012/7/16,
2012/7/17,
2012/7/18,
2012/7/19,
2012/7/20,
2012/7/23,
2012/7/24,
2012/7/25,
2012/7/26,
2012/7/27,
2012/7/30,
2012/7/31,
2012/8/1,
2012/8/2,
2012/8/3,
2012/8/6,
2012/8/7,
2012/8/8,
2012/8/9,
2012/8/10,
2012/8/13,
2012/8/14,
2012/8/15,
2012/8/16,
2012/8/17,
2012/8/20,
2012/8/21,
2012/8/22,
2012/8/23,
2012/8/24,
2012/8/27,
2012/8/28,
2012/8/29,
2012/8/30,
2012/8/31,
2012/9/3,
2012/9/4,
2012/9/5,
2012/9/6,
2012/9/7,
2012/9/10,
2012/9/11,
2012/9/12,
2012/9/13,
2012/9/14,
2012/9/17,
2012/9/18,
2012/9/19,
2012/9/20,
2012/9/21,
2012/9/24,
2012/9/25,
2012/9/26,
2012/9/27,
2012/9/28,
2012/10/8,
2012/10/9,
2012/10/10,
2012/10/11,
2012/10/12,
2012/10/15,
2012/10/16,
2012/10/17,
2012/10/18,
2012/10/19,
2012/10/22,
2012/10/23,
2012/10/24,
2012/10/25,
2012/10/26,
2012/10/29,
2012/10/30,
2012/10/31,
2012/11/1,
2012/11/2,
2012/11/5,
2012/11/6,
2012/11/7,
2012/11/8,
2012/11/9,
2012/11/12,
2012/11/13,
2012/11/14,
2012/11/15,
2012/11/16,
2012/11/19,
2012/11/20,
2012/11/21,
2012/11/22,
2012/11/23,
2012/11/26,
2012/11/27,
2012/11/28,
2012/11/29,
2012/11/30,
2012/12/3,
2012/12/4,
2012/12/5,
2012/12/6,
2012/12/7,
2012/12/10,
2012/12/11,
2012/12/12,
2012/12/13,
2012/12/14,
2012/12/17,
2012/12/18,
2012/12/19,
2012/12/20,
2012/12/21,
2012/12/24,
2012/12/25,
2012/12/26,
2012/12/27,
2012/12/28,
2012/12/31,
2013/1/4,
2013/1/7,
2013/1/8,
2013/1/9,
2013/1/10,
2013/1/11,
2013/1/14,
2013/1/15,
2013/1/16,
2013/1/17,
2013/1/18,
2013/1/21,
2013/1/22,
2013/1/23,
2013/1/24,
2013/1/25,
2013/1/28,
2013/1/29,
2013/1/30,
2013/1/31,
2013/2/1,
2013/2/4,
2013/2/5,
2013/2/6,
2013/2/7,
2013/2/8,
2013/2/18,
2013/2/19,
2013/2/20,
2013/2/21,
2013/2/22,
2013/2/25,
2013/2/26,
2013/2/27,
2013/2/28,
2013/3/1,
2013/3/4,
2013/3/5,
2013/3/6,
2013/3/7,
2013/3/8,
2013/3/11,
2013/3/12,
2013/3/13,
2013/3/14,
2013/3/15,
2013/3/18,
2013/3/19,
2013/3/20,
2013/3/21,
2013/3/22,
2013/3/25,
2013/3/26,
2013/3/27,
2013/3/28,
2013/3/29,
2013/4/1,
2013/4/2,
2013/4/3,
2013/4/8,
2013/4/9,
2013/4/10,
2013/4/11,
2013/4/12,
2013/4/15,
2013/4/16,
2013/4/17,
2013/4/18,
2013/4/19,
2013/4/22,
2013/4/23,
2013/4/24,
2013/4/25,
2013/4/26,
2013/5/2,
2013/5/3,
2013/5/6,
2013/5/7,
2013/5/8,
2013/5/9,
2013/5/10,
2013/5/13,
2013/5/14,
2013/5/15,
2013/5/16,
2013/5/17,
2013/5/20,
2013/5/21,
2013/5/22,
2013/5/23,
2013/5/24,
2013/5/27,
2013/5/28,
2013/5/29,
2013/5/30,
2013/5/31,
2013/6/3,
2013/6/4,
2013/6/5,
2013/6/6,
2013/6/7,
2013/6/13,
2013/6/14,
2013/6/17,
2013/6/18,
2013/6/19,
2013/6/20,
2013/6/21,
2013/6/24,
2013/6/25,
2013/6/26,
2013/6/27,
2013/6/28,
2013/7/1,
2013/7/2,
2013/7/3,
2013/7/4,
2013/7/5,
2013/7/8,
2013/7/9,
2013/7/10,
2013/7/11,
2013/7/12,
2013/7/15,
2013/7/16,
2013/7/17,
2013/7/18,
2013/7/19,
2013/7/22,
2013/7/23,
2013/7/24,
2013/7/25,
2013/7/26,
2013/7/29,
2013/7/30,
2013/7/31,
2013/8/1,
2013/8/2,
2013/8/5,
2013/8/6,
2013/8/7,
2013/8/8,
2013/8/9,
2013/8/12,
2013/8/13,
2013/8/14,
2013/8/15,
2013/8/16,
2013/8/19,
2013/8/20,
2013/8/21,
2013/8/22,
2013/8/23,
2013/8/26,
2013/8/27,
2013/8/28,
2013/8/29,
2013/8/30,
2013/9/2,
2013/9/3,
2013/9/4,
2013/9/5,
2013/9/6,
2013/9/9,TF1312.CFE
2013/9/10,TF1312.CFE
2013/9/11,TF1312.CFE
2013/9/12,TF1312.CFE
2013/9/13,TF1312.CFE
2013/9/16,TF1312.CFE
2013/9/17,TF1312.CFE
2013/9/18,TF1312.CFE
2013/9/23,TF1312.CFE
2013/9/24,TF1312.CFE
2013/9/25,TF1312.CFE
2013/9/26,TF1312.CFE
2013/9/27,TF1312.CFE
2013/9/30,TF1312.CFE
2013/10/8,TF1312.CFE
2013/10/9,TF1312.CFE
2013/10/10,TF1312.CFE
2013/10/11,TF1312.CFE
2013/10/14,TF1312.CFE
2013/10/15,TF1312.CFE
2013/10/16,TF1312.CFE
2013/10/17,TF1312.CFE
2013/10/18,TF1312.CFE
2013/10/21,TF1312.CFE
2013/10/22,TF1312.CFE
2013/10/23,TF1312.CFE
2013/10/24,TF1312.CFE
2013/10/25,TF1312.CFE
2013/10/28,TF1312.CFE
2013/10/29,TF1312.CFE
2013/10/30,TF1312.CFE
2013/10/31,TF1312.CFE
2013/11/1,TF1312.CFE
2013/11/4,TF1312.CFE
2013/11/5,TF1312.CFE
2013/11/6,TF1312.CFE
2013/11/7,TF1312.CFE
2013/11/8,TF1312.CFE
2013/11/11,TF1312.CFE
2013/11/12,TF1312.CFE
2013/11/13,TF1312.CFE
2013/11/14,TF1312.CFE
2013/11/15,TF1312.CFE
2013/11/18,TF1312.CFE
2013/11/19,TF1312.CFE
2013/11/20,TF1312.CFE
2013/11/21,TF1312.CFE
2013/11/22,TF1312.CFE
2013/11/25,TF1312.CFE
2013/11/26,TF1312.CFE
2013/11/27,TF1312.CFE
2013/11/28,TF1312.CFE
2013/11/29,TF1403.CFE
2013/12/2,TF1403.CFE
2013/12/3,TF1403.CFE
2013/12/4,TF1403.CFE
2013/12/5,TF1403.CFE
2013/12/6,TF1403.CFE
2013/12/9,TF1403.CFE
2013/12/10,TF1403.CFE
2013/12/11,TF1403.CFE
2013/12/12,TF1403.CFE
2013/12/13,TF1403.CFE
2013/12/16,TF1403.CFE
2013/12/17,TF1403.CFE
2013/12/18,TF1403.CFE
2013/12/19,TF1403.CFE
2013/12/20,TF1403.CFE
2013/12/23,TF1403.CFE
2013/12/24,TF1403.CFE
2013/12/25,TF1403.CFE
2013/12/26,TF1403.CFE
2013/12/27,TF1403.CFE
2013/12/30,TF1403.CFE
2013/12/31,TF1403.CFE
2014/1/2,TF1403.CFE
2014/1/3,TF1403.CFE
2014/1/6,TF1403.CFE
2014/1/7,TF1403.CFE
2014/1/8,TF1403.CFE
2014/1/9,TF1403.CFE
2014/1/10,TF1403.CFE
2014/1/13,TF1403.CFE
2014/1/14,TF1403.CFE
2014/1/15,TF1403.CFE
2014/1/16,TF1403.CFE
2014/1/17,TF1403.CFE
2014/1/20,TF1403.CFE
2014/1/21,TF1403.CFE
2014/1/22,TF1403.CFE
2014/1/23,TF1403.CFE
2014/1/24,TF1403.CFE
2014/1/27,TF1403.CFE
2014/1/28,TF1403.CFE
2014/1/29,TF1403.CFE
2014/1/30,TF1403.CFE
2014/2/7,TF1403.CFE
2014/2/10,TF1403.CFE
2014/2/11,TF1403.CFE
2014/2/12,TF1403.CFE
2014/2/13,TF1403.CFE
2014/2/14,TF1403.CFE
2014/2/17,TF1403.CFE
2014/2/18,TF1403.CFE
2014/2/19,TF1403.CFE
2014/2/20,TF1403.CFE
2014/2/21,TF1403.CFE
2014/2/24,TF1406.CFE
2014/2/25,TF1406.CFE
2014/2/26,TF1406.CFE
2014/2/27,TF1406.CFE
2014/2/28,TF1406.CFE
2014/3/3,TF1406.CFE
2014/3/4,TF1406.CFE
2014/3/5,TF1406.CFE
2014/3/6,TF1406.CFE
2014/3/7,TF1406.CFE
2014/3/10,TF1406.CFE
2014/3/11,TF1406.CFE
2014/3/12,TF1406.CFE
2014/3/13,TF1406.CFE
2014/3/14,TF1406.CFE
2014/3/17,TF1406.CFE
2014/3/18,TF1406.CFE
2014/3/19,TF1406.CFE
2014/3/20,TF1406.CFE
2014/3/21,TF1406.CFE
2014/3/24,TF1406.CFE
2014/3/25,TF1406.CFE
2014/3/26,TF1406.CFE
2014/3/27,TF1406.CFE
2014/3/28,TF1406.CFE
2014/3/31,TF1406.CFE
2014/4/1,TF1406.CFE
2014/4/2,TF1406.CFE
2014/4/3,TF1406.CFE
2014/4/4,TF1406.CFE
2014/4/8,TF1406.CFE
2014/4/9,TF1406.CFE
2014/4/10,TF1406.CFE
2014/4/11,TF1406.CFE
2014/4/14,TF1406.CFE
2014/4/15,TF1406.CFE
2014/4/16,TF1406.CFE
2014/4/17,TF1406.CFE
2014/4/18,TF1406.CFE
2014/4/21,TF1406.CFE
2014/4/22,TF1406.CFE
2014/4/23,TF1406.CFE
2014/4/24,TF1406.CFE
2014/4/25,TF1406.CFE
2014/4/28,TF1406.CFE
2014/4/29,TF1406.CFE
2014/4/30,TF1406.CFE
2014/5/5,TF1406.CFE
2014/5/6,TF1406.CFE
2014/5/7,TF1406.CFE
2014/5/8,TF1406.CFE
2014/5/9,TF1406.CFE
2014/5/12,TF1406.CFE
2014/5/13,TF1406.CFE
2014/5/14,TF1406.CFE
2014/5/15,TF1406.CFE
2014/5/16,TF1409.CFE
2014/5/19,TF1409.CFE
2014/5/20,TF1409.CFE
2014/5/21,TF1409.CFE
2014/5/22,TF1409.CFE
2014/5/23,TF1409.CFE
2014/5/26,TF1409.CFE
2014/5/27,TF1409.CFE
2014/5/28,TF1409.CFE
2014/5/29,TF1409.CFE
2014/5/30,TF1409.CFE
2014/6/3,TF1409.CFE
2014/6/4,TF1409.CFE
2014/6/5,TF1409.CFE
2014/6/6,TF1409.CFE
2014/6/9,TF1409.CFE
2014/6/10,TF1409.CFE
2014/6/11,TF1409.CFE
2014/6/12,TF1409.CFE
2014/6/13,TF1409.CFE
2014/6/16,TF1409.CFE
2014/6/17,TF1409.CFE
2014/6/18,TF1409.CFE
2014/6/19,TF1409.CFE
2014/6/20,TF1409.CFE
2014/6/23,TF1409.CFE
2014/6/24,TF1409.CFE
2014/6/25,TF1409.CFE
2014/6/26,TF1409.CFE
2014/6/27,TF1409.CFE
2014/6/30,TF1409.CFE
2014/7/1,TF1409.CFE
2014/7/2,TF1409.CFE
2014/7/3,TF1409.CFE
2014/7/4,TF1409.CFE
2014/7/7,TF1409.CFE
2014/7/8,TF1409.CFE
2014/7/9,TF1409.CFE
2014/7/10,TF1409.CFE
2014/7/11,TF1409.CFE
2014/7/14,TF1409.CFE
2014/7/15,TF1409.CFE
2014/7/16,TF1409.CFE
2014/7/17,TF1409.CFE
2014/7/18,TF1409.CFE
2014/7/21,TF1409.CFE
2014/7/22,TF1409.CFE
2014/7/23,TF1409.CFE
2014/7/24,TF1409.CFE
2014/7/25,TF1409.CFE
2014/7/28,TF1409.CFE
2014/7/29,TF1409.CFE
2014/7/30,TF1409.CFE
2014/7/31,TF1409.CFE
2014/8/1,TF1409.CFE
2014/8/4,TF1409.CFE
2014/8/5,TF1409.CFE
2014/8/6,TF1409.CFE
2014/8/7,TF1409.CFE
2014/8/8,TF1409.CFE
2014/8/11,TF1409.CFE
2014/8/12,TF1409.CFE
2014/8/13,TF1409.CFE
2014/8/14,TF1409.CFE
2014/8/15,TF1412.CFE
2014/8/18,TF1412.CFE
2014/8/19,TF1412.CFE
2014/8/20,TF1412.CFE
2014/8/21,TF1412.CFE
2014/8/22,TF1412.CFE
2014/8/25,TF1412.CFE
2014/8/26,TF1412.CFE
2014/8/27,TF1412.CFE
2014/8/28,TF1412.CFE
2014/8/29,TF1412.CFE
2014/9/1,TF1412.CFE
2014/9/2,TF1412.CFE
2014/9/3,TF1412.CFE
2014/9/4,TF1412.CFE
2014/9/5,TF1412.CFE
2014/9/9,TF1412.CFE
2014/9/10,TF1412.CFE
2014/9/11,TF1412.CFE
2014/9/12,TF1412.CFE
2014/9/15,TF1412.CFE
2014/9/16,TF1412.CFE
2014/9/17,TF1412.CFE
2014/9/18,TF1412.CFE
2014/9/19,TF1412.CFE
2014/9/22,TF1412.CFE
2014/9/23,TF1412.CFE
2014/9/24,TF1412.CFE
2014/9/25,TF1412.CFE
2014/9/26,TF1412.CFE
2014/9/29,TF1412.CFE
2014/9/30,TF1412.CFE
2014/10/8,TF1412.CFE
2014/10/9,TF1412.CFE
2014/10/10,TF1412.CFE
2014/10/13,TF1412.CFE
2014/10/14,TF1412.CFE
2014/10/15,TF1412.CFE
2014/10/16,TF1412.CFE
2014/10/17,TF1412.CFE
2014/10/20,TF1412.CFE
2014/10/21,TF1412.CFE
2014/10/22,TF1412.CFE
2014/10/23,TF1412.CFE
2014/10/24,TF1412.CFE
2014/10/27,TF1412.CFE
2014/10/28,TF1412.CFE
2014/10/29,TF1412.CFE
2014/10/30,TF1412.CFE
2014/10/31,TF1412.CFE
2014/11/3,TF1412.CFE
2014/11/4,TF1412.CFE
2014/11/5,TF1412.CFE
2014/11/6,TF1503.CFE
2014/11/7,TF1503.CFE
2014/11/10,TF1503.CFE
2014/11/11,TF1503.CFE
2014/11/12,TF1503.CFE
2014/11/13,TF1503.CFE
2014/11/14,TF1503.CFE
2014/11/17,TF1503.CFE
2014/11/18,TF1503.CFE
2014/11/19,TF1503.CFE
2014/11/20,TF1503.CFE
2014/11/21,TF1503.CFE
2014/11/24,TF1503.CFE
2014/11/25,TF1503.CFE
2014/11/26,TF1503.CFE
2014/11/27,TF1503.CFE
2014/11/28,TF1503.CFE
2014/12/1,TF1503.CFE
2014/12/2,TF1503.CFE
2014/12/3,TF1503.CFE
2014/12/4,TF1503.CFE
2014/12/5,TF1503.CFE
2014/12/8,TF1503.CFE
2014/12/9,TF1503.CFE
2014/12/10,TF1503.CFE
2014/12/11,TF1503.CFE
2014/12/12,TF1503.CFE
2014/12/15,TF1503.CFE
2014/12/16,TF1503.CFE
2014/12/17,TF1503.CFE
2014/12/18,TF1503.CFE
2014/12/19,TF1503.CFE
2014/12/22,TF1503.CFE
2014/12/23,TF1503.CFE
2014/12/24,TF1503.CFE
2014/12/25,TF1503.CFE
2014/12/26,TF1503.CFE
2014/12/29,TF1503.CFE
2014/12/30,TF1503.CFE
2014/12/31,TF1503.CFE
2015/1/5,TF1503.CFE
2015/1/6,TF1503.CFE
2015/1/7,TF1503.CFE
2015/1/8,TF1503.CFE
2015/1/9,TF1503.CFE
2015/1/12,TF1503.CFE
2015/1/13,TF1503.CFE
2015/1/14,TF1503.CFE
2015/1/15,TF1503.CFE
2015/1/16,TF1503.CFE
2015/1/19,TF1503.CFE
2015/1/20,TF1503.CFE
2015/1/21,TF1503.CFE
2015/1/22,TF1503.CFE
2015/1/23,TF1503.CFE
2015/1/26,TF1503.CFE
2015/1/27,TF1503.CFE
2015/1/28,TF1503.CFE
2015/1/29,TF1503.CFE
2015/1/30,TF1503.CFE
2015/2/2,TF1503.CFE
2015/2/3,TF1503.CFE
2015/2/4,TF1503.CFE
2015/2/5,TF1506.CFE
2015/2/6,TF1506.CFE
2015/2/9,TF1506.CFE
2015/2/10,TF1506.CFE
2015/2/11,TF1506.CFE
2015/2/12,TF1506.CFE
2015/2/13,TF1506.CFE
2015/2/16,TF1506.CFE
2015/2/17,TF1506.CFE
2015/2/25,TF1506.CFE
2015/2/26,TF1506.CFE
2015/2/27,TF1506.CFE
2015/3/2,TF1506.CFE
2015/3/3,TF1506.CFE
2015/3/4,TF1506.CFE
2015/3/5,TF1506.CFE
2015/3/6,TF1506.CFE
2015/3/9,TF1506.CFE
2015/3/10,TF1506.CFE
2015/3/11,TF1506.CFE
2015/3/12,TF1506.CFE
2015/3/13,TF1506.CFE
2015/3/16,TF1506.CFE
2015/3/17,TF1506.CFE
2015/3/18,TF1506.CFE
2015/3/19,TF1506.CFE
2015/3/20,TF1506.CFE
2015/3/23,TF1506.CFE
2015/3/24,TF1506.CFE
2015/3/25,TF1506.CFE
2015/3/26,TF1506.CFE
2015/3/27,TF1506.CFE
2015/3/30,TF1506.CFE
2015/3/31,TF1506.CFE
2015/4/1,TF1506.CFE
2015/4/2,TF1506.CFE
2015/4/3,TF1506.CFE
2015/4/7,TF1506.CFE
2015/4/8,TF1506.CFE
2015/4/9,TF1506.CFE
2015/4/10,TF1506.CFE
2015/4/13,TF1506.CFE
2015/4/14,TF1506.CFE
2015/4/15,TF1506.CFE
2015/4/16,TF1506.CFE
2015/4/17,TF1506.CFE
2015/4/20,TF1506.CFE
2015/4/21,TF1506.CFE
2015/4/22,TF1506.CFE
2015/4/23,TF1506.CFE
2015/4/24,TF1506.CFE
2015/4/27,TF1506.CFE
2015/4/28,TF1506.CFE
2015/4/29,TF1506.CFE
2015/4/30,TF1506.CFE
2015/5/4,TF1506.CFE
2015/5/5,TF1506.CFE
2015/5/6,TF1506.CFE
2015/5/7,TF1506.CFE
2015/5/8,TF1506.CFE
2015/5/11,TF1506.CFE
2015/5/12,TF1506.CFE
2015/5/13,TF1506.CFE
2015/5/14,TF1506.CFE
2015/5/15,TF1506.CFE
2015/5/18,TF1509.CFE
2015/5/19,TF1509.CFE
2015/5/20,TF1509.CFE
2015/5/21,TF1509.CFE
2015/5/22,TF1509.CFE
2015/5/25,TF1509.CFE
2015/5/26,TF1509.CFE
2015/5/27,TF1509.CFE
2015/5/28,TF1509.CFE
2015/5/29,TF1509.CFE
2015/6/1,TF1509.CFE
2015/6/2,TF1509.CFE
2015/6/3,TF1509.CFE
2015/6/4,TF1509.CFE
2015/6/5,TF1509.CFE
2015/6/8,TF1509.CFE
2015/6/9,TF1509.CFE
2015/6/10,TF1509.CFE
2015/6/11,TF1509.CFE
2015/6/12,TF1509.CFE
2015/6/15,TF1509.CFE
2015/6/16,TF1509.CFE
2015/6/17,TF1509.CFE
2015/6/18,TF1509.CFE
2015/6/19,TF1509.CFE
2015/6/23,TF1509.CFE
2015/6/24,TF1509.CFE
2015/6/25,TF1509.CFE
2015/6/26,TF1509.CFE
2015/6/29,TF1509.CFE
2015/6/30,TF1509.CFE
2015/7/1,TF1509.CFE
2015/7/2,TF1509.CFE
2015/7/3,TF1509.CFE
2015/7/6,TF1509.CFE
2015/7/7,TF1509.CFE
2015/7/8,TF1509.CFE
2015/7/9,TF1509.CFE
2015/7/10,TF1509.CFE
2015/7/13,TF1509.CFE
2015/7/14,TF1509.CFE
2015/7/15,TF1509.CFE
2015/7/16,TF1509.CFE
2015/7/17,TF1509.CFE
2015/7/20,TF1509.CFE
2015/7/21,TF1509.CFE
2015/7/22,TF1509.CFE
2015/7/23,TF1509.CFE
2015/7/24,TF1509.CFE
2015/7/27,TF1509.CFE
2015/7/28,TF1509.CFE
2015/7/29,TF1509.CFE
2015/7/30,TF1509.CFE
2015/7/31,TF1509.CFE
2015/8/3,TF1509.CFE
2015/8/4,TF1509.CFE
2015/8/5,TF1509.CFE
2015/8/6,TF1509.CFE
2015/8/7,TF1509.CFE
2015/8/10,TF1509.CFE
2015/8/11,TF1509.CFE
2015/8/12,TF1509.CFE
2015/8/13,TF1509.CFE
2015/8/14,TF1509.CFE
2015/8/17,TF1509.CFE
2015/8/18,TF1509.CFE
2015/8/19,TF1512.CFE
2015/8/20,TF1512.CFE
2015/8/21,TF1512.CFE
2015/8/24,TF1512.CFE
2015/8/25,TF1512.CFE
2015/8/26,TF1512.CFE
2015/8/27,TF1512.CFE
2015/8/28,TF1512.CFE
2015/8/31,TF1512.CFE
2015/9/1,TF1512.CFE
2015/9/2,TF1512.CFE
2015/9/7,TF1512.CFE
2015/9/8,TF1512.CFE
2015/9/9,TF1512.CFE
2015/9/10,TF1512.CFE
2015/9/11,TF1512.CFE
2015/9/14,TF1512.CFE
2015/9/15,TF1512.CFE
2015/9/16,TF1512.CFE
2015/9/17,TF1512.CFE
2015/9/18,TF1512.CFE
2015/9/21,TF1512.CFE
2015/9/22,TF1512.CFE
2015/9/23,TF1512.CFE
2015/9/24,TF1512.CFE
2015/9/25,TF1512.CFE
2015/9/28,TF1512.CFE
2015/9/29,TF1512.CFE
2015/9/30,TF1512.CFE
2015/10/8,TF1512.CFE
2015/10/9,TF1512.CFE
2015/10/12,TF1512.CFE
2015/10/13,TF1512.CFE
2015/10/14,TF1512.CFE
2015/10/15,TF1512.CFE
2015/10/16,TF1512.CFE
2015/10/19,TF1512.CFE
2015/10/20,TF1512.CFE
2015/10/21,TF1512.CFE
2015/10/22,TF1512.CFE
2015/10/23,TF1512.CFE
2015/10/26,TF1512.CFE
2015/10/27,TF1512.CFE
2015/10/28,TF1512.CFE
2015/10/29,TF1512.CFE
2015/10/30,TF1512.CFE
2015/11/2,TF1512.CFE
2015/11/3,TF1512.CFE
2015/11/4,TF1512.CFE
2015/11/5,TF1512.CFE
2015/11/6,TF1512.CFE
2015/11/9,TF1512.CFE
2015/11/10,TF1512.CFE
2015/11/11,TF1512.CFE
2015/11/12,TF1512.CFE
2015/11/13,TF1512.CFE
2015/11/16,TF1512.CFE
2015/11/17,TF1512.CFE
2015/11/18,TF1512.CFE
2015/11/19,TF1603.CFE
2015/11/20,TF1603.CFE
2015/11/23,TF1603.CFE
2015/11/24,TF1603.CFE
2015/11/25,TF1603.CFE
2015/11/26,TF1603.CFE
2015/11/27,TF1603.CFE
2015/11/30,TF1603.CFE
2015/12/1,TF1603.CFE
2015/12/2,TF1603.CFE
2015/12/3,TF1603.CFE
2015/12/4,TF1603.CFE
2015/12/7,TF1603.CFE
2015/12/8,TF1603.CFE
2015/12/9,TF1603.CFE
2015/12/10,TF1603.CFE
2015/12/11,TF1603.CFE
2015/12/14,TF1603.CFE
2015/12/15,TF1603.CFE
2015/12/16,TF1603.CFE
2015/12/17,TF1603.CFE
2015/12/18,TF1603.CFE
2015/12/21,TF1603.CFE
2015/12/22,TF1603.CFE
2015/12/23,TF1603.CFE
2015/12/24,TF1603.CFE
2015/12/25,TF1603.CFE
2015/12/28,TF1603.CFE
2015/12/29,TF1603.CFE
2015/12/30,TF1603.CFE
2015/12/31,TF1603.CFE
2016/1/4,TF1603.CFE
2016/1/5,TF1603.CFE
2016/1/6,TF1603.CFE
2016/1/7,TF1603.CFE
2016/1/8,TF1603.CFE
2016/1/11,TF1603.CFE
2016/1/12,TF1603.CFE
2016/1/13,TF1603.CFE
2016/1/14,TF1603.CFE
2016/1/15,TF1603.CFE
2016/1/18,TF1603.CFE
2016/1/19,TF1603.CFE
2016/1/20,TF1603.CFE
2016/1/21,TF1603.CFE
2016/1/22,TF1603.CFE
2016/1/25,TF1603.CFE
2016/1/26,TF1603.CFE
2016/1/27,TF1603.CFE
2016/1/28,TF1603.CFE
2016/1/29,TF1603.CFE
2016/2/1,TF1603.CFE
2016/2/2,TF1603.CFE
2016/2/3,TF1603.CFE
2016/2/4,TF1603.CFE
2016/2/5,TF1603.CFE
2016/2/15,TF1606.CFE
2016/2/16,TF1606.CFE
2016/2/17,TF1606.CFE
2016/2/18,TF1606.CFE
2016/2/19,TF1606.CFE
2016/2/22,TF1606.CFE
2016/2/23,TF1606.CFE
2016/2/24,TF1606.CFE
2016/2/25,TF1606.CFE
2016/2/26,TF1606.CFE
2016/2/29,TF1606.CFE
2016/3/1,TF1606.CFE
2016/3/2,TF1606.CFE
2016/3/3,TF1606.CFE
2016/3/4,TF1606.CFE
2016/3/7,TF1606.CFE
2016/3/8,TF1606.CFE
2016/3/9,TF1606.CFE
2016/3/10,TF1606.CFE
2016/3/11,TF1606.CFE
2016/3/14,TF1606.CFE
2016/3/15,TF1606.CFE
2016/3/16,TF1606.CFE
2016/3/17,TF1606.CFE
2016/3/18,TF1606.CFE
2016/3/21,TF1606.CFE
2016/3/22,TF1606.CFE
2016/3/23,TF1606.CFE
2016/3/24,TF1606.CFE
2016/3/25,TF1606.CFE
2016/3/28,TF1606.CFE
2016/3/29,TF1606.CFE
2016/3/30,TF1606.CFE
2016/3/31,TF1606.CFE
2016/4/1,TF1606.CFE
2016/4/5,TF1606.CFE
2016/4/6,TF1606.CFE
2016/4/7,TF1606.CFE
2016/4/8,TF1606.CFE
2016/4/11,TF1606.CFE
2016/4/12,TF1606.CFE
2016/4/13,TF1606.CFE
2016/4/14,TF1606.CFE
2016/4/15,TF1606.CFE
2016/4/18,TF1606.CFE
2016/4/19,TF1606.CFE
2016/4/20,TF1606.CFE
2016/4/21,TF1606.CFE
2016/4/22,TF1606.CFE
2016/4/25,TF1606.CFE
2016/4/26,TF1606.CFE
2016/4/27,TF1606.CFE
2016/4/28,TF1606.CFE
2016/4/29,TF1609.CFE
2016/5/3,TF1609.CFE
2016/5/4,TF1609.CFE
2016/5/5,TF1609.CFE
2016/5/6,TF1609.CFE
2016/5/9,TF1609.CFE
2016/5/10,TF1609.CFE
2016/5/11,TF1609.CFE
2016/5/12,TF1609.CFE
2016/5/13,TF1609.CFE
2016/5/16,TF1609.CFE
2016/5/17,TF1609.CFE
2016/5/18,TF1609.CFE
2016/5/19,TF1609.CFE
2016/5/20,TF1609.CFE
2016/5/23,TF1609.CFE
2016/5/24,TF1609.CFE
2016/5/25,TF1609.CFE
2016/5/26,TF1609.CFE
2016/5/27,TF1609.CFE
2016/5/30,TF1609.CFE
2016/5/31,TF1609.CFE
2016/6/1,TF1609.CFE
2016/6/2,TF1609.CFE
2016/6/3,TF1609.CFE
2016/6/6,TF1609.CFE
2016/6/7,TF1609.CFE
2016/6/8,TF1609.CFE
2016/6/13,TF1609.CFE
2016/6/14,TF1609.CFE
2016/6/15,TF1609.CFE
2016/6/16,TF1609.CFE
2016/6/17,TF1609.CFE
2016/6/20,TF1609.CFE
2016/6/21,TF1609.CFE
2016/6/22,TF1609.CFE
2016/6/23,TF1609.CFE
2016/6/24,TF1609.CFE
2016/6/27,TF1609.CFE
2016/6/28,TF1609.CFE
2016/6/29,TF1609.CFE
2016/6/30,TF1609.CFE
2016/7/1,TF1609.CFE
2016/7/4,TF1609.CFE
2016/7/5,TF1609.CFE
2016/7/6,TF1609.CFE
2016/7/7,TF1609.CFE
2016/7/8,TF1609.CFE
2016/7/11,TF1609.CFE
2016/7/12,TF1609.CFE
2016/7/13,TF1609.CFE
2016/7/14,TF1609.CFE
2016/7/15,TF1609.CFE
2016/7/18,TF1609.CFE
2016/7/19,TF1609.CFE
2016/7/20,TF1609.CFE
2016/7/21,TF1609.CFE
2016/7/22,TF1609.CFE
2016/7/25,TF1609.CFE
2016/7/26,TF1609.CFE
2016/7/27,TF1609.CFE
2016/7/28,TF1609.CFE
2016/7/29,TF1609.CFE
2016/8/1,TF1609.CFE
2016/8/2,TF1609.CFE
2016/8/3,TF1609.CFE
2016/8/4,TF1609.CFE
2016/8/5,TF1609.CFE
2016/8/8,TF1609.CFE
2016/8/9,TF1609.CFE
2016/8/10,TF1609.CFE
2016/8/11,TF1609.CFE
2016/8/12,TF1612.CFE
2016/8/15,TF1612.CFE
2016/8/16,TF1612.CFE
2016/8/17,TF1612.CFE
2016/8/18,TF1612.CFE
2016/8/19,TF1612.CFE
2016/8/22,TF1612.CFE
2016/8/23,TF1612.CFE
2016/8/24,TF1612.CFE
2016/8/25,TF1612.CFE
2016/8/26,TF1612.CFE
2016/8/29,TF1612.CFE
2016/8/30,TF1612.CFE
2016/8/31,TF1612.CFE
2016/9/1,TF1612.CFE
2016/9/2,TF1612.CFE
2016/9/5,TF1612.CFE
2016/9/6,TF1612.CFE
2016/9/7,TF1612.CFE
2016/9/8,TF1612.CFE
2016/9/9,TF1612.CFE
2016/9/12,TF1612.CFE
2016/9/13,TF1612.CFE
2016/9/14,TF1612.CFE
2016/9/19,TF1612.CFE
2016/9/20,TF1612.CFE
2016/9/21,TF1612.CFE
2016/9/22,TF1612.CFE
2016/9/23,TF1612.CFE
2016/9/26,TF1612.CFE
2016/9/27,TF1612.CFE
2016/9/28,TF1612.CFE
2016/9/29,TF1612.CFE
2016/9/30,TF1612.CFE
2016/10/10,TF1612.CFE
2016/10/11,TF1612.CFE
2016/10/12,TF1612.CFE
2016/10/13,TF1612.CFE
2016/10/14,TF1612.CFE
2016/10/17,TF1612.CFE
2016/10/18,TF1612.CFE
2016/10/19,TF1612.CFE
2016/10/20,TF1612.CFE
2016/10/21,TF1612.CFE
2016/10/24,TF1612.CFE
2016/10/25,TF1612.CFE
2016/10/26,TF1612.CFE
2016/10/27,TF1612.CFE
2016/10/28,TF1612.CFE
2016/10/31,TF1612.CFE
2016/11/1,TF1612.CFE
2016/11/2,TF1612.CFE
2016/11/3,TF1612.CFE
2016/11/4,TF1612.CFE
2016/11/7,TF1612.CFE
2016/11/8,TF1612.CFE
2016/11/9,TF1612.CFE
2016/11/10,TF1612.CFE
2016/11/11,TF1703.CFE
2016/11/14,TF1703.CFE
2016/11/15,TF1703.CFE
2016/11/16,TF1703.CFE
2016/11/17,TF1703.CFE
2016/11/18,TF1703.CFE
2016/11/21,TF1703.CFE
2016/11/22,TF1703.CFE
2016/11/23,TF1703.CFE
2016/11/24,TF1703.CFE
2016/11/25,TF1703.CFE
2016/11/28,TF1703.CFE
2016/11/29,TF1703.CFE
2016/11/30,TF1703.CFE
2016/12/1,TF1703.CFE
2016/12/2,TF1703.CFE
2016/12/5,TF1703.CFE
2016/12/6,TF1703.CFE
2016/12/7,TF1703.CFE
2016/12/8,TF1703.CFE
2016/12/9,TF1703.CFE
2016/12/12,TF1703.CFE
2016/12/13,TF1703.CFE
2016/12/14,TF1703.CFE
2016/12/15,TF1703.CFE
2016/12/16,TF1703.CFE
2016/12/19,TF1703.CFE
2016/12/20,TF1703.CFE
2016/12/21,TF1703.CFE
2016/12/22,TF1703.CFE
2016/12/23,TF1703.CFE
2016/12/26,TF1703.CFE
2016/12/27,TF1703.CFE
2016/12/28,TF1703.CFE
2016/12/29,TF1703.CFE
2016/12/30,TF1703.CFE
2017/1/3,TF1703.CFE
2017/1/4,TF1703.CFE
2017/1/5,TF1703.CFE
2017/1/6,TF1703.CFE
2017/1/9,TF1703.CFE
2017/1/10,TF1703.CFE
2017/1/11,TF1703.CFE
2017/1/12,TF1703.CFE
2017/1/13,TF1703.CFE
2017/1/16,TF1703.CFE
2017/1/17,TF1703.CFE
2017/1/18,TF1703.CFE
2017/1/19,TF1703.CFE
2017/1/20,TF1703.CFE
2017/1/23,TF1703.CFE
2017/1/24,TF1703.CFE
2017/1/25,TF1706.CFE
2017/1/26,TF1706.CFE
2017/2/3,TF1706.CFE
2017/2/6,TF1706.CFE
2017/2/7,TF1706.CFE
2017/2/8,TF1706.CFE
2017/2/9,TF1706.CFE
2017/2/10,TF1706.CFE
2017/2/13,TF1706.CFE
2017/2/14,TF1706.CFE
2017/2/15,TF1706.CFE
2017/2/16,TF1706.CFE
2017/2/17,TF1706.CFE
2017/2/20,TF1706.CFE
2017/2/21,TF1706.CFE
2017/2/22,TF1706.CFE
2017/2/23,TF1706.CFE
2017/2/24,TF1706.CFE
2017/2/27,TF1706.CFE
2017/2/28,TF1706.CFE
2017/3/1,TF1706.CFE
2017/3/2,TF1706.CFE
2017/3/3,TF1706.CFE
2017/3/6,TF1706.CFE
2017/3/7,TF1706.CFE
2017/3/8,TF1706.CFE
2017/3/9,TF1706.CFE
2017/3/10,TF1706.CFE
2017/3/13,TF1706.CFE
2017/3/14,TF1706.CFE
2017/3/15,TF1706.CFE
2017/3/16,TF1706.CFE
2017/3/17,TF1706.CFE
2017/3/20,TF1706.CFE
2017/3/21,TF1706.CFE
2017/3/22,TF1706.CFE
2017/3/23,TF1706.CFE
2017/3/24,TF1706.CFE
2017/3/27,TF1706.CFE
2017/3/28,TF1706.CFE
2017/3/29,TF1706.CFE
2017/3/30,TF1706.CFE
2017/3/31,TF1706.CFE
2017/4/5,TF1706.CFE
2017/4/6,TF1706.CFE
2017/4/7,TF1706.CFE
2017/4/10,TF1706.CFE
2017/4/11,TF1706.CFE
2017/4/12,TF1706.CFE
2017/4/13,TF1706.CFE
2017/4/14,TF1706.CFE
2017/4/17,TF1706.CFE
2017/4/18,TF1706.CFE
2017/4/19,TF1706.CFE
2017/4/20,TF1706.CFE
2017/4/21,TF1706.CFE
2017/4/24,TF1706.CFE
2017/4/25,TF1706.CFE
2017/4/26,TF1706.CFE
2017/4/27,TF1706.CFE
2017/4/28,TF1706.CFE
2017/5/2,TF1706.CFE
2017/5/3,TF1706.CFE
2017/5/4,TF1706.CFE
2017/5/5,TF1706.CFE
2017/5/8,TF1706.CFE
2017/5/9,TF1706.CFE
2017/5/10,TF1706.CFE
2017/5/11,TF1706.CFE
2017/5/12,TF1709.CFE
2017/5/15,TF1709.CFE
2017/5/16,TF1709.CFE
2017/5/17,TF1709.CFE
2017/5/18,TF1709.CFE
2017/5/19,TF1709.CFE
2017/5/22,TF1709.CFE
2017/5/23,TF1709.CFE
2017/5/24,TF1709.CFE
2017/5/25,TF1709.CFE
2017/5/26,TF1709.CFE
2017/5/31,TF1709.CFE
2017/6/1,TF1709.CFE
2017/6/2,TF1709.CFE
2017/6/5,TF1709.CFE
2017/6/6,TF1709.CFE
2017/6/7,TF1709.CFE
2017/6/8,TF1709.CFE
2017/6/9,TF1709.CFE
2017/6/12,TF1709.CFE
2017/6/13,TF1709.CFE
2017/6/14,TF1709.CFE
2017/6/15,TF1709.CFE
2017/6/16,TF1709.CFE
2017/6/19,TF1709.CFE
2017/6/20,TF1709.CFE
2017/6/21,TF1709.CFE
2017/6/22,TF1709.CFE
2017/6/23,TF1709.CFE
2017/6/26,TF1709.CFE
2017/6/27,TF1709.CFE
2017/6/28,TF1709.CFE
2017/6/29,TF1709.CFE
2017/6/30,TF1709.CFE
2017/7/3,TF1709.CFE
2017/7/4,TF1709.CFE
2017/7/5,TF1709.CFE
2017/7/6,TF1709.CFE
2017/7/7,TF1709.CFE
2017/7/10,TF1709.CFE
2017/7/11,TF1709.CFE
2017/7/12,TF1709.CFE
2017/7/13,TF1709.CFE
2017/7/14,TF1709.CFE
2017/7/17,TF1709.CFE
2017/7/18,TF1709.CFE
2017/7/19,TF1709.CFE
2017/7/20,TF1709.CFE
2017/7/21,TF1709.CFE
2017/7/24,TF1709.CFE
2017/7/25,TF1709.CFE
2017/7/26,TF1709.CFE
2017/7/27,TF1709.CFE
2017/7/28,TF1709.CFE
2017/7/31,TF1709.CFE
2017/8/1,TF1709.CFE
2017/8/2,TF1709.CFE
2017/8/3,TF1709.CFE
2017/8/4,TF1709.CFE
2017/8/7,TF1709.CFE
2017/8/8,TF1709.CFE
2017/8/9,TF1709.CFE
2017/8/10,TF1709.CFE
2017/8/11,TF1712.CFE
2017/8/14,TF1712.CFE
2017/8/15,TF1712.CFE
2017/8/16,TF1712.CFE
2017/8/17,TF1712.CFE
2017/8/18,TF1712.CFE
2017/8/21,TF1712.CFE
2017/8/22,TF1712.CFE
2017/8/23,TF1712.CFE
2017/8/24,TF1712.CFE
2017/8/25,TF1712.CFE
2017/8/28,TF1712.CFE
2017/8/29,TF1712.CFE
2017/8/30,TF1712.CFE
2017/8/31,TF1712.CFE
2017/9/1,TF1712.CFE
2017/9/4,TF1712.CFE
2017/9/5,TF1712.CFE
2017/9/6,TF1712.CFE
2017/9/7,TF1712.CFE
2017/9/8,TF1712.CFE
2017/9/11,TF1712.CFE
2017/9/12,TF1712.CFE
2017/9/13,TF1712.CFE
2017/9/14,TF1712.CFE
2017/9/15,TF1712.CFE
2017/9/18,TF1712.CFE
2017/9/19,TF1712.CFE
2017/9/20,TF1712.CFE
2017/9/21,TF1712.CFE
2017/9/22,TF1712.CFE
2017/9/25,TF1712.CFE
2017/9/26,TF1712.CFE
2017/9/27,TF1712.CFE
2017/9/28,TF1712.CFE
2017/9/29,TF1712.CFE
2017/10/9,TF1712.CFE
2017/10/10,TF1712.CFE
2017/10/11,TF1712.CFE
2017/10/12,TF1712.CFE
2017/10/13,TF1712.CFE
2017/10/16,TF1712.CFE
2017/10/17,TF1712.CFE
2017/10/18,TF1712.CFE
2017/10/19,TF1712.CFE
2017/10/20,TF1712.CFE
2017/10/23,TF1712.CFE
2017/10/24,TF1712.CFE
2017/10/25,TF1712.CFE
2017/10/26,TF1712.CFE
2017/10/27,TF1712.CFE
2017/10/30,TF1712.CFE
2017/10/31,TF1712.CFE
2017/11/1,TF1712.CFE
2017/11/2,TF1712.CFE
2017/11/3,TF1712.CFE
2017/11/6,TF1712.CFE
2017/11/7,TF1712.CFE
2017/11/8,TF1712.CFE
2017/11/9,TF1712.CFE
2017/11/10,TF1712.CFE
2017/11/13,TF1803.CFE
2017/11/14,TF1803.CFE
2017/11/15,TF1803.CFE
2017/11/16,TF1803.CFE
2017/11/17,TF1803.CFE
2017/11/20,TF1803.CFE
2017/11/21,TF1803.CFE
2017/11/22,TF1803.CFE
2017/11/23,TF1803.CFE
2017/11/24,TF1803.CFE
2017/11/27,TF1803.CFE
2017/11/28,TF1803.CFE
2017/11/29,TF1803.CFE
2017/11/30,TF1803.CFE
2017/12/1,TF1803.CFE
2017/12/4,TF1803.CFE
2017/12/5,TF1803.CFE
2017/12/6,TF1803.CFE
2017/12/7,TF1803.CFE
2017/12/8,TF1803.CFE
2017/12/11,TF1803.CFE
2017/12/12,TF1803.CFE
2017/12/13,TF1803.CFE
2017/12/14,TF1803.CFE
2017/12/15,TF1803.CFE
2017/12/18,TF1803.CFE
2017/12/19,TF1803.CFE
2017/12/20,TF1803.CFE
2017/12/21,TF1803.CFE
2017/12/22,TF1803.CFE
2017/12/25,TF1803.CFE
2017/12/26,TF1803.CFE
2017/12/27,TF1803.CFE
2017/12/28,TF1803.CFE
2017/12/29,TF1803.CFE
2018/1/2,TF1803.CFE
2018/1/3,TF1803.CFE
2018/1/4,TF1803.CFE
2018/1/5,TF1803.CFE
2018/1/8,TF1803.CFE
2018/1/9,TF1803.CFE
2018/1/10,TF1803.CFE
2018/1/11,TF1803.CFE
2018/1/12,TF1803.CFE
2018/1/15,TF1803.CFE
2018/1/16,TF1803.CFE
2018/1/17,TF1803.CFE
