,CS1503.DCE,CS1505.DCE,CS1507.DCE,CS1509.DCE,CS1511.DCE,CS1601.DCE,CS1603.DCE,CS1605.DCE,CS1607.DCE,CS1609.DCE,CS1611.DCE,CS1701.DCE,CS1703.DCE,CS1705.DCE,CS1707.DCE,CS1709.DCE,CS1711.DCE,CS1801.DCE,CS1803.DCE,CS1805.DCE,CS1807.DCE,CS1809.DCE,CS1811.DCE,CS1901.DCE,CS1903.DCE
2014-12-19,156.0,29124.0,30.0,4922.0,10.0,,,,,,,,,,,,,,,,,,,,
2014-12-22,50.0,26170.0,0.0,2976.0,0.0,,,,,,,,,,,,,,,,,,,,
2014-12-23,8.0,18726.0,0.0,690.0,12.0,,,,,,,,,,,,,,,,,,,,
2014-12-24,50.0,8284.0,0.0,504.0,6.0,,,,,,,,,,,,,,,,,,,,
2014-12-25,8.0,20260.0,6.0,748.0,0.0,,,,,,,,,,,,,,,,,,,,
2014-12-26,12.0,9158.0,0.0,348.0,0.0,,,,,,,,,,,,,,,,,,,,
2014-12-29,54.0,5406.0,2.0,778.0,0.0,,,,,,,,,,,,,,,,,,,,
2014-12-30,18.0,9056.0,0.0,644.0,0.0,,,,,,,,,,,,,,,,,,,,
2014-12-31,44.0,5280.0,0.0,376.0,0.0,,,,,,,,,,,,,,,,,,,,
2015-01-05,24.0,13408.0,0.0,1392.0,0.0,,,,,,,,,,,,,,,,,,,,
2015-01-06,8.0,28882.0,0.0,2484.0,2.0,,,,,,,,,,,,,,,,,,,,
2015-01-07,4.0,16506.0,0.0,818.0,0.0,,,,,,,,,,,,,,,,,,,,
2015-01-08,0.0,10858.0,0.0,720.0,6.0,,,,,,,,,,,,,,,,,,,,
2015-01-09,14.0,12278.0,0.0,854.0,0.0,,,,,,,,,,,,,,,,,,,,
2015-01-12,0.0,8452.0,0.0,530.0,0.0,,,,,,,,,,,,,,,,,,,,
2015-01-13,0.0,10230.0,0.0,1242.0,0.0,,,,,,,,,,,,,,,,,,,,
2015-01-14,14.0,8676.0,0.0,626.0,0.0,,,,,,,,,,,,,,,,,,,,
2015-01-15,4.0,7404.0,0.0,324.0,0.0,,,,,,,,,,,,,,,,,,,,
2015-01-16,0.0,11940.0,0.0,1064.0,0.0,,,,,,,,,,,,,,,,,,,,
2015-01-19,8.0,9284.0,0.0,586.0,4.0,12.0,,,,,,,,,,,,,,,,,,,
2015-01-20,12.0,4142.0,0.0,234.0,10.0,0.0,,,,,,,,,,,,,,,,,,,
2015-01-21,20.0,7186.0,0.0,932.0,4.0,18.0,,,,,,,,,,,,,,,,,,,
2015-01-22,0.0,10236.0,0.0,1316.0,4.0,2.0,,,,,,,,,,,,,,,,,,,
2015-01-23,0.0,4912.0,0.0,636.0,0.0,4.0,,,,,,,,,,,,,,,,,,,
2015-01-26,0.0,5054.0,0.0,1008.0,0.0,0.0,,,,,,,,,,,,,,,,,,,
2015-01-27,36.0,12686.0,0.0,2056.0,0.0,0.0,,,,,,,,,,,,,,,,,,,
2015-01-28,8.0,13162.0,0.0,1634.0,0.0,8.0,,,,,,,,,,,,,,,,,,,
2015-01-29,4.0,23132.0,22.0,1300.0,0.0,26.0,,,,,,,,,,,,,,,,,,,
2015-01-30,0.0,14918.0,2.0,888.0,2.0,0.0,,,,,,,,,,,,,,,,,,,
2015-02-02,0.0,11744.0,0.0,948.0,0.0,0.0,,,,,,,,,,,,,,,,,,,
2015-02-03,0.0,9956.0,0.0,836.0,0.0,0.0,,,,,,,,,,,,,,,,,,,
2015-02-04,0.0,11042.0,2.0,1712.0,0.0,26.0,,,,,,,,,,,,,,,,,,,
2015-02-05,16.0,55740.0,24.0,6918.0,4.0,84.0,,,,,,,,,,,,,,,,,,,
2015-02-06,0.0,13580.0,0.0,2700.0,0.0,30.0,,,,,,,,,,,,,,,,,,,
2015-02-09,0.0,42018.0,0.0,4462.0,0.0,76.0,,,,,,,,,,,,,,,,,,,
2015-02-10,10.0,35920.0,0.0,7426.0,0.0,280.0,,,,,,,,,,,,,,,,,,,
2015-02-11,0.0,21656.0,0.0,6686.0,0.0,90.0,,,,,,,,,,,,,,,,,,,
2015-02-12,2.0,30088.0,0.0,8438.0,0.0,264.0,,,,,,,,,,,,,,,,,,,
2015-02-13,0.0,21888.0,0.0,8236.0,0.0,58.0,,,,,,,,,,,,,,,,,,,
2015-02-16,38.0,8348.0,6.0,3648.0,0.0,0.0,,,,,,,,,,,,,,,,,,,
2015-02-17,126.0,13600.0,0.0,3182.0,0.0,12.0,,,,,,,,,,,,,,,,,,,
2015-02-25,2.0,10708.0,0.0,3810.0,0.0,58.0,,,,,,,,,,,,,,,,,,,
2015-02-26,0.0,14028.0,0.0,10708.0,0.0,130.0,,,,,,,,,,,,,,,,,,,
2015-02-27,26.0,16064.0,0.0,5732.0,0.0,90.0,,,,,,,,,,,,,,,,,,,
2015-03-02,12.0,9402.0,0.0,4228.0,0.0,74.0,,,,,,,,,,,,,,,,,,,
2015-03-03,0.0,11430.0,0.0,6996.0,0.0,24.0,,,,,,,,,,,,,,,,,,,
2015-03-04,0.0,19288.0,20.0,8828.0,0.0,78.0,,,,,,,,,,,,,,,,,,,
2015-03-05,0.0,18946.0,0.0,8612.0,0.0,18.0,,,,,,,,,,,,,,,,,,,
2015-03-06,0.0,10942.0,0.0,5868.0,0.0,42.0,,,,,,,,,,,,,,,,,,,
2015-03-09,0.0,17332.0,0.0,7878.0,0.0,18.0,,,,,,,,,,,,,,,,,,,
2015-03-10,30.0,97354.0,0.0,14976.0,4.0,28.0,,,,,,,,,,,,,,,,,,,
2015-03-11,0.0,121256.0,0.0,23272.0,0.0,106.0,,,,,,,,,,,,,,,,,,,
2015-03-12,22.0,66786.0,0.0,10104.0,2.0,60.0,,,,,,,,,,,,,,,,,,,
2015-03-13,0.0,77968.0,0.0,20146.0,0.0,146.0,,,,,,,,,,,,,,,,,,,
2015-03-16,,98416.0,0.0,21508.0,2.0,64.0,0.0,,,,,,,,,,,,,,,,,,
2015-03-17,,38734.0,0.0,8872.0,0.0,6.0,0.0,,,,,,,,,,,,,,,,,,
2015-03-18,,48746.0,0.0,18166.0,0.0,42.0,0.0,,,,,,,,,,,,,,,,,,
2015-03-19,,36680.0,0.0,22624.0,0.0,110.0,4.0,,,,,,,,,,,,,,,,,,
2015-03-20,,47472.0,0.0,18592.0,4.0,200.0,0.0,,,,,,,,,,,,,,,,,,
2015-03-23,,18256.0,0.0,13296.0,0.0,84.0,0.0,,,,,,,,,,,,,,,,,,
2015-03-24,,72272.0,20.0,31608.0,0.0,456.0,0.0,,,,,,,,,,,,,,,,,,
2015-03-25,,36818.0,6.0,30762.0,0.0,408.0,2.0,,,,,,,,,,,,,,,,,,
2015-03-26,,25556.0,0.0,14360.0,0.0,636.0,0.0,,,,,,,,,,,,,,,,,,
2015-03-27,,86776.0,2.0,41482.0,0.0,170.0,0.0,,,,,,,,,,,,,,,,,,
2015-03-30,,27382.0,6.0,27092.0,0.0,114.0,2.0,,,,,,,,,,,,,,,,,,
2015-03-31,,33536.0,0.0,20698.0,0.0,324.0,0.0,,,,,,,,,,,,,,,,,,
2015-04-01,,63596.0,2.0,48224.0,0.0,536.0,0.0,,,,,,,,,,,,,,,,,,
2015-04-02,,21272.0,2.0,23914.0,4.0,922.0,0.0,,,,,,,,,,,,,,,,,,
2015-04-03,,15642.0,2.0,20966.0,0.0,142.0,0.0,,,,,,,,,,,,,,,,,,
2015-04-07,,7214.0,0.0,24478.0,0.0,296.0,46.0,,,,,,,,,,,,,,,,,,
2015-04-08,,21356.0,0.0,63290.0,0.0,398.0,2.0,,,,,,,,,,,,,,,,,,
2015-04-09,,5880.0,0.0,32340.0,0.0,234.0,2.0,,,,,,,,,,,,,,,,,,
2015-04-10,,6948.0,6.0,44112.0,0.0,488.0,0.0,,,,,,,,,,,,,,,,,,
2015-04-13,,5664.0,2.0,76314.0,0.0,1222.0,2.0,,,,,,,,,,,,,,,,,,
2015-04-14,,2958.0,0.0,45220.0,0.0,524.0,0.0,,,,,,,,,,,,,,,,,,
2015-04-15,,4766.0,0.0,88170.0,2.0,380.0,0.0,,,,,,,,,,,,,,,,,,
2015-04-16,,1942.0,18.0,37092.0,0.0,160.0,4.0,,,,,,,,,,,,,,,,,,
2015-04-17,,1448.0,0.0,33852.0,0.0,160.0,4.0,,,,,,,,,,,,,,,,,,
2015-04-20,,550.0,0.0,31106.0,0.0,86.0,0.0,,,,,,,,,,,,,,,,,,
2015-04-21,,844.0,0.0,31260.0,0.0,164.0,0.0,,,,,,,,,,,,,,,,,,
2015-04-22,,526.0,0.0,20688.0,0.0,160.0,0.0,,,,,,,,,,,,,,,,,,
2015-04-23,,184.0,2.0,21454.0,0.0,244.0,0.0,,,,,,,,,,,,,,,,,,
2015-04-24,,322.0,0.0,42390.0,0.0,376.0,0.0,,,,,,,,,,,,,,,,,,
2015-04-27,,470.0,0.0,14366.0,0.0,192.0,0.0,,,,,,,,,,,,,,,,,,
2015-04-28,,490.0,0.0,45442.0,0.0,706.0,0.0,,,,,,,,,,,,,,,,,,
2015-04-29,,260.0,24.0,25622.0,2.0,362.0,4.0,,,,,,,,,,,,,,,,,,
2015-04-30,,588.0,0.0,28902.0,0.0,232.0,0.0,,,,,,,,,,,,,,,,,,
2015-05-04,,308.0,0.0,47982.0,0.0,1048.0,2.0,,,,,,,,,,,,,,,,,,
2015-05-05,,0.0,0.0,21168.0,0.0,492.0,14.0,,,,,,,,,,,,,,,,,,
2015-05-06,,0.0,8.0,15402.0,2.0,436.0,10.0,,,,,,,,,,,,,,,,,,
2015-05-07,,0.0,0.0,67812.0,8.0,1010.0,54.0,,,,,,,,,,,,,,,,,,
2015-05-08,,0.0,0.0,23924.0,0.0,554.0,0.0,,,,,,,,,,,,,,,,,,
2015-05-11,,148.0,0.0,17034.0,8.0,280.0,100.0,,,,,,,,,,,,,,,,,,
2015-05-12,,114.0,4.0,18532.0,0.0,356.0,0.0,,,,,,,,,,,,,,,,,,
2015-05-13,,0.0,0.0,22320.0,0.0,668.0,8.0,,,,,,,,,,,,,,,,,,
2015-05-14,,120.0,0.0,25634.0,2.0,196.0,2.0,,,,,,,,,,,,,,,,,,
2015-05-15,,0.0,0.0,24632.0,0.0,606.0,4.0,,,,,,,,,,,,,,,,,,
2015-05-18,,,0.0,13512.0,0.0,376.0,4.0,12.0,,,,,,,,,,,,,,,,,
2015-05-19,,,0.0,14586.0,0.0,336.0,0.0,0.0,,,,,,,,,,,,,,,,,
2015-05-20,,,0.0,27680.0,0.0,592.0,0.0,0.0,,,,,,,,,,,,,,,,,
2015-05-21,,,0.0,12350.0,0.0,630.0,0.0,0.0,,,,,,,,,,,,,,,,,
2015-05-22,,,0.0,14832.0,0.0,446.0,0.0,0.0,,,,,,,,,,,,,,,,,
2015-05-25,,,0.0,26002.0,0.0,1236.0,6.0,28.0,,,,,,,,,,,,,,,,,
2015-05-26,,,0.0,31174.0,4.0,1268.0,0.0,20.0,,,,,,,,,,,,,,,,,
2015-05-27,,,0.0,27890.0,0.0,1324.0,32.0,36.0,,,,,,,,,,,,,,,,,
2015-05-28,,,0.0,24832.0,0.0,576.0,0.0,10.0,,,,,,,,,,,,,,,,,
2015-05-29,,,2.0,15792.0,0.0,748.0,0.0,16.0,,,,,,,,,,,,,,,,,
2015-06-01,,,2.0,11798.0,4.0,484.0,0.0,2.0,,,,,,,,,,,,,,,,,
2015-06-02,,,0.0,7616.0,0.0,518.0,10.0,12.0,,,,,,,,,,,,,,,,,
2015-06-03,,,0.0,10942.0,0.0,544.0,0.0,2.0,,,,,,,,,,,,,,,,,
2015-06-04,,,0.0,31070.0,0.0,3022.0,6.0,8.0,,,,,,,,,,,,,,,,,
2015-06-05,,,0.0,15198.0,0.0,1184.0,6.0,14.0,,,,,,,,,,,,,,,,,
2015-06-08,,,10.0,46204.0,0.0,4888.0,4.0,8.0,,,,,,,,,,,,,,,,,
2015-06-09,,,0.0,12972.0,0.0,1666.0,0.0,6.0,,,,,,,,,,,,,,,,,
2015-06-10,,,8.0,20344.0,0.0,2088.0,0.0,10.0,,,,,,,,,,,,,,,,,
2015-06-11,,,0.0,11806.0,0.0,1202.0,0.0,4.0,,,,,,,,,,,,,,,,,
2015-06-12,,,0.0,17136.0,0.0,932.0,0.0,4.0,,,,,,,,,,,,,,,,,
2015-06-15,,,20.0,24688.0,0.0,948.0,0.0,2.0,,,,,,,,,,,,,,,,,
2015-06-16,,,2.0,16854.0,0.0,932.0,2.0,4.0,,,,,,,,,,,,,,,,,
2015-06-17,,,0.0,12160.0,0.0,804.0,0.0,14.0,,,,,,,,,,,,,,,,,
2015-06-18,,,0.0,11930.0,0.0,598.0,0.0,0.0,,,,,,,,,,,,,,,,,
2015-06-19,,,0.0,9794.0,0.0,478.0,0.0,0.0,,,,,,,,,,,,,,,,,
2015-06-23,,,4.0,13790.0,0.0,818.0,0.0,0.0,,,,,,,,,,,,,,,,,
2015-06-24,,,0.0,18352.0,0.0,1094.0,0.0,0.0,,,,,,,,,,,,,,,,,
2015-06-25,,,0.0,10748.0,2.0,430.0,0.0,8.0,,,,,,,,,,,,,,,,,
2015-06-26,,,0.0,12668.0,0.0,540.0,0.0,0.0,,,,,,,,,,,,,,,,,
2015-06-29,,,0.0,12822.0,0.0,854.0,0.0,0.0,,,,,,,,,,,,,,,,,
2015-06-30,,,2.0,9882.0,4.0,564.0,0.0,18.0,,,,,,,,,,,,,,,,,
2015-07-01,,,210.0,10032.0,0.0,1038.0,0.0,2.0,,,,,,,,,,,,,,,,,
2015-07-02,,,0.0,5954.0,0.0,1114.0,0.0,2.0,,,,,,,,,,,,,,,,,
2015-07-03,,,12.0,7222.0,0.0,824.0,0.0,4.0,,,,,,,,,,,,,,,,,
2015-07-06,,,30.0,9878.0,0.0,958.0,0.0,2.0,,,,,,,,,,,,,,,,,
2015-07-07,,,0.0,11536.0,0.0,1602.0,0.0,12.0,,,,,,,,,,,,,,,,,
2015-07-08,,,0.0,111586.0,0.0,2608.0,2.0,74.0,,,,,,,,,,,,,,,,,
2015-07-09,,,0.0,49548.0,0.0,4406.0,2.0,34.0,,,,,,,,,,,,,,,,,
2015-07-10,,,0.0,21554.0,0.0,1666.0,0.0,8.0,,,,,,,,,,,,,,,,,
2015-07-13,,,0.0,18820.0,0.0,1222.0,8.0,10.0,,,,,,,,,,,,,,,,,
2015-07-14,,,0.0,6572.0,0.0,2594.0,0.0,26.0,,,,,,,,,,,,,,,,,
2015-07-15,,,,3930.0,0.0,1934.0,0.0,4.0,0.0,,,,,,,,,,,,,,,,
2015-07-16,,,,14868.0,0.0,9600.0,0.0,18.0,0.0,,,,,,,,,,,,,,,,
2015-07-17,,,,11596.0,0.0,3986.0,0.0,20.0,0.0,,,,,,,,,,,,,,,,
2015-07-20,,,,11518.0,0.0,2312.0,0.0,2.0,0.0,,,,,,,,,,,,,,,,
2015-07-21,,,,7586.0,0.0,3316.0,0.0,4.0,0.0,,,,,,,,,,,,,,,,
2015-07-22,,,,6164.0,0.0,3918.0,0.0,6.0,0.0,,,,,,,,,,,,,,,,
2015-07-23,,,,4436.0,0.0,3490.0,0.0,18.0,0.0,,,,,,,,,,,,,,,,
2015-07-24,,,,6172.0,0.0,5852.0,16.0,26.0,0.0,,,,,,,,,,,,,,,,
2015-07-27,,,,9206.0,0.0,10246.0,6.0,102.0,0.0,,,,,,,,,,,,,,,,
2015-07-28,,,,4138.0,0.0,10194.0,2.0,142.0,0.0,,,,,,,,,,,,,,,,
2015-07-29,,,,4352.0,0.0,5058.0,6.0,202.0,0.0,,,,,,,,,,,,,,,,
2015-07-30,,,,1390.0,0.0,7418.0,2.0,158.0,0.0,,,,,,,,,,,,,,,,
2015-07-31,,,,1490.0,0.0,8214.0,2.0,2000.0,0.0,,,,,,,,,,,,,,,,
2015-08-03,,,,2658.0,0.0,20690.0,0.0,672.0,10.0,,,,,,,,,,,,,,,,
2015-08-04,,,,3382.0,0.0,16192.0,0.0,712.0,8.0,,,,,,,,,,,,,,,,
2015-08-05,,,,3542.0,0.0,14308.0,0.0,148.0,2.0,,,,,,,,,,,,,,,,
2015-08-06,,,,1842.0,0.0,7088.0,0.0,210.0,0.0,,,,,,,,,,,,,,,,
2015-08-07,,,,1588.0,0.0,9034.0,0.0,324.0,0.0,,,,,,,,,,,,,,,,
2015-08-10,,,,2234.0,0.0,29562.0,4.0,1296.0,0.0,,,,,,,,,,,,,,,,
2015-08-11,,,,1368.0,0.0,20562.0,6.0,1336.0,2.0,,,,,,,,,,,,,,,,
2015-08-12,,,,440.0,0.0,17340.0,0.0,928.0,0.0,,,,,,,,,,,,,,,,
2015-08-13,,,,1808.0,0.0,48152.0,0.0,2162.0,2.0,,,,,,,,,,,,,,,,
2015-08-14,,,,282.0,0.0,33966.0,0.0,1826.0,0.0,,,,,,,,,,,,,,,,
2015-08-17,,,,970.0,0.0,16734.0,2.0,600.0,0.0,,,,,,,,,,,,,,,,
2015-08-18,,,,382.0,0.0,13478.0,0.0,202.0,0.0,,,,,,,,,,,,,,,,
2015-08-19,,,,288.0,0.0,18974.0,4.0,1570.0,2.0,,,,,,,,,,,,,,,,
2015-08-20,,,,346.0,0.0,17438.0,8.0,560.0,0.0,,,,,,,,,,,,,,,,
2015-08-21,,,,550.0,0.0,13322.0,2.0,280.0,0.0,,,,,,,,,,,,,,,,
2015-08-24,,,,342.0,0.0,25742.0,0.0,394.0,0.0,,,,,,,,,,,,,,,,
2015-08-25,,,,268.0,0.0,30620.0,0.0,414.0,0.0,,,,,,,,,,,,,,,,
2015-08-26,,,,1420.0,0.0,16864.0,0.0,246.0,0.0,,,,,,,,,,,,,,,,
2015-08-27,,,,868.0,0.0,28318.0,0.0,248.0,0.0,,,,,,,,,,,,,,,,
2015-08-28,,,,1466.0,0.0,27300.0,0.0,488.0,0.0,,,,,,,,,,,,,,,,
2015-08-31,,,,732.0,0.0,35024.0,0.0,332.0,16.0,,,,,,,,,,,,,,,,
2015-09-01,,,,144.0,0.0,37382.0,14.0,956.0,0.0,,,,,,,,,,,,,,,,
2015-09-02,,,,1682.0,0.0,33166.0,0.0,3520.0,0.0,,,,,,,,,,,,,,,,
2015-09-07,,,,240.0,0.0,37204.0,0.0,3536.0,0.0,,,,,,,,,,,,,,,,
2015-09-08,,,,60.0,0.0,22160.0,6.0,2526.0,0.0,,,,,,,,,,,,,,,,
2015-09-09,,,,0.0,0.0,39758.0,50.0,3002.0,0.0,,,,,,,,,,,,,,,,
2015-09-10,,,,112.0,0.0,81900.0,8.0,4298.0,0.0,,,,,,,,,,,,,,,,
2015-09-11,,,,0.0,0.0,34206.0,2.0,4958.0,0.0,,,,,,,,,,,,,,,,
2015-09-14,,,,200.0,0.0,44248.0,0.0,6924.0,0.0,,,,,,,,,,,,,,,,
2015-09-15,,,,108.0,0.0,35166.0,12.0,4468.0,0.0,,,,,,,,,,,,,,,,
2015-09-16,,,,0.0,0.0,51320.0,10.0,12144.0,0.0,,,,,,,,,,,,,,,,
2015-09-17,,,,,0.0,35002.0,0.0,9342.0,0.0,3716.0,,,,,,,,,,,,,,,
2015-09-18,,,,,0.0,99692.0,2.0,26904.0,0.0,4474.0,,,,,,,,,,,,,,,
2015-09-21,,,,,0.0,78894.0,4.0,23360.0,0.0,8040.0,,,,,,,,,,,,,,,
2015-09-22,,,,,2.0,76178.0,2.0,21622.0,0.0,2174.0,,,,,,,,,,,,,,,
2015-09-23,,,,,0.0,73938.0,0.0,14818.0,0.0,1356.0,,,,,,,,,,,,,,,
2015-09-24,,,,,0.0,29916.0,0.0,11868.0,0.0,1640.0,,,,,,,,,,,,,,,
2015-09-25,,,,,0.0,30298.0,0.0,6714.0,0.0,1108.0,,,,,,,,,,,,,,,
2015-09-28,,,,,16.0,25588.0,0.0,9644.0,0.0,572.0,,,,,,,,,,,,,,,
2015-09-29,,,,,0.0,47366.0,0.0,16992.0,0.0,2390.0,,,,,,,,,,,,,,,
2015-09-30,,,,,0.0,63752.0,10.0,24904.0,0.0,4222.0,,,,,,,,,,,,,,,
2015-10-08,,,,,0.0,168204.0,46.0,39340.0,0.0,8684.0,,,,,,,,,,,,,,,
2015-10-09,,,,,0.0,170228.0,10.0,56412.0,2.0,12238.0,,,,,,,,,,,,,,,
2015-10-12,,,,,0.0,104436.0,12.0,40028.0,0.0,8392.0,,,,,,,,,,,,,,,
2015-10-13,,,,,0.0,273952.0,52.0,69036.0,0.0,15640.0,,,,,,,,,,,,,,,
2015-10-14,,,,,0.0,307042.0,16.0,101920.0,0.0,14946.0,,,,,,,,,,,,,,,
2015-10-15,,,,,24.0,193130.0,6.0,64572.0,0.0,10276.0,,,,,,,,,,,,,,,
2015-10-16,,,,,4.0,219190.0,18.0,80176.0,0.0,12376.0,,,,,,,,,,,,,,,
2015-10-19,,,,,0.0,224298.0,10.0,83454.0,0.0,10700.0,,,,,,,,,,,,,,,
2015-10-20,,,,,0.0,178186.0,10.0,71758.0,0.0,10508.0,,,,,,,,,,,,,,,
2015-10-21,,,,,0.0,138044.0,0.0,51326.0,6.0,13462.0,,,,,,,,,,,,,,,
2015-10-22,,,,,0.0,413896.0,16.0,117608.0,2.0,17104.0,,,,,,,,,,,,,,,
2015-10-23,,,,,0.0,297504.0,6.0,89176.0,0.0,8242.0,,,,,,,,,,,,,,,
2015-10-26,,,,,0.0,390200.0,12.0,157486.0,0.0,25724.0,,,,,,,,,,,,,,,
2015-10-27,,,,,2.0,360684.0,4.0,152526.0,0.0,16586.0,,,,,,,,,,,,,,,
2015-10-28,,,,,0.0,295810.0,44.0,132694.0,0.0,7558.0,,,,,,,,,,,,,,,
2015-10-29,,,,,0.0,356126.0,2.0,97990.0,2.0,9596.0,,,,,,,,,,,,,,,
2015-10-30,,,,,0.0,380236.0,22.0,81968.0,0.0,13118.0,,,,,,,,,,,,,,,
2015-11-02,,,,,2.0,207030.0,4.0,61116.0,0.0,13950.0,,,,,,,,,,,,,,,
2015-11-03,,,,,0.0,372512.0,4.0,189172.0,0.0,23786.0,,,,,,,,,,,,,,,
2015-11-04,,,,,0.0,340662.0,86.0,211174.0,0.0,23098.0,,,,,,,,,,,,,,,
2015-11-05,,,,,0.0,280308.0,50.0,172764.0,0.0,12816.0,,,,,,,,,,,,,,,
2015-11-06,,,,,0.0,410764.0,24.0,211760.0,0.0,14282.0,,,,,,,,,,,,,,,
2015-11-09,,,,,0.0,743814.0,36.0,492038.0,0.0,61834.0,,,,,,,,,,,,,,,
2015-11-10,,,,,0.0,619364.0,126.0,500188.0,0.0,48996.0,,,,,,,,,,,,,,,
2015-11-11,,,,,0.0,543008.0,0.0,269316.0,0.0,33300.0,,,,,,,,,,,,,,,
2015-11-12,,,,,0.0,1008772.0,26.0,818774.0,0.0,101978.0,,,,,,,,,,,,,,,
2015-11-13,,,,,0.0,659276.0,10.0,603126.0,10.0,49350.0,,,,,,,,,,,,,,,
2015-11-16,,,,,,611624.0,24.0,714682.0,14.0,43982.0,0.0,,,,,,,,,,,,,,
2015-11-17,,,,,,441506.0,10.0,754336.0,10.0,30390.0,20.0,,,,,,,,,,,,,,
2015-11-18,,,,,,342690.0,6.0,832008.0,0.0,73236.0,26.0,,,,,,,,,,,,,,
2015-11-19,,,,,,293108.0,2.0,885264.0,2.0,46352.0,6.0,,,,,,,,,,,,,,
2015-11-20,,,,,,470214.0,14.0,1114406.0,6.0,71544.0,0.0,,,,,,,,,,,,,,
2015-11-23,,,,,,270388.0,0.0,901642.0,0.0,31134.0,4.0,,,,,,,,,,,,,,
2015-11-24,,,,,,314162.0,4.0,1386866.0,0.0,60816.0,0.0,,,,,,,,,,,,,,
2015-11-25,,,,,,201920.0,0.0,1092756.0,4.0,63160.0,0.0,,,,,,,,,,,,,,
2015-11-26,,,,,,124500.0,4.0,743270.0,12.0,46288.0,4.0,,,,,,,,,,,,,,
2015-11-27,,,,,,115754.0,0.0,903890.0,4.0,54080.0,0.0,,,,,,,,,,,,,,
2015-11-30,,,,,,84756.0,0.0,697734.0,12.0,34078.0,4.0,,,,,,,,,,,,,,
2015-12-01,,,,,,58258.0,0.0,721158.0,0.0,29226.0,4.0,,,,,,,,,,,,,,
2015-12-02,,,,,,28192.0,0.0,574792.0,0.0,30078.0,0.0,,,,,,,,,,,,,,
2015-12-03,,,,,,17634.0,0.0,530784.0,0.0,19528.0,0.0,,,,,,,,,,,,,,
2015-12-04,,,,,,96284.0,0.0,1067972.0,8.0,76162.0,6.0,,,,,,,,,,,,,,
2015-12-07,,,,,,63414.0,0.0,967676.0,6.0,85178.0,4.0,,,,,,,,,,,,,,
2015-12-08,,,,,,47582.0,8.0,692026.0,2.0,57452.0,0.0,,,,,,,,,,,,,,
2015-12-09,,,,,,24924.0,0.0,641576.0,0.0,57882.0,2.0,,,,,,,,,,,,,,
2015-12-10,,,,,,24258.0,0.0,667922.0,2.0,68870.0,0.0,,,,,,,,,,,,,,
2015-12-11,,,,,,21554.0,0.0,488716.0,0.0,41194.0,28.0,,,,,,,,,,,,,,
2015-12-14,,,,,,11596.0,12.0,510436.0,2.0,59868.0,12.0,,,,,,,,,,,,,,
2015-12-15,,,,,,20684.0,0.0,605520.0,8.0,43310.0,0.0,,,,,,,,,,,,,,
2015-12-16,,,,,,15846.0,6.0,339280.0,8.0,26014.0,4.0,,,,,,,,,,,,,,
2015-12-17,,,,,,14716.0,6.0,545120.0,44.0,47236.0,0.0,,,,,,,,,,,,,,
2015-12-18,,,,,,19384.0,0.0,597196.0,2.0,68340.0,0.0,,,,,,,,,,,,,,
2015-12-21,,,,,,13896.0,6.0,510518.0,0.0,67000.0,4.0,,,,,,,,,,,,,,
2015-12-22,,,,,,21816.0,0.0,1122202.0,2.0,161074.0,12.0,,,,,,,,,,,,,,
2015-12-23,,,,,,9258.0,28.0,618512.0,6.0,63162.0,14.0,,,,,,,,,,,,,,
2015-12-24,,,,,,6030.0,0.0,515416.0,0.0,59680.0,0.0,,,,,,,,,,,,,,
2015-12-25,,,,,,4214.0,20.0,609014.0,0.0,113316.0,6.0,,,,,,,,,,,,,,
2015-12-28,,,,,,10050.0,4.0,1076406.0,0.0,197136.0,10.0,,,,,,,,,,,,,,
2015-12-29,,,,,,2350.0,136.0,943800.0,0.0,318216.0,4.0,,,,,,,,,,,,,,
2015-12-30,,,,,,5632.0,2.0,1028908.0,20.0,324966.0,12.0,,,,,,,,,,,,,,
2015-12-31,,,,,,16016.0,54.0,867142.0,0.0,116544.0,20.0,,,,,,,,,,,,,,
2016-01-04,,,,,,7810.0,14.0,835468.0,0.0,158926.0,12.0,,,,,,,,,,,,,,
2016-01-05,,,,,,2.0,0.0,692650.0,0.0,132740.0,14.0,,,,,,,,,,,,,,
2016-01-06,,,,,,842.0,74.0,740636.0,18.0,169136.0,20.0,,,,,,,,,,,,,,
2016-01-07,,,,,,1060.0,10.0,903698.0,0.0,165042.0,16.0,,,,,,,,,,,,,,
2016-01-08,,,,,,100.0,0.0,661654.0,0.0,106044.0,32.0,,,,,,,,,,,,,,
2016-01-11,,,,,,80.0,4.0,778980.0,0.0,132516.0,14.0,,,,,,,,,,,,,,
2016-01-12,,,,,,16.0,0.0,843684.0,0.0,126322.0,2.0,,,,,,,,,,,,,,
2016-01-13,,,,,,5220.0,4.0,663264.0,2.0,88904.0,0.0,,,,,,,,,,,,,,
2016-01-14,,,,,,62.0,82.0,1000098.0,4.0,172820.0,12.0,,,,,,,,,,,,,,
2016-01-15,,,,,,7070.0,0.0,606324.0,2.0,195718.0,2.0,,,,,,,,,,,,,,
2016-01-18,,,,,,,0.0,594674.0,0.0,245398.0,14.0,19972.0,,,,,,,,,,,,,
2016-01-19,,,,,,,0.0,698678.0,0.0,181802.0,0.0,17720.0,,,,,,,,,,,,,
2016-01-20,,,,,,,0.0,765272.0,0.0,125812.0,8.0,20558.0,,,,,,,,,,,,,
2016-01-21,,,,,,,0.0,519100.0,4.0,69554.0,14.0,8338.0,,,,,,,,,,,,,
2016-01-22,,,,,,,6.0,794594.0,8.0,135416.0,6.0,26022.0,,,,,,,,,,,,,
2016-01-25,,,,,,,6.0,443654.0,0.0,52578.0,24.0,5176.0,,,,,,,,,,,,,
2016-01-26,,,,,,,10.0,599240.0,0.0,118774.0,0.0,13002.0,,,,,,,,,,,,,
2016-01-27,,,,,,,0.0,393794.0,0.0,57044.0,0.0,7874.0,,,,,,,,,,,,,
2016-01-28,,,,,,,6.0,385528.0,0.0,105078.0,0.0,24414.0,,,,,,,,,,,,,
2016-01-29,,,,,,,236.0,443346.0,0.0,110372.0,4.0,17166.0,,,,,,,,,,,,,
2016-02-01,,,,,,,30.0,229098.0,0.0,72436.0,0.0,6882.0,,,,,,,,,,,,,
2016-02-02,,,,,,,0.0,220450.0,2.0,85760.0,2.0,14220.0,,,,,,,,,,,,,
2016-02-03,,,,,,,32.0,192706.0,4.0,52854.0,6.0,7360.0,,,,,,,,,,,,,
2016-02-04,,,,,,,16.0,252896.0,2.0,60486.0,4.0,9250.0,,,,,,,,,,,,,
2016-02-05,,,,,,,2.0,134246.0,16.0,34106.0,12.0,5386.0,,,,,,,,,,,,,
2016-02-15,,,,,,,0.0,195486.0,12.0,41884.0,6.0,6354.0,,,,,,,,,,,,,
2016-02-16,,,,,,,8.0,187454.0,0.0,49382.0,0.0,11008.0,,,,,,,,,,,,,
2016-02-17,,,,,,,0.0,484698.0,0.0,153460.0,0.0,14354.0,,,,,,,,,,,,,
2016-02-18,,,,,,,66.0,492672.0,328.0,112228.0,12.0,12066.0,,,,,,,,,,,,,
2016-02-19,,,,,,,0.0,480340.0,6.0,137198.0,2.0,23200.0,,,,,,,,,,,,,
2016-02-22,,,,,,,18.0,425612.0,0.0,133060.0,0.0,35876.0,,,,,,,,,,,,,
2016-02-23,,,,,,,6.0,682208.0,0.0,151310.0,0.0,40330.0,,,,,,,,,,,,,
2016-02-24,,,,,,,2.0,567124.0,6.0,119386.0,6.0,34612.0,,,,,,,,,,,,,
2016-02-25,,,,,,,0.0,358050.0,6.0,152066.0,0.0,35266.0,,,,,,,,,,,,,
2016-02-26,,,,,,,2.0,426370.0,0.0,115104.0,0.0,33608.0,,,,,,,,,,,,,
2016-02-29,,,,,,,56.0,1089146.0,10.0,550246.0,36.0,72532.0,,,,,,,,,,,,,
2016-03-01,,,,,,,0.0,666666.0,0.0,314570.0,4.0,63590.0,,,,,,,,,,,,,
2016-03-02,,,,,,,2.0,363846.0,0.0,162088.0,0.0,27682.0,,,,,,,,,,,,,
2016-03-03,,,,,,,0.0,655892.0,0.0,248872.0,36.0,22930.0,,,,,,,,,,,,,
2016-03-04,,,,,,,0.0,405284.0,0.0,152600.0,6.0,18242.0,,,,,,,,,,,,,
2016-03-07,,,,,,,0.0,553740.0,8.0,250302.0,20.0,31652.0,,,,,,,,,,,,,
2016-03-08,,,,,,,16.0,307382.0,0.0,160120.0,16.0,20298.0,,,,,,,,,,,,,
2016-03-09,,,,,,,0.0,336828.0,0.0,149114.0,4.0,10496.0,,,,,,,,,,,,,
2016-03-10,,,,,,,16.0,409596.0,0.0,254860.0,6.0,18462.0,,,,,,,,,,,,,
2016-03-11,,,,,,,0.0,499836.0,4.0,187636.0,12.0,24810.0,,,,,,,,,,,,,
2016-03-14,,,,,,,0.0,374224.0,2.0,213312.0,6.0,25746.0,,,,,,,,,,,,,
2016-03-15,,,,,,,,287836.0,0.0,173550.0,14.0,7046.0,0.0,,,,,,,,,,,,
2016-03-16,,,,,,,,353888.0,0.0,116370.0,4.0,9658.0,0.0,,,,,,,,,,,,
2016-03-17,,,,,,,,367414.0,38.0,161670.0,26.0,16558.0,6.0,,,,,,,,,,,,
2016-03-18,,,,,,,,461578.0,0.0,375954.0,20.0,42616.0,6.0,,,,,,,,,,,,
2016-03-21,,,,,,,,237784.0,0.0,445874.0,46.0,46860.0,0.0,,,,,,,,,,,,
2016-03-22,,,,,,,,139750.0,0.0,342758.0,4.0,20612.0,0.0,,,,,,,,,,,,
2016-03-23,,,,,,,,112468.0,16.0,365600.0,14.0,33468.0,4.0,,,,,,,,,,,,
2016-03-24,,,,,,,,102150.0,0.0,344840.0,8.0,35082.0,0.0,,,,,,,,,,,,
2016-03-25,,,,,,,,38072.0,0.0,238140.0,4.0,30540.0,0.0,,,,,,,,,,,,
2016-03-28,,,,,,,,81812.0,0.0,391598.0,6.0,63616.0,24.0,,,,,,,,,,,,
2016-03-29,,,,,,,,45816.0,0.0,280134.0,4.0,50456.0,0.0,,,,,,,,,,,,
2016-03-30,,,,,,,,16484.0,0.0,117024.0,4.0,18930.0,4.0,,,,,,,,,,,,
2016-03-31,,,,,,,,23718.0,4.0,278126.0,4.0,51356.0,0.0,,,,,,,,,,,,
2016-04-01,,,,,,,,12914.0,2.0,164490.0,0.0,40350.0,2.0,,,,,,,,,,,,
2016-04-05,,,,,,,,19824.0,0.0,222368.0,0.0,41934.0,0.0,,,,,,,,,,,,
2016-04-06,,,,,,,,6052.0,0.0,129068.0,0.0,20248.0,8.0,,,,,,,,,,,,
2016-04-07,,,,,,,,6462.0,4.0,170028.0,0.0,24744.0,6.0,,,,,,,,,,,,
2016-04-08,,,,,,,,8116.0,4.0,173992.0,0.0,19608.0,0.0,,,,,,,,,,,,
2016-04-11,,,,,,,,14404.0,0.0,236604.0,0.0,39352.0,0.0,,,,,,,,,,,,
2016-04-12,,,,,,,,15580.0,0.0,347730.0,2.0,41708.0,0.0,,,,,,,,,,,,
2016-04-13,,,,,,,,12892.0,0.0,360178.0,12.0,70238.0,20.0,,,,,,,,,,,,
2016-04-14,,,,,,,,13218.0,6.0,357906.0,2.0,93042.0,0.0,,,,,,,,,,,,
2016-04-15,,,,,,,,9826.0,28.0,274808.0,8.0,72040.0,4.0,,,,,,,,,,,,
2016-04-18,,,,,,,,8912.0,22.0,1058356.0,24.0,199434.0,32.0,,,,,,,,,,,,
2016-04-19,,,,,,,,5222.0,0.0,485776.0,10.0,81498.0,18.0,,,,,,,,,,,,
2016-04-20,,,,,,,,6306.0,6.0,523706.0,22.0,109958.0,80.0,,,,,,,,,,,,
2016-04-21,,,,,,,,9136.0,0.0,511190.0,4.0,71238.0,20.0,,,,,,,,,,,,
2016-04-22,,,,,,,,6794.0,8.0,731726.0,16.0,219438.0,6.0,,,,,,,,,,,,
2016-04-25,,,,,,,,1170.0,0.0,409584.0,8.0,85530.0,4.0,,,,,,,,,,,,
2016-04-26,,,,,,,,2112.0,0.0,351818.0,0.0,60220.0,2.0,,,,,,,,,,,,
2016-04-27,,,,,,,,1710.0,0.0,375332.0,0.0,76926.0,6.0,,,,,,,,,,,,
2016-04-28,,,,,,,,1826.0,0.0,317500.0,0.0,64256.0,0.0,,,,,,,,,,,,
2016-04-29,,,,,,,,2434.0,0.0,303978.0,0.0,50176.0,34.0,,,,,,,,,,,,
2016-05-03,,,,,,,,8.0,0.0,362628.0,16.0,80824.0,2.0,,,,,,,,,,,,
2016-05-04,,,,,,,,0.0,0.0,228040.0,2.0,53952.0,0.0,,,,,,,,,,,,
2016-05-05,,,,,,,,120.0,0.0,397576.0,2.0,81780.0,2.0,,,,,,,,,,,,
2016-05-06,,,,,,,,1108.0,2.0,256200.0,4.0,68032.0,36.0,,,,,,,,,,,,
2016-05-09,,,,,,,,414.0,4.0,220726.0,6.0,64914.0,18.0,,,,,,,,,,,,
2016-05-10,,,,,,,,194.0,6.0,212584.0,0.0,39496.0,0.0,,,,,,,,,,,,
2016-05-11,,,,,,,,800.0,2.0,406972.0,0.0,136128.0,54.0,,,,,,,,,,,,
2016-05-12,,,,,,,,0.0,0.0,312626.0,0.0,71076.0,10.0,,,,,,,,,,,,
2016-05-13,,,,,,,,56.0,0.0,286092.0,2.0,75666.0,20.0,,,,,,,,,,,,
2016-05-16,,,,,,,,0.0,0.0,189236.0,0.0,38830.0,12.0,,,,,,,,,,,,
2016-05-17,,,,,,,,,2.0,132030.0,0.0,23226.0,6.0,4044.0,,,,,,,,,,,
2016-05-18,,,,,,,,,0.0,307882.0,2.0,95308.0,28.0,5592.0,,,,,,,,,,,
2016-05-19,,,,,,,,,2.0,276022.0,16.0,80240.0,18.0,5032.0,,,,,,,,,,,
2016-05-20,,,,,,,,,0.0,210422.0,0.0,46834.0,18.0,1038.0,,,,,,,,,,,
2016-05-23,,,,,,,,,0.0,416188.0,8.0,101642.0,2.0,2886.0,,,,,,,,,,,
2016-05-24,,,,,,,,,0.0,302140.0,2.0,54754.0,2.0,3924.0,,,,,,,,,,,
2016-05-25,,,,,,,,,0.0,273544.0,0.0,56040.0,28.0,1958.0,,,,,,,,,,,
2016-05-26,,,,,,,,,0.0,203456.0,2.0,45278.0,6.0,2920.0,,,,,,,,,,,
2016-05-27,,,,,,,,,6.0,347826.0,0.0,69752.0,94.0,3512.0,,,,,,,,,,,
2016-05-30,,,,,,,,,218.0,463350.0,0.0,136576.0,2.0,11658.0,,,,,,,,,,,
2016-05-31,,,,,,,,,0.0,595040.0,0.0,124554.0,2.0,4002.0,,,,,,,,,,,
2016-06-01,,,,,,,,,18.0,475090.0,6.0,90820.0,6.0,2644.0,,,,,,,,,,,
2016-06-02,,,,,,,,,4.0,526784.0,2.0,71802.0,74.0,1950.0,,,,,,,,,,,
2016-06-03,,,,,,,,,0.0,335218.0,18.0,66916.0,0.0,1994.0,,,,,,,,,,,
2016-06-06,,,,,,,,,0.0,320312.0,0.0,56032.0,0.0,2246.0,,,,,,,,,,,
2016-06-07,,,,,,,,,0.0,289018.0,0.0,51770.0,0.0,2132.0,,,,,,,,,,,
2016-06-08,,,,,,,,,4.0,202404.0,2.0,35404.0,0.0,2108.0,,,,,,,,,,,
2016-06-13,,,,,,,,,6.0,505198.0,0.0,150222.0,4.0,5902.0,,,,,,,,,,,
2016-06-14,,,,,,,,,6.0,405872.0,14.0,70030.0,0.0,3670.0,,,,,,,,,,,
2016-06-15,,,,,,,,,4.0,570482.0,20.0,105414.0,18.0,5278.0,,,,,,,,,,,
2016-06-16,,,,,,,,,0.0,371618.0,2.0,108954.0,2.0,11118.0,,,,,,,,,,,
2016-06-17,,,,,,,,,0.0,392066.0,56.0,96622.0,0.0,4996.0,,,,,,,,,,,
2016-06-20,,,,,,,,,0.0,254588.0,34.0,72350.0,0.0,6110.0,,,,,,,,,,,
2016-06-21,,,,,,,,,0.0,265786.0,2.0,52792.0,0.0,3758.0,,,,,,,,,,,
2016-06-22,,,,,,,,,0.0,266690.0,2.0,76786.0,4.0,5510.0,,,,,,,,,,,
2016-06-23,,,,,,,,,2.0,428336.0,16.0,89828.0,0.0,9546.0,,,,,,,,,,,
2016-06-24,,,,,,,,,430.0,233068.0,12.0,71004.0,0.0,3794.0,,,,,,,,,,,
2016-06-27,,,,,,,,,56.0,292644.0,0.0,77208.0,0.0,4014.0,,,,,,,,,,,
2016-06-28,,,,,,,,,0.0,330758.0,2.0,102214.0,50.0,4828.0,,,,,,,,,,,
2016-06-29,,,,,,,,,2.0,301910.0,0.0,104008.0,0.0,5000.0,,,,,,,,,,,
2016-06-30,,,,,,,,,2.0,319438.0,0.0,130866.0,38.0,9060.0,,,,,,,,,,,
2016-07-01,,,,,,,,,0.0,255872.0,202.0,178456.0,0.0,12254.0,,,,,,,,,,,
2016-07-04,,,,,,,,,0.0,358070.0,0.0,225602.0,0.0,15984.0,,,,,,,,,,,
2016-07-05,,,,,,,,,0.0,307260.0,0.0,196068.0,16.0,14138.0,,,,,,,,,,,
2016-07-06,,,,,,,,,0.0,216068.0,8.0,129954.0,2.0,10206.0,,,,,,,,,,,
2016-07-07,,,,,,,,,0.0,241694.0,10.0,108484.0,14.0,15842.0,,,,,,,,,,,
2016-07-08,,,,,,,,,0.0,189186.0,4.0,171566.0,2.0,13746.0,,,,,,,,,,,
2016-07-11,,,,,,,,,0.0,113606.0,10.0,93794.0,4.0,7200.0,,,,,,,,,,,
2016-07-12,,,,,,,,,0.0,177192.0,2.0,113282.0,32.0,7954.0,,,,,,,,,,,
2016-07-13,,,,,,,,,0.0,166206.0,16.0,137218.0,16.0,6570.0,,,,,,,,,,,
2016-07-14,,,,,,,,,0.0,124994.0,0.0,87236.0,0.0,7462.0,,,,,,,,,,,
2016-07-15,,,,,,,,,,124994.0,14.0,84374.0,2.0,7354.0,0.0,,,,,,,,,,
2016-07-18,,,,,,,,,,216686.0,6.0,189832.0,34.0,21202.0,0.0,,,,,,,,,,
2016-07-19,,,,,,,,,,117084.0,0.0,129640.0,0.0,15440.0,0.0,,,,,,,,,,
2016-07-20,,,,,,,,,,107176.0,0.0,183112.0,0.0,16712.0,4.0,,,,,,,,,,
2016-07-21,,,,,,,,,,58206.0,0.0,165930.0,0.0,9882.0,0.0,,,,,,,,,,
2016-07-22,,,,,,,,,,48148.0,6.0,181574.0,0.0,14618.0,4.0,,,,,,,,,,
2016-07-25,,,,,,,,,,42178.0,0.0,144244.0,0.0,10628.0,0.0,,,,,,,,,,
2016-07-26,,,,,,,,,,24730.0,0.0,149550.0,0.0,12350.0,4.0,,,,,,,,,,
2016-07-27,,,,,,,,,,31810.0,4.0,208584.0,186.0,17926.0,0.0,,,,,,,,,,
2016-07-28,,,,,,,,,,42274.0,20.0,255926.0,4.0,22290.0,0.0,,,,,,,,,,
2016-07-29,,,,,,,,,,32852.0,0.0,288434.0,0.0,33228.0,0.0,,,,,,,,,,
2016-08-01,,,,,,,,,,27410.0,12.0,160616.0,12.0,20942.0,0.0,,,,,,,,,,
2016-08-02,,,,,,,,,,53876.0,14.0,388734.0,10.0,20144.0,0.0,,,,,,,,,,
2016-08-03,,,,,,,,,,20398.0,0.0,241574.0,10.0,12012.0,2.0,,,,,,,,,,
2016-08-04,,,,,,,,,,22908.0,12.0,311532.0,8.0,21404.0,0.0,,,,,,,,,,
2016-08-05,,,,,,,,,,9212.0,80.0,258912.0,4.0,12618.0,0.0,,,,,,,,,,
2016-08-08,,,,,,,,,,15136.0,0.0,366390.0,2.0,28474.0,6.0,,,,,,,,,,
2016-08-09,,,,,,,,,,6094.0,0.0,257878.0,0.0,24322.0,6.0,,,,,,,,,,
2016-08-10,,,,,,,,,,7368.0,0.0,274134.0,0.0,23076.0,0.0,,,,,,,,,,
2016-08-11,,,,,,,,,,5926.0,0.0,282484.0,0.0,17482.0,2.0,,,,,,,,,,
2016-08-12,,,,,,,,,,3488.0,2.0,181398.0,0.0,13554.0,0.0,,,,,,,,,,
2016-08-15,,,,,,,,,,9336.0,0.0,482292.0,2.0,39060.0,0.0,,,,,,,,,,
2016-08-16,,,,,,,,,,6836.0,4.0,285748.0,0.0,28922.0,0.0,,,,,,,,,,
2016-08-17,,,,,,,,,,4882.0,18.0,183590.0,14.0,16064.0,26.0,,,,,,,,,,
2016-08-18,,,,,,,,,,3654.0,6.0,311466.0,6.0,34376.0,8.0,,,,,,,,,,
2016-08-19,,,,,,,,,,7430.0,10.0,380204.0,2.0,38360.0,10.0,,,,,,,,,,
2016-08-22,,,,,,,,,,3682.0,4.0,345960.0,2.0,41906.0,44.0,,,,,,,,,,
2016-08-23,,,,,,,,,,3884.0,10.0,313658.0,0.0,46700.0,0.0,,,,,,,,,,
2016-08-24,,,,,,,,,,2378.0,12.0,259594.0,0.0,27696.0,4.0,,,,,,,,,,
2016-08-25,,,,,,,,,,2364.0,2.0,353156.0,4.0,43902.0,10.0,,,,,,,,,,
2016-08-26,,,,,,,,,,1650.0,0.0,212360.0,0.0,25304.0,0.0,,,,,,,,,,
2016-08-29,,,,,,,,,,4536.0,0.0,369450.0,16.0,33046.0,6.0,,,,,,,,,,
2016-08-30,,,,,,,,,,2274.0,6.0,389128.0,6.0,47580.0,0.0,,,,,,,,,,
2016-08-31,,,,,,,,,,2572.0,4.0,420434.0,0.0,66014.0,0.0,,,,,,,,,,
2016-09-01,,,,,,,,,,464.0,10.0,407860.0,2.0,62126.0,0.0,,,,,,,,,,
2016-09-02,,,,,,,,,,0.0,0.0,861560.0,6.0,133254.0,10.0,,,,,,,,,,
2016-09-05,,,,,,,,,,0.0,0.0,558938.0,0.0,86976.0,0.0,,,,,,,,,,
2016-09-06,,,,,,,,,,2.0,0.0,376990.0,0.0,50112.0,0.0,,,,,,,,,,
2016-09-07,,,,,,,,,,436.0,0.0,529662.0,26.0,52612.0,0.0,,,,,,,,,,
2016-09-08,,,,,,,,,,84.0,0.0,576648.0,0.0,60490.0,0.0,,,,,,,,,,
2016-09-09,,,,,,,,,,4.0,0.0,513740.0,10.0,43858.0,0.0,,,,,,,,,,
2016-09-12,,,,,,,,,,272.0,0.0,343848.0,0.0,39120.0,0.0,,,,,,,,,,
2016-09-13,,,,,,,,,,0.0,0.0,584776.0,0.0,45706.0,8.0,,,,,,,,,,
2016-09-14,,,,,,,,,,0.0,0.0,261160.0,0.0,21804.0,0.0,,,,,,,,,,
2016-09-19,,,,,,,,,,,18.0,625360.0,14.0,58508.0,0.0,1512.0,,,,,,,,,
2016-09-20,,,,,,,,,,,0.0,462798.0,0.0,47870.0,0.0,480.0,,,,,,,,,
2016-09-21,,,,,,,,,,,0.0,841502.0,0.0,145372.0,0.0,1532.0,,,,,,,,,
2016-09-22,,,,,,,,,,,0.0,662894.0,10.0,137058.0,0.0,2076.0,,,,,,,,,
2016-09-23,,,,,,,,,,,6.0,337402.0,0.0,43476.0,0.0,1696.0,,,,,,,,,
2016-09-26,,,,,,,,,,,0.0,342680.0,0.0,76336.0,0.0,762.0,,,,,,,,,
2016-09-27,,,,,,,,,,,0.0,501974.0,4.0,52204.0,0.0,2750.0,,,,,,,,,
2016-09-28,,,,,,,,,,,2.0,496184.0,0.0,60700.0,0.0,2516.0,,,,,,,,,
2016-09-29,,,,,,,,,,,0.0,389516.0,12.0,59344.0,8.0,1254.0,,,,,,,,,
2016-09-30,,,,,,,,,,,0.0,499556.0,2.0,65694.0,8.0,1184.0,,,,,,,,,
2016-10-10,,,,,,,,,,,8.0,590264.0,0.0,79400.0,2.0,3752.0,,,,,,,,,
2016-10-11,,,,,,,,,,,0.0,327580.0,16.0,39734.0,0.0,2124.0,,,,,,,,,
2016-10-12,,,,,,,,,,,4.0,391772.0,2.0,52712.0,8.0,2012.0,,,,,,,,,
2016-10-13,,,,,,,,,,,30.0,453664.0,6.0,67872.0,0.0,2462.0,,,,,,,,,
2016-10-14,,,,,,,,,,,26.0,708078.0,12.0,122350.0,0.0,4712.0,,,,,,,,,
2016-10-17,,,,,,,,,,,0.0,489376.0,34.0,78680.0,4.0,3112.0,,,,,,,,,
2016-10-18,,,,,,,,,,,92.0,458842.0,0.0,57864.0,0.0,3384.0,,,,,,,,,
2016-10-19,,,,,,,,,,,0.0,642204.0,2.0,172782.0,0.0,7568.0,,,,,,,,,
2016-10-20,,,,,,,,,,,28.0,1067374.0,18.0,232446.0,8.0,11918.0,,,,,,,,,
2016-10-21,,,,,,,,,,,12.0,895588.0,0.0,189970.0,0.0,6354.0,,,,,,,,,
2016-10-24,,,,,,,,,,,20.0,583822.0,0.0,111578.0,10.0,7764.0,,,,,,,,,
2016-10-25,,,,,,,,,,,244.0,863836.0,6.0,171996.0,12.0,5258.0,,,,,,,,,
2016-10-26,,,,,,,,,,,0.0,600236.0,12.0,137710.0,2.0,5128.0,,,,,,,,,
2016-10-27,,,,,,,,,,,26.0,705440.0,62.0,156596.0,0.0,5292.0,,,,,,,,,
2016-10-28,,,,,,,,,,,8.0,605768.0,22.0,194792.0,0.0,6264.0,,,,,,,,,
2016-10-31,,,,,,,,,,,100.0,588770.0,18.0,162374.0,0.0,7522.0,,,,,,,,,
2016-11-01,,,,,,,,,,,0.0,824340.0,2.0,195048.0,2.0,6502.0,,,,,,,,,
2016-11-02,,,,,,,,,,,0.0,677442.0,0.0,135170.0,2.0,4138.0,,,,,,,,,
2016-11-03,,,,,,,,,,,0.0,649168.0,0.0,118730.0,0.0,3838.0,,,,,,,,,
2016-11-04,,,,,,,,,,,0.0,705912.0,16.0,175794.0,0.0,6432.0,,,,,,,,,
2016-11-07,,,,,,,,,,,0.0,433170.0,8.0,130684.0,4.0,3636.0,,,,,,,,,
2016-11-08,,,,,,,,,,,0.0,1261036.0,18.0,349740.0,4.0,10072.0,,,,,,,,,
2016-11-09,,,,,,,,,,,92.0,504324.0,0.0,159246.0,2.0,6802.0,,,,,,,,,
2016-11-10,,,,,,,,,,,0.0,929836.0,8.0,297934.0,14.0,11704.0,,,,,,,,,
2016-11-11,,,,,,,,,,,0.0,819960.0,6.0,253150.0,10.0,10148.0,,,,,,,,,
2016-11-14,,,,,,,,,,,0.0,976742.0,30.0,297672.0,2.0,17822.0,,,,,,,,,
2016-11-15,,,,,,,,,,,,584506.0,2.0,205204.0,0.0,8314.0,0.0,,,,,,,,
2016-11-16,,,,,,,,,,,,362610.0,0.0,159894.0,0.0,8930.0,0.0,,,,,,,,
2016-11-17,,,,,,,,,,,,311796.0,0.0,132700.0,0.0,10234.0,0.0,,,,,,,,
2016-11-18,,,,,,,,,,,,517920.0,6.0,176104.0,0.0,10176.0,10.0,,,,,,,,
2016-11-21,,,,,,,,,,,,389000.0,0.0,233350.0,36.0,15686.0,0.0,,,,,,,,
2016-11-22,,,,,,,,,,,,507924.0,0.0,412038.0,18.0,17628.0,2.0,,,,,,,,
2016-11-23,,,,,,,,,,,,274622.0,0.0,259542.0,44.0,12606.0,0.0,,,,,,,,
2016-11-24,,,,,,,,,,,,300668.0,0.0,386238.0,0.0,18726.0,4.0,,,,,,,,
2016-11-25,,,,,,,,,,,,249060.0,6.0,489548.0,6.0,17818.0,0.0,,,,,,,,
2016-11-28,,,,,,,,,,,,138910.0,10.0,428724.0,4.0,16918.0,2.0,,,,,,,,
2016-11-29,,,,,,,,,,,,182880.0,24.0,875326.0,12.0,21846.0,0.0,,,,,,,,
2016-11-30,,,,,,,,,,,,178448.0,0.0,986306.0,16.0,23366.0,20.0,,,,,,,,
2016-12-01,,,,,,,,,,,,113486.0,8.0,577984.0,0.0,19280.0,4.0,,,,,,,,
2016-12-02,,,,,,,,,,,,58686.0,2.0,526674.0,0.0,16626.0,0.0,,,,,,,,
2016-12-05,,,,,,,,,,,,76134.0,2.0,618704.0,4.0,19960.0,0.0,,,,,,,,
2016-12-06,,,,,,,,,,,,64490.0,10.0,635790.0,14.0,17946.0,0.0,,,,,,,,
2016-12-07,,,,,,,,,,,,32642.0,0.0,564458.0,6.0,16162.0,0.0,,,,,,,,
2016-12-08,,,,,,,,,,,,31098.0,0.0,564860.0,16.0,15054.0,0.0,,,,,,,,
2016-12-09,,,,,,,,,,,,36648.0,14.0,516740.0,0.0,19464.0,0.0,,,,,,,,
2016-12-12,,,,,,,,,,,,48730.0,2.0,556554.0,0.0,17204.0,0.0,,,,,,,,
2016-12-13,,,,,,,,,,,,20118.0,0.0,406930.0,4.0,17870.0,0.0,,,,,,,,
2016-12-14,,,,,,,,,,,,16592.0,0.0,485806.0,4.0,12012.0,0.0,,,,,,,,
2016-12-15,,,,,,,,,,,,10868.0,0.0,394408.0,0.0,10992.0,0.0,,,,,,,,
2016-12-16,,,,,,,,,,,,12734.0,0.0,625608.0,0.0,23866.0,0.0,,,,,,,,
2016-12-19,,,,,,,,,,,,6348.0,8.0,549574.0,0.0,23500.0,0.0,,,,,,,,
2016-12-20,,,,,,,,,,,,18412.0,26.0,765336.0,0.0,37162.0,0.0,,,,,,,,
2016-12-21,,,,,,,,,,,,9910.0,0.0,436794.0,0.0,25574.0,0.0,,,,,,,,
2016-12-22,,,,,,,,,,,,4764.0,0.0,412062.0,2.0,14058.0,0.0,,,,,,,,
2016-12-23,,,,,,,,,,,,5422.0,0.0,602178.0,0.0,35606.0,0.0,,,,,,,,
2016-12-26,,,,,,,,,,,,7276.0,0.0,796524.0,4.0,32226.0,0.0,,,,,,,,
2016-12-27,,,,,,,,,,,,4584.0,0.0,415364.0,0.0,23574.0,8.0,,,,,,,,
2016-12-28,,,,,,,,,,,,5142.0,24.0,674906.0,0.0,25976.0,4.0,,,,,,,,
2016-12-29,,,,,,,,,,,,5158.0,8.0,733638.0,0.0,34178.0,0.0,,,,,,,,
2016-12-30,,,,,,,,,,,,5650.0,2.0,497278.0,0.0,28788.0,6.0,,,,,,,,
2017-01-03,,,,,,,,,,,,794.0,2.0,410250.0,0.0,30460.0,2.0,,,,,,,,
2017-01-04,,,,,,,,,,,,1546.0,4.0,615022.0,0.0,34814.0,8.0,,,,,,,,
2017-01-05,,,,,,,,,,,,920.0,2.0,356650.0,0.0,15602.0,0.0,,,,,,,,
2017-01-06,,,,,,,,,,,,240.0,2.0,670658.0,0.0,35290.0,0.0,,,,,,,,
2017-01-09,,,,,,,,,,,,0.0,0.0,528748.0,0.0,38492.0,2.0,,,,,,,,
2017-01-10,,,,,,,,,,,,0.0,0.0,407348.0,0.0,19930.0,4.0,,,,,,,,
2017-01-11,,,,,,,,,,,,324.0,0.0,653968.0,20.0,38350.0,2.0,,,,,,,,
2017-01-12,,,,,,,,,,,,0.0,122.0,566408.0,0.0,29114.0,2.0,,,,,,,,
2017-01-13,,,,,,,,,,,,0.0,2.0,758766.0,2.0,37770.0,0.0,,,,,,,,
2017-01-16,,,,,,,,,,,,56.0,42.0,714944.0,26.0,47828.0,0.0,,,,,,,,
2017-01-17,,,,,,,,,,,,,18.0,489240.0,6.0,40396.0,0.0,1236.0,,,,,,,
2017-01-18,,,,,,,,,,,,,20.0,566600.0,0.0,57942.0,22.0,2022.0,,,,,,,
2017-01-19,,,,,,,,,,,,,32.0,617754.0,20.0,103242.0,4.0,6278.0,,,,,,,
2017-01-20,,,,,,,,,,,,,106.0,528488.0,0.0,59094.0,2.0,3522.0,,,,,,,
2017-01-23,,,,,,,,,,,,,4.0,444362.0,0.0,42870.0,0.0,1378.0,,,,,,,
2017-01-24,,,,,,,,,,,,,0.0,495314.0,2.0,45440.0,0.0,2536.0,,,,,,,
2017-01-25,,,,,,,,,,,,,2.0,407814.0,0.0,33046.0,0.0,758.0,,,,,,,
2017-01-26,,,,,,,,,,,,,22.0,185246.0,4.0,14698.0,0.0,270.0,,,,,,,
2017-02-03,,,,,,,,,,,,,8.0,417846.0,0.0,37482.0,0.0,1618.0,,,,,,,
2017-02-06,,,,,,,,,,,,,14.0,896806.0,36.0,116960.0,0.0,7996.0,,,,,,,
2017-02-07,,,,,,,,,,,,,8.0,426008.0,94.0,72612.0,0.0,4394.0,,,,,,,
2017-02-08,,,,,,,,,,,,,2.0,356562.0,0.0,51630.0,52.0,4366.0,,,,,,,
2017-02-09,,,,,,,,,,,,,6.0,659802.0,0.0,72808.0,16.0,5276.0,,,,,,,
2017-02-10,,,,,,,,,,,,,30.0,457054.0,14.0,73800.0,2.0,4244.0,,,,,,,
2017-02-13,,,,,,,,,,,,,24.0,515722.0,8.0,74592.0,0.0,2782.0,,,,,,,
2017-02-14,,,,,,,,,,,,,24.0,605210.0,26.0,94736.0,0.0,4890.0,,,,,,,
2017-02-15,,,,,,,,,,,,,22.0,425546.0,136.0,85734.0,12.0,4080.0,,,,,,,
2017-02-16,,,,,,,,,,,,,0.0,435244.0,8.0,74902.0,4.0,2100.0,,,,,,,
2017-02-17,,,,,,,,,,,,,34.0,541362.0,8.0,72330.0,0.0,3218.0,,,,,,,
2017-02-20,,,,,,,,,,,,,18.0,508098.0,0.0,51516.0,0.0,1460.0,,,,,,,
2017-02-21,,,,,,,,,,,,,6.0,563132.0,98.0,80674.0,0.0,5848.0,,,,,,,
2017-02-22,,,,,,,,,,,,,80.0,534710.0,0.0,61108.0,0.0,4396.0,,,,,,,
2017-02-23,,,,,,,,,,,,,14.0,529260.0,34.0,96870.0,12.0,3712.0,,,,,,,
2017-02-24,,,,,,,,,,,,,2.0,792442.0,18.0,123700.0,0.0,4968.0,,,,,,,
2017-02-27,,,,,,,,,,,,,14.0,663696.0,46.0,202690.0,12.0,9708.0,,,,,,,
2017-02-28,,,,,,,,,,,,,32.0,487228.0,30.0,117450.0,10.0,5634.0,,,,,,,
2017-03-01,,,,,,,,,,,,,0.0,369660.0,14.0,100470.0,0.0,2012.0,,,,,,,
2017-03-02,,,,,,,,,,,,,0.0,377594.0,12.0,102604.0,0.0,5762.0,,,,,,,
2017-03-03,,,,,,,,,,,,,0.0,391460.0,0.0,111950.0,2.0,5124.0,,,,,,,
2017-03-06,,,,,,,,,,,,,0.0,485696.0,230.0,130106.0,14.0,4988.0,,,,,,,
2017-03-07,,,,,,,,,,,,,0.0,323164.0,26.0,89726.0,4.0,3376.0,,,,,,,
2017-03-08,,,,,,,,,,,,,16.0,651134.0,14.0,165156.0,0.0,9418.0,,,,,,,
2017-03-09,,,,,,,,,,,,,16.0,421028.0,32.0,153686.0,0.0,4590.0,,,,,,,
2017-03-10,,,,,,,,,,,,,0.0,415884.0,34.0,150564.0,0.0,7012.0,,,,,,,
2017-03-13,,,,,,,,,,,,,0.0,279412.0,50.0,135720.0,0.0,4874.0,,,,,,,
2017-03-14,,,,,,,,,,,,,0.0,466692.0,54.0,174096.0,0.0,7188.0,,,,,,,
2017-03-15,,,,,,,,,,,,,,293444.0,30.0,132136.0,0.0,5426.0,0.0,,,,,,
2017-03-16,,,,,,,,,,,,,,478094.0,6.0,272034.0,0.0,9034.0,4.0,,,,,,
2017-03-17,,,,,,,,,,,,,,337990.0,28.0,144570.0,2.0,4468.0,2.0,,,,,,
2017-03-20,,,,,,,,,,,,,,287032.0,338.0,243242.0,14.0,15370.0,0.0,,,,,,
2017-03-21,,,,,,,,,,,,,,297536.0,12.0,254742.0,4.0,13512.0,0.0,,,,,,
2017-03-22,,,,,,,,,,,,,,306938.0,872.0,459446.0,32.0,18950.0,0.0,,,,,,
2017-03-23,,,,,,,,,,,,,,250014.0,372.0,542484.0,6.0,43530.0,8.0,,,,,,
2017-03-24,,,,,,,,,,,,,,179538.0,22.0,496530.0,4.0,27112.0,0.0,,,,,,
2017-03-27,,,,,,,,,,,,,,184026.0,62.0,587092.0,8.0,24482.0,0.0,,,,,,
2017-03-28,,,,,,,,,,,,,,95496.0,24.0,516028.0,22.0,15456.0,0.0,,,,,,
2017-03-29,,,,,,,,,,,,,,124660.0,160.0,966548.0,44.0,37938.0,2.0,,,,,,
2017-03-30,,,,,,,,,,,,,,52836.0,132.0,329216.0,10.0,21082.0,0.0,,,,,,
2017-03-31,,,,,,,,,,,,,,69224.0,4.0,458948.0,4.0,13500.0,8.0,,,,,,
2017-04-05,,,,,,,,,,,,,,51338.0,4.0,425912.0,4.0,19806.0,4.0,,,,,,
2017-04-06,,,,,,,,,,,,,,79100.0,596.0,944264.0,0.0,40538.0,0.0,,,,,,
2017-04-07,,,,,,,,,,,,,,50478.0,26.0,592618.0,0.0,24810.0,4.0,,,,,,
2017-04-10,,,,,,,,,,,,,,31850.0,46.0,491510.0,80.0,22336.0,0.0,,,,,,
2017-04-11,,,,,,,,,,,,,,54096.0,40.0,790900.0,4.0,36822.0,6.0,,,,,,
2017-04-12,,,,,,,,,,,,,,29890.0,0.0,320782.0,2.0,24770.0,0.0,,,,,,
2017-04-13,,,,,,,,,,,,,,19800.0,0.0,370748.0,6.0,24262.0,0.0,,,,,,
2017-04-14,,,,,,,,,,,,,,18622.0,72.0,414660.0,0.0,16386.0,0.0,,,,,,
2017-04-17,,,,,,,,,,,,,,23258.0,32.0,444848.0,8.0,28830.0,0.0,,,,,,
2017-04-18,,,,,,,,,,,,,,11208.0,0.0,323116.0,4.0,15706.0,0.0,,,,,,
2017-04-19,,,,,,,,,,,,,,14008.0,8.0,444524.0,0.0,28426.0,0.0,,,,,,
2017-04-20,,,,,,,,,,,,,,11426.0,74.0,340376.0,10.0,19658.0,0.0,,,,,,
2017-04-21,,,,,,,,,,,,,,12336.0,6.0,592918.0,0.0,26008.0,0.0,,,,,,
2017-04-24,,,,,,,,,,,,,,10744.0,12.0,485900.0,0.0,38988.0,0.0,,,,,,
2017-04-25,,,,,,,,,,,,,,10504.0,40.0,634634.0,18.0,54212.0,0.0,,,,,,
2017-04-26,,,,,,,,,,,,,,7104.0,24.0,388568.0,22.0,28282.0,0.0,,,,,,
2017-04-27,,,,,,,,,,,,,,5420.0,30.0,516418.0,4.0,50210.0,0.0,,,,,,
2017-04-28,,,,,,,,,,,,,,14266.0,72.0,295686.0,0.0,23130.0,0.0,,,,,,
2017-05-02,,,,,,,,,,,,,,700.0,36.0,539208.0,14.0,49790.0,2.0,,,,,,
2017-05-03,,,,,,,,,,,,,,1118.0,30.0,423590.0,6.0,51028.0,0.0,,,,,,
2017-05-04,,,,,,,,,,,,,,322.0,2.0,558538.0,2.0,63632.0,0.0,,,,,,
2017-05-05,,,,,,,,,,,,,,1340.0,0.0,508796.0,0.0,53330.0,0.0,,,,,,
2017-05-08,,,,,,,,,,,,,,1988.0,28.0,340646.0,0.0,28292.0,0.0,,,,,,
2017-05-09,,,,,,,,,,,,,,624.0,30.0,485968.0,0.0,48206.0,0.0,,,,,,
2017-05-10,,,,,,,,,,,,,,1620.0,0.0,263168.0,10.0,17932.0,0.0,,,,,,
2017-05-11,,,,,,,,,,,,,,354.0,0.0,428224.0,0.0,48840.0,0.0,,,,,,
2017-05-12,,,,,,,,,,,,,,46.0,24.0,304174.0,2.0,24776.0,0.0,,,,,,
2017-05-15,,,,,,,,,,,,,,0.0,0.0,780476.0,12.0,64646.0,0.0,,,,,,
2017-05-16,,,,,,,,,,,,,,,4.0,307732.0,0.0,27790.0,0.0,1138.0,,,,,
2017-05-17,,,,,,,,,,,,,,,0.0,310068.0,0.0,53944.0,0.0,398.0,,,,,
2017-05-18,,,,,,,,,,,,,,,0.0,360804.0,0.0,46440.0,0.0,646.0,,,,,
2017-05-19,,,,,,,,,,,,,,,0.0,253730.0,4.0,26996.0,4.0,496.0,,,,,
2017-05-22,,,,,,,,,,,,,,,30.0,515858.0,16.0,77728.0,28.0,1750.0,,,,,
2017-05-23,,,,,,,,,,,,,,,0.0,249810.0,0.0,35440.0,0.0,298.0,,,,,
2017-05-24,,,,,,,,,,,,,,,2.0,518664.0,6.0,72238.0,0.0,238.0,,,,,
2017-05-25,,,,,,,,,,,,,,,28.0,195180.0,0.0,21286.0,0.0,204.0,,,,,
2017-05-26,,,,,,,,,,,,,,,2.0,302780.0,0.0,28746.0,0.0,628.0,,,,,
2017-05-31,,,,,,,,,,,,,,,6.0,376358.0,2.0,35494.0,0.0,320.0,,,,,
2017-06-01,,,,,,,,,,,,,,,6.0,701976.0,0.0,73746.0,0.0,988.0,,,,,
2017-06-02,,,,,,,,,,,,,,,36.0,495050.0,6.0,47626.0,0.0,456.0,,,,,
2017-06-05,,,,,,,,,,,,,,,112.0,458524.0,0.0,80008.0,0.0,962.0,,,,,
2017-06-06,,,,,,,,,,,,,,,0.0,199374.0,0.0,26498.0,0.0,596.0,,,,,
2017-06-07,,,,,,,,,,,,,,,6.0,285384.0,8.0,50384.0,0.0,436.0,,,,,
2017-06-08,,,,,,,,,,,,,,,8.0,448126.0,2.0,50346.0,0.0,718.0,,,,,
2017-06-09,,,,,,,,,,,,,,,0.0,538988.0,0.0,62798.0,0.0,1100.0,,,,,
2017-06-12,,,,,,,,,,,,,,,20.0,386990.0,2.0,77420.0,0.0,946.0,,,,,
2017-06-13,,,,,,,,,,,,,,,4.0,255440.0,16.0,56004.0,0.0,650.0,,,,,
2017-06-14,,,,,,,,,,,,,,,0.0,207710.0,0.0,56062.0,4.0,596.0,,,,,
2017-06-15,,,,,,,,,,,,,,,0.0,363488.0,4.0,41202.0,10.0,398.0,,,,,
2017-06-16,,,,,,,,,,,,,,,8.0,348194.0,0.0,43034.0,0.0,618.0,,,,,
2017-06-19,,,,,,,,,,,,,,,0.0,474646.0,2.0,54342.0,0.0,760.0,,,,,
2017-06-20,,,,,,,,,,,,,,,12.0,319198.0,2.0,47066.0,6.0,1028.0,,,,,
2017-06-21,,,,,,,,,,,,,,,36.0,287112.0,0.0,53866.0,0.0,940.0,,,,,
2017-06-22,,,,,,,,,,,,,,,30.0,185394.0,2.0,30324.0,4.0,512.0,,,,,
2017-06-23,,,,,,,,,,,,,,,0.0,596326.0,2.0,59064.0,0.0,892.0,,,,,
2017-06-26,,,,,,,,,,,,,,,84.0,398196.0,4.0,47774.0,0.0,1032.0,,,,,
2017-06-27,,,,,,,,,,,,,,,6.0,325090.0,0.0,52736.0,2.0,520.0,,,,,
2017-06-28,,,,,,,,,,,,,,,2.0,381518.0,4.0,43668.0,2.0,996.0,,,,,
2017-06-29,,,,,,,,,,,,,,,10.0,269882.0,2.0,32896.0,2.0,480.0,,,,,
2017-06-30,,,,,,,,,,,,,,,36.0,295880.0,0.0,37668.0,0.0,410.0,,,,,
2017-07-03,,,,,,,,,,,,,,,2.0,353990.0,0.0,47190.0,0.0,476.0,,,,,
2017-07-04,,,,,,,,,,,,,,,0.0,384824.0,0.0,52866.0,0.0,676.0,,,,,
2017-07-05,,,,,,,,,,,,,,,2.0,243304.0,0.0,26960.0,0.0,592.0,,,,,
2017-07-06,,,,,,,,,,,,,,,0.0,267746.0,0.0,59826.0,0.0,772.0,,,,,
2017-07-07,,,,,,,,,,,,,,,0.0,415988.0,4.0,52634.0,0.0,654.0,,,,,
2017-07-10,,,,,,,,,,,,,,,0.0,328204.0,0.0,48738.0,6.0,674.0,,,,,
2017-07-11,,,,,,,,,,,,,,,72.0,271086.0,0.0,42492.0,0.0,364.0,,,,,
2017-07-12,,,,,,,,,,,,,,,86.0,298130.0,0.0,46322.0,0.0,944.0,,,,,
2017-07-13,,,,,,,,,,,,,,,144.0,414774.0,0.0,78054.0,0.0,3210.0,,,,,
2017-07-14,,,,,,,,,,,,,,,0.0,204898.0,0.0,43646.0,0.0,364.0,,,,,
2017-07-17,,,,,,,,,,,,,,,,408412.0,2.0,80826.0,0.0,1448.0,4.0,,,,
2017-07-18,,,,,,,,,,,,,,,,376750.0,4.0,60474.0,0.0,2260.0,0.0,,,,
2017-07-19,,,,,,,,,,,,,,,,343814.0,0.0,53572.0,0.0,960.0,0.0,,,,
2017-07-20,,,,,,,,,,,,,,,,251608.0,4.0,51566.0,0.0,358.0,0.0,,,,
2017-07-21,,,,,,,,,,,,,,,,399324.0,0.0,88746.0,0.0,1158.0,0.0,,,,
2017-07-24,,,,,,,,,,,,,,,,308454.0,0.0,90510.0,0.0,4064.0,0.0,,,,
2017-07-25,,,,,,,,,,,,,,,,231836.0,0.0,71922.0,0.0,1212.0,0.0,,,,
2017-07-26,,,,,,,,,,,,,,,,244800.0,0.0,88114.0,0.0,1860.0,0.0,,,,
2017-07-27,,,,,,,,,,,,,,,,153548.0,0.0,58162.0,0.0,544.0,4.0,,,,
2017-07-28,,,,,,,,,,,,,,,,259402.0,8.0,111432.0,0.0,2746.0,0.0,,,,
2017-07-31,,,,,,,,,,,,,,,,183436.0,10.0,91134.0,0.0,3104.0,0.0,,,,
2017-08-01,,,,,,,,,,,,,,,,236460.0,8.0,114156.0,0.0,2372.0,0.0,,,,
2017-08-02,,,,,,,,,,,,,,,,170476.0,4.0,72628.0,8.0,3014.0,0.0,,,,
2017-08-03,,,,,,,,,,,,,,,,152754.0,0.0,84720.0,0.0,2566.0,0.0,,,,
2017-08-04,,,,,,,,,,,,,,,,108746.0,2.0,82844.0,4.0,3154.0,0.0,,,,
2017-08-07,,,,,,,,,,,,,,,,188092.0,0.0,214628.0,2.0,2774.0,0.0,,,,
2017-08-08,,,,,,,,,,,,,,,,117736.0,2.0,200094.0,0.0,4150.0,0.0,,,,
2017-08-09,,,,,,,,,,,,,,,,143222.0,0.0,366518.0,0.0,7884.0,0.0,,,,
2017-08-10,,,,,,,,,,,,,,,,96618.0,16.0,191058.0,6.0,4630.0,0.0,,,,
2017-08-11,,,,,,,,,,,,,,,,55126.0,0.0,359856.0,2.0,5898.0,0.0,,,,
2017-08-14,,,,,,,,,,,,,,,,35610.0,0.0,224070.0,4.0,4364.0,0.0,,,,
2017-08-15,,,,,,,,,,,,,,,,39950.0,0.0,326838.0,2.0,5252.0,0.0,,,,
2017-08-16,,,,,,,,,,,,,,,,29072.0,0.0,177006.0,0.0,2842.0,2.0,,,,
2017-08-17,,,,,,,,,,,,,,,,16640.0,2.0,233904.0,0.0,4362.0,2.0,,,,
2017-08-18,,,,,,,,,,,,,,,,11762.0,0.0,131218.0,0.0,2362.0,0.0,,,,
2017-08-21,,,,,,,,,,,,,,,,21972.0,0.0,263874.0,2.0,4950.0,0.0,,,,
2017-08-22,,,,,,,,,,,,,,,,11816.0,0.0,279370.0,4.0,4580.0,0.0,,,,
2017-08-23,,,,,,,,,,,,,,,,6800.0,0.0,228414.0,2.0,3000.0,0.0,,,,
2017-08-24,,,,,,,,,,,,,,,,6788.0,0.0,143430.0,0.0,2050.0,0.0,,,,
2017-08-25,,,,,,,,,,,,,,,,8894.0,0.0,220146.0,0.0,3022.0,0.0,,,,
2017-08-28,,,,,,,,,,,,,,,,6450.0,10.0,234206.0,0.0,3288.0,0.0,,,,
2017-08-29,,,,,,,,,,,,,,,,6472.0,0.0,269218.0,0.0,5360.0,0.0,,,,
2017-08-30,,,,,,,,,,,,,,,,10664.0,0.0,198664.0,0.0,7300.0,0.0,,,,
2017-08-31,,,,,,,,,,,,,,,,18550.0,60.0,185538.0,0.0,4698.0,0.0,,,,
2017-09-01,,,,,,,,,,,,,,,,2534.0,0.0,171726.0,0.0,8716.0,0.0,,,,
2017-09-04,,,,,,,,,,,,,,,,500.0,0.0,415430.0,0.0,13266.0,0.0,,,,
2017-09-05,,,,,,,,,,,,,,,,126.0,0.0,174306.0,0.0,14872.0,0.0,,,,
2017-09-06,,,,,,,,,,,,,,,,2500.0,0.0,256424.0,0.0,11544.0,0.0,,,,
2017-09-07,,,,,,,,,,,,,,,,0.0,2.0,151942.0,0.0,5480.0,0.0,,,,
2017-09-08,,,,,,,,,,,,,,,,132.0,14.0,435620.0,0.0,15162.0,0.0,,,,
2017-09-11,,,,,,,,,,,,,,,,300.0,16.0,164162.0,0.0,7156.0,0.0,,,,
2017-09-12,,,,,,,,,,,,,,,,54.0,16.0,245810.0,0.0,9026.0,0.0,,,,
2017-09-13,,,,,,,,,,,,,,,,204.0,4.0,288788.0,14.0,22890.0,0.0,,,,
2017-09-14,,,,,,,,,,,,,,,,168.0,0.0,326758.0,4.0,19906.0,0.0,,,,
2017-09-15,,,,,,,,,,,,,,,,,0.0,151458.0,38.0,10826.0,0.0,810.0,,,
2017-09-18,,,,,,,,,,,,,,,,,0.0,187392.0,158.0,8322.0,0.0,1182.0,,,
2017-09-19,,,,,,,,,,,,,,,,,0.0,132188.0,208.0,10984.0,4.0,210.0,,,
2017-09-20,,,,,,,,,,,,,,,,,0.0,258446.0,0.0,21750.0,0.0,664.0,,,
2017-09-21,,,,,,,,,,,,,,,,,0.0,229450.0,6.0,16274.0,0.0,94.0,,,
2017-09-22,,,,,,,,,,,,,,,,,76.0,454596.0,6.0,26940.0,0.0,1156.0,,,
2017-09-25,,,,,,,,,,,,,,,,,4.0,197612.0,74.0,9798.0,0.0,340.0,,,
2017-09-26,,,,,,,,,,,,,,,,,24.0,244308.0,4.0,7522.0,4.0,366.0,,,
2017-09-27,,,,,,,,,,,,,,,,,8.0,271312.0,2.0,12542.0,0.0,768.0,,,
2017-09-28,,,,,,,,,,,,,,,,,8.0,367466.0,4.0,16280.0,0.0,1290.0,,,
2017-09-29,,,,,,,,,,,,,,,,,0.0,163952.0,2.0,8462.0,0.0,218.0,,,
2017-10-09,,,,,,,,,,,,,,,,,8.0,293410.0,0.0,16404.0,0.0,1052.0,,,
2017-10-10,,,,,,,,,,,,,,,,,10.0,138874.0,0.0,9638.0,0.0,296.0,,,
2017-10-11,,,,,,,,,,,,,,,,,4.0,155274.0,0.0,9280.0,0.0,390.0,,,
2017-10-12,,,,,,,,,,,,,,,,,4.0,252104.0,0.0,12154.0,0.0,290.0,,,
2017-10-13,,,,,,,,,,,,,,,,,0.0,170524.0,0.0,9514.0,0.0,466.0,,,
2017-10-16,,,,,,,,,,,,,,,,,4.0,185850.0,0.0,10626.0,0.0,162.0,,,
2017-10-17,,,,,,,,,,,,,,,,,0.0,181960.0,0.0,10336.0,0.0,2162.0,,,
2017-10-18,,,,,,,,,,,,,,,,,0.0,124788.0,0.0,6188.0,0.0,190.0,,,
2017-10-19,,,,,,,,,,,,,,,,,0.0,165214.0,0.0,17042.0,0.0,244.0,,,
2017-10-20,,,,,,,,,,,,,,,,,22.0,166548.0,0.0,16372.0,0.0,1398.0,,,
2017-10-23,,,,,,,,,,,,,,,,,0.0,141246.0,0.0,11246.0,0.0,342.0,,,
2017-10-24,,,,,,,,,,,,,,,,,0.0,283540.0,0.0,26548.0,2.0,566.0,,,
2017-10-25,,,,,,,,,,,,,,,,,0.0,316708.0,0.0,27510.0,0.0,346.0,,,
2017-10-26,,,,,,,,,,,,,,,,,0.0,140860.0,0.0,18928.0,0.0,276.0,,,
2017-10-27,,,,,,,,,,,,,,,,,0.0,167782.0,0.0,17944.0,0.0,506.0,,,
2017-10-30,,,,,,,,,,,,,,,,,4.0,201994.0,0.0,26080.0,0.0,624.0,,,
2017-10-31,,,,,,,,,,,,,,,,,10.0,81802.0,0.0,7014.0,0.0,398.0,,,
2017-11-01,,,,,,,,,,,,,,,,,0.0,323368.0,0.0,42010.0,0.0,1136.0,,,
2017-11-02,,,,,,,,,,,,,,,,,0.0,153754.0,0.0,12256.0,0.0,618.0,,,
2017-11-03,,,,,,,,,,,,,,,,,0.0,266626.0,0.0,33204.0,0.0,2504.0,,,
2017-11-06,,,,,,,,,,,,,,,,,0.0,191076.0,0.0,20820.0,0.0,1558.0,,,
2017-11-07,,,,,,,,,,,,,,,,,0.0,202392.0,0.0,33746.0,0.0,1392.0,,,
2017-11-08,,,,,,,,,,,,,,,,,0.0,554380.0,6.0,92412.0,6.0,4596.0,,,
2017-11-09,,,,,,,,,,,,,,,,,0.0,339530.0,18.0,47448.0,2.0,2718.0,,,
2017-11-10,,,,,,,,,,,,,,,,,0.0,387304.0,18.0,66536.0,16.0,3922.0,,,
2017-11-13,,,,,,,,,,,,,,,,,4.0,214498.0,22.0,65688.0,0.0,3534.0,,,
2017-11-14,,,,,,,,,,,,,,,,,0.0,1008776.0,38.0,161152.0,0.0,8794.0,,,
2017-11-15,,,,,,,,,,,,,,,,,,579050.0,14.0,95698.0,0.0,8006.0,0.0,,
2017-11-16,,,,,,,,,,,,,,,,,,390680.0,6.0,55024.0,0.0,4856.0,0.0,,
2017-11-17,,,,,,,,,,,,,,,,,,655040.0,16.0,86992.0,2.0,5178.0,0.0,,
2017-11-20,,,,,,,,,,,,,,,,,,270220.0,0.0,56492.0,2.0,2104.0,0.0,,
2017-11-21,,,,,,,,,,,,,,,,,,281288.0,6.0,65276.0,0.0,2230.0,0.0,,
2017-11-22,,,,,,,,,,,,,,,,,,214120.0,0.0,46524.0,0.0,2706.0,0.0,,
2017-11-23,,,,,,,,,,,,,,,,,,176084.0,6.0,51364.0,0.0,2504.0,0.0,,
2017-11-24,,,,,,,,,,,,,,,,,,289746.0,2.0,72522.0,0.0,3852.0,0.0,,
2017-11-27,,,,,,,,,,,,,,,,,,183634.0,0.0,52488.0,0.0,1684.0,0.0,,
2017-11-28,,,,,,,,,,,,,,,,,,179086.0,4.0,74696.0,0.0,2514.0,0.0,,
2017-11-29,,,,,,,,,,,,,,,,,,153300.0,0.0,81950.0,0.0,2112.0,0.0,,
2017-11-30,,,,,,,,,,,,,,,,,,200564.0,12.0,86948.0,0.0,3034.0,0.0,,
2017-12-01,,,,,,,,,,,,,,,,,,235814.0,2.0,113616.0,0.0,5098.0,0.0,,
2017-12-04,,,,,,,,,,,,,,,,,,200088.0,6.0,214328.0,6.0,8760.0,0.0,,
2017-12-05,,,,,,,,,,,,,,,,,,122626.0,0.0,319624.0,0.0,11470.0,2.0,,
2017-12-06,,,,,,,,,,,,,,,,,,57990.0,0.0,273654.0,0.0,9328.0,0.0,,
2017-12-07,,,,,,,,,,,,,,,,,,52900.0,0.0,322722.0,0.0,8132.0,0.0,,
2017-12-08,,,,,,,,,,,,,,,,,,18790.0,0.0,113402.0,8.0,3752.0,0.0,,
2017-12-11,,,,,,,,,,,,,,,,,,34286.0,6.0,275010.0,2.0,6902.0,2.0,,
2017-12-12,,,,,,,,,,,,,,,,,,16964.0,0.0,179250.0,0.0,2880.0,0.0,,
2017-12-13,,,,,,,,,,,,,,,,,,13176.0,0.0,133764.0,0.0,2366.0,0.0,,
2017-12-14,,,,,,,,,,,,,,,,,,15702.0,0.0,296658.0,0.0,14278.0,0.0,,
2017-12-15,,,,,,,,,,,,,,,,,,6724.0,4.0,137202.0,0.0,8500.0,0.0,,
2017-12-18,,,,,,,,,,,,,,,,,,14906.0,2.0,286470.0,2.0,30240.0,0.0,,
2017-12-19,,,,,,,,,,,,,,,,,,6960.0,4.0,185172.0,2.0,14448.0,0.0,,
2017-12-20,,,,,,,,,,,,,,,,,,10320.0,4.0,150370.0,4.0,16434.0,0.0,,
2017-12-21,,,,,,,,,,,,,,,,,,9784.0,8.0,147548.0,0.0,9732.0,0.0,,
2017-12-22,,,,,,,,,,,,,,,,,,12710.0,0.0,182272.0,0.0,17358.0,0.0,,
2017-12-25,,,,,,,,,,,,,,,,,,8272.0,0.0,263356.0,0.0,20394.0,0.0,,
2017-12-26,,,,,,,,,,,,,,,,,,3222.0,0.0,115082.0,0.0,15892.0,0.0,,
2017-12-27,,,,,,,,,,,,,,,,,,13238.0,0.0,153458.0,0.0,19044.0,0.0,,
2017-12-28,,,,,,,,,,,,,,,,,,3066.0,4.0,115238.0,8.0,6912.0,0.0,,
2017-12-29,,,,,,,,,,,,,,,,,,8118.0,0.0,107298.0,0.0,6810.0,0.0,,
2018-01-02,,,,,,,,,,,,,,,,,,2116.0,102.0,192486.0,0.0,13384.0,0.0,,
2018-01-03,,,,,,,,,,,,,,,,,,1060.0,22.0,220548.0,0.0,19114.0,0.0,,
2018-01-04,,,,,,,,,,,,,,,,,,158.0,2.0,158580.0,0.0,10848.0,0.0,,
2018-01-05,,,,,,,,,,,,,,,,,,178.0,0.0,110242.0,0.0,5584.0,0.0,,
2018-01-08,,,,,,,,,,,,,,,,,,220.0,0.0,237982.0,0.0,19498.0,0.0,,
2018-01-09,,,,,,,,,,,,,,,,,,214.0,0.0,160224.0,4.0,13402.0,0.0,,
2018-01-10,,,,,,,,,,,,,,,,,,904.0,0.0,128584.0,0.0,5800.0,0.0,,
2018-01-11,,,,,,,,,,,,,,,,,,1942.0,0.0,173668.0,0.0,10580.0,0.0,,
2018-01-12,,,,,,,,,,,,,,,,,,520.0,0.0,151450.0,0.0,8834.0,0.0,,
2018-01-15,,,,,,,,,,,,,,,,,,194.0,0.0,260494.0,2.0,19092.0,0.0,,
2018-01-16,,,,,,,,,,,,,,,,,,,0.0,145770.0,0.0,9518.0,0.0,826.0,
2018-01-17,,,,,,,,,,,,,,,,,,,28.0,206110.0,2.0,13318.0,0.0,268.0,
2018-01-18,,,,,,,,,,,,,,,,,,,0.0,197646.0,0.0,20986.0,0.0,96.0,
2018-01-19,,,,,,,,,,,,,,,,,,,0.0,125110.0,0.0,10840.0,0.0,86.0,
2018-01-22,,,,,,,,,,,,,,,,,,,6.0,147428.0,6.0,12654.0,0.0,34.0,
2018-01-23,,,,,,,,,,,,,,,,,,,0.0,121260.0,0.0,7552.0,0.0,106.0,
2018-01-24,,,,,,,,,,,,,,,,,,,0.0,102666.0,0.0,11260.0,0.0,128.0,
2018-01-25,,,,,,,,,,,,,,,,,,,0.0,136144.0,0.0,10984.0,0.0,56.0,
2018-01-26,,,,,,,,,,,,,,,,,,,0.0,147472.0,0.0,10606.0,0.0,66.0,
2018-01-29,,,,,,,,,,,,,,,,,,,0.0,93470.0,0.0,4208.0,0.0,82.0,
2018-01-30,,,,,,,,,,,,,,,,,,,0.0,96996.0,0.0,8684.0,0.0,26.0,
2018-01-31,,,,,,,,,,,,,,,,,,,0.0,228336.0,0.0,10668.0,0.0,96.0,
2018-02-01,,,,,,,,,,,,,,,,,,,2.0,389262.0,0.0,38910.0,0.0,428.0,
2018-02-02,,,,,,,,,,,,,,,,,,,4.0,144566.0,0.0,13922.0,0.0,384.0,
2018-02-05,,,,,,,,,,,,,,,,,,,14.0,122906.0,0.0,13866.0,0.0,322.0,
2018-02-06,,,,,,,,,,,,,,,,,,,2.0,140306.0,2.0,17654.0,0.0,142.0,
2018-02-07,,,,,,,,,,,,,,,,,,,0.0,175494.0,0.0,26086.0,0.0,258.0,
2018-02-08,,,,,,,,,,,,,,,,,,,0.0,86598.0,0.0,8680.0,0.0,80.0,
2018-02-09,,,,,,,,,,,,,,,,,,,0.0,126502.0,2.0,15248.0,0.0,216.0,
2018-02-12,,,,,,,,,,,,,,,,,,,0.0,99290.0,2.0,12484.0,0.0,238.0,
2018-02-13,,,,,,,,,,,,,,,,,,,8.0,182026.0,2.0,16336.0,0.0,208.0,
2018-02-14,,,,,,,,,,,,,,,,,,,0.0,99154.0,0.0,10888.0,0.0,152.0,
2018-02-22,,,,,,,,,,,,,,,,,,,0.0,120386.0,0.0,10640.0,0.0,126.0,
2018-02-23,,,,,,,,,,,,,,,,,,,8.0,93274.0,0.0,10392.0,0.0,320.0,
2018-02-26,,,,,,,,,,,,,,,,,,,0.0,364750.0,0.0,58466.0,0.0,586.0,
2018-02-27,,,,,,,,,,,,,,,,,,,0.0,120708.0,0.0,12836.0,0.0,146.0,
2018-02-28,,,,,,,,,,,,,,,,,,,0.0,152526.0,0.0,23948.0,0.0,214.0,
2018-03-01,,,,,,,,,,,,,,,,,,,0.0,207196.0,0.0,61340.0,0.0,342.0,
2018-03-02,,,,,,,,,,,,,,,,,,,2.0,440516.0,22.0,69410.0,0.0,1226.0,
2018-03-05,,,,,,,,,,,,,,,,,,,0.0,300964.0,0.0,40006.0,0.0,372.0,
2018-03-06,,,,,,,,,,,,,,,,,,,0.0,209082.0,0.0,39754.0,2.0,524.0,
2018-03-07,,,,,,,,,,,,,,,,,,,0.0,168370.0,0.0,43702.0,0.0,412.0,
2018-03-08,,,,,,,,,,,,,,,,,,,0.0,175098.0,0.0,40626.0,0.0,514.0,
2018-03-09,,,,,,,,,,,,,,,,,,,0.0,220514.0,0.0,55710.0,0.0,444.0,
2018-03-12,,,,,,,,,,,,,,,,,,,0.0,236662.0,0.0,49986.0,0.0,680.0,
2018-03-13,,,,,,,,,,,,,,,,,,,0.0,127104.0,4.0,24172.0,0.0,100.0,
2018-03-14,,,,,,,,,,,,,,,,,,,0.0,89386.0,10.0,25700.0,0.0,246.0,
2018-03-15,,,,,,,,,,,,,,,,,,,,156776.0,18.0,36592.0,0.0,1390.0,0.0
2018-03-16,,,,,,,,,,,,,,,,,,,,136882.0,0.0,33630.0,0.0,364.0,0.0
2018-03-19,,,,,,,,,,,,,,,,,,,,140442.0,0.0,27122.0,0.0,468.0,0.0
2018-03-20,,,,,,,,,,,,,,,,,,,,144310.0,78.0,33292.0,0.0,1170.0,0.0
2018-03-21,,,,,,,,,,,,,,,,,,,,170104.0,34.0,25466.0,0.0,706.0,2.0
2018-03-22,,,,,,,,,,,,,,,,,,,,246882.0,6.0,47180.0,0.0,1458.0,0.0
2018-03-23,,,,,,,,,,,,,,,,,,,,176054.0,52.0,51004.0,0.0,896.0,0.0
2018-03-26,,,,,,,,,,,,,,,,,,,,115792.0,52.0,38502.0,0.0,298.0,0.0
2018-03-27,,,,,,,,,,,,,,,,,,,,126762.0,0.0,40664.0,0.0,2086.0,2.0
2018-03-28,,,,,,,,,,,,,,,,,,,,298226.0,6.0,84582.0,0.0,1282.0,0.0
2018-03-29,,,,,,,,,,,,,,,,,,,,183826.0,0.0,36684.0,0.0,1308.0,0.0
