,IC1505.CFE,IC1506.CFE,IC1507.CFE,IC1508.CFE,IC1509.CFE,IC1510.CFE,IC1511.CFE,IC1512.CFE,IC1601.CFE,IC1602.CFE,IC1603.CFE,IC1604.CFE,IC1605.CFE,IC1606.CFE,IC1607.CFE,IC1608.CFE,IC1609.CFE,IC1610.CFE,IC1611.CFE,IC1612.CFE,IC1701.CFE,IC1702.CFE,IC1703.CFE,IC1704.CFE,IC1705.CFE,IC1706.CFE,IC1707.CFE,IC1708.CFE,IC1709.CFE,IC1710.CFE,IC1711.CFE,IC1712.CFE,IC1801.CFE,IC1802.CFE,IC1803.CFE,IC1806.CFE,IC1804.CFE,IC1805.CFE,IC1809.CFE
2015-04-16,6643.0,856.0,,,215.0,,,226.0,,,,,,,,,,,,,,,,,,,,,,,,,,,,,,,
2015-04-17,9144.0,1352.0,,,298.0,,,365.0,,,,,,,,,,,,,,,,,,,,,,,,,,,,,,,
2015-04-20,10706.0,1491.0,,,343.0,,,469.0,,,,,,,,,,,,,,,,,,,,,,,,,,,,,,,
2015-04-21,16732.0,1761.0,,,401.0,,,630.0,,,,,,,,,,,,,,,,,,,,,,,,,,,,,,,
2015-04-22,14854.0,1718.0,,,423.0,,,739.0,,,,,,,,,,,,,,,,,,,,,,,,,,,,,,,
2015-04-23,14805.0,1761.0,,,464.0,,,800.0,,,,,,,,,,,,,,,,,,,,,,,,,,,,,,,
2015-04-24,14603.0,2235.0,,,384.0,,,893.0,,,,,,,,,,,,,,,,,,,,,,,,,,,,,,,
2015-04-27,15187.0,2596.0,,,608.0,,,909.0,,,,,,,,,,,,,,,,,,,,,,,,,,,,,,,
2015-04-28,15900.0,2753.0,,,607.0,,,929.0,,,,,,,,,,,,,,,,,,,,,,,,,,,,,,,
2015-04-29,17677.0,2889.0,,,690.0,,,979.0,,,,,,,,,,,,,,,,,,,,,,,,,,,,,,,
2015-04-30,16354.0,3046.0,,,711.0,,,989.0,,,,,,,,,,,,,,,,,,,,,,,,,,,,,,,
2015-05-04,16271.0,3328.0,,,764.0,,,986.0,,,,,,,,,,,,,,,,,,,,,,,,,,,,,,,
2015-05-05,15884.0,3923.0,,,841.0,,,971.0,,,,,,,,,,,,,,,,,,,,,,,,,,,,,,,
2015-05-06,15456.0,4019.0,,,845.0,,,1005.0,,,,,,,,,,,,,,,,,,,,,,,,,,,,,,,
2015-05-07,15127.0,4074.0,,,827.0,,,910.0,,,,,,,,,,,,,,,,,,,,,,,,,,,,,,,
2015-05-08,16258.0,4183.0,,,1126.0,,,932.0,,,,,,,,,,,,,,,,,,,,,,,,,,,,,,,
2015-05-11,16314.0,5421.0,,,1395.0,,,983.0,,,,,,,,,,,,,,,,,,,,,,,,,,,,,,,
2015-05-12,14671.0,11079.0,,,1486.0,,,1057.0,,,,,,,,,,,,,,,,,,,,,,,,,,,,,,,
2015-05-13,14624.0,16503.0,,,1931.0,,,1325.0,,,,,,,,,,,,,,,,,,,,,,,,,,,,,,,
2015-05-14,8971.0,23309.0,,,2273.0,,,1357.0,,,,,,,,,,,,,,,,,,,,,,,,,,,,,,,
2015-05-15,0.0,28064.0,,,1979.0,,,1431.0,,,,,,,,,,,,,,,,,,,,,,,,,,,,,,,
2015-05-18,0.0,32183.0,490.0,,2156.0,,,1475.0,,,,,,,,,,,,,,,,,,,,,,,,,,,,,,,
2015-05-19,0.0,33556.0,620.0,,2468.0,,,1596.0,,,,,,,,,,,,,,,,,,,,,,,,,,,,,,,
2015-05-20,0.0,35302.0,846.0,,2407.0,,,1600.0,,,,,,,,,,,,,,,,,,,,,,,,,,,,,,,
2015-05-21,0.0,38615.0,848.0,,2598.0,,,1901.0,,,,,,,,,,,,,,,,,,,,,,,,,,,,,,,
2015-05-22,0.0,37707.0,1114.0,,2482.0,,,1882.0,,,,,,,,,,,,,,,,,,,,,,,,,,,,,,,
2015-05-25,0.0,39837.0,1059.0,,2514.0,,,1888.0,,,,,,,,,,,,,,,,,,,,,,,,,,,,,,,
2015-05-26,0.0,40848.0,1211.0,,2717.0,,,2078.0,,,,,,,,,,,,,,,,,,,,,,,,,,,,,,,
2015-05-27,0.0,42800.0,2344.0,,3404.0,,,2053.0,,,,,,,,,,,,,,,,,,,,,,,,,,,,,,,
2015-05-28,0.0,40149.0,4345.0,,4368.0,,,2569.0,,,,,,,,,,,,,,,,,,,,,,,,,,,,,,,
2015-05-29,0.0,40059.0,5250.0,,4785.0,,,3040.0,,,,,,,,,,,,,,,,,,,,,,,,,,,,,,,
2015-06-01,0.0,45365.0,5923.0,,5671.0,,,3110.0,,,,,,,,,,,,,,,,,,,,,,,,,,,,,,,
2015-06-02,0.0,44075.0,6404.0,,5968.0,,,3044.0,,,,,,,,,,,,,,,,,,,,,,,,,,,,,,,
2015-06-03,0.0,44367.0,6731.0,,6544.0,,,3000.0,,,,,,,,,,,,,,,,,,,,,,,,,,,,,,,
2015-06-04,0.0,35808.0,8649.0,,5941.0,,,3148.0,,,,,,,,,,,,,,,,,,,,,,,,,,,,,,,
2015-06-05,0.0,33977.0,8723.0,,5399.0,,,3126.0,,,,,,,,,,,,,,,,,,,,,,,,,,,,,,,
2015-06-08,0.0,31732.0,9489.0,,6069.0,,,3194.0,,,,,,,,,,,,,,,,,,,,,,,,,,,,,,,
2015-06-09,0.0,31957.0,9096.0,,6226.0,,,3258.0,,,,,,,,,,,,,,,,,,,,,,,,,,,,,,,
2015-06-10,0.0,34462.0,8043.0,,6324.0,,,3273.0,,,,,,,,,,,,,,,,,,,,,,,,,,,,,,,
2015-06-11,0.0,33448.0,8576.0,,6368.0,,,3337.0,,,,,,,,,,,,,,,,,,,,,,,,,,,,,,,
2015-06-12,0.0,29351.0,9005.0,,6395.0,,,3241.0,,,,,,,,,,,,,,,,,,,,,,,,,,,,,,,
2015-06-15,0.0,27571.0,15112.0,,6938.0,,,3287.0,,,,,,,,,,,,,,,,,,,,,,,,,,,,,,,
2015-06-16,0.0,20877.0,17686.0,,6825.0,,,3253.0,,,,,,,,,,,,,,,,,,,,,,,,,,,,,,,
2015-06-17,0.0,15555.0,23260.0,,6957.0,,,3372.0,,,,,,,,,,,,,,,,,,,,,,,,,,,,,,,
2015-06-18,0.0,6808.0,31846.0,,7296.0,,,3352.0,,,,,,,,,,,,,,,,,,,,,,,,,,,,,,,
2015-06-19,0.0,0.0,31879.0,,7202.0,,,3379.0,,,,,,,,,,,,,,,,,,,,,,,,,,,,,,,
2015-06-23,0.0,0.0,34580.0,176.0,6893.0,,,3529.0,,,,,,,,,,,,,,,,,,,,,,,,,,,,,,,
2015-06-24,0.0,0.0,30433.0,249.0,6719.0,,,3609.0,,,,,,,,,,,,,,,,,,,,,,,,,,,,,,,
2015-06-25,0.0,0.0,29295.0,393.0,7110.0,,,3705.0,,,,,,,,,,,,,,,,,,,,,,,,,,,,,,,
2015-06-26,0.0,0.0,31210.0,472.0,6806.0,,,3976.0,,,,,,,,,,,,,,,,,,,,,,,,,,,,,,,
2015-06-29,0.0,0.0,26304.0,730.0,4132.0,,,3594.0,,,,,,,,,,,,,,,,,,,,,,,,,,,,,,,
2015-06-30,0.0,0.0,25361.0,714.0,3659.0,,,3339.0,,,,,,,,,,,,,,,,,,,,,,,,,,,,,,,
2015-07-01,0.0,0.0,24877.0,767.0,4186.0,,,2768.0,,,,,,,,,,,,,,,,,,,,,,,,,,,,,,,
2015-07-02,0.0,0.0,20707.0,779.0,3718.0,,,2774.0,,,,,,,,,,,,,,,,,,,,,,,,,,,,,,,
2015-07-03,0.0,0.0,24505.0,908.0,2900.0,,,2742.0,,,,,,,,,,,,,,,,,,,,,,,,,,,,,,,
2015-07-06,0.0,0.0,23966.0,833.0,3017.0,,,2532.0,,,,,,,,,,,,,,,,,,,,,,,,,,,,,,,
2015-07-07,0.0,0.0,22106.0,807.0,2678.0,,,2295.0,,,,,,,,,,,,,,,,,,,,,,,,,,,,,,,
2015-07-08,0.0,0.0,15144.0,824.0,2408.0,,,2016.0,,,,,,,,,,,,,,,,,,,,,,,,,,,,,,,
2015-07-09,0.0,0.0,13333.0,776.0,2366.0,,,1876.0,,,,,,,,,,,,,,,,,,,,,,,,,,,,,,,
2015-07-10,0.0,0.0,11715.0,798.0,2606.0,,,1792.0,,,,,,,,,,,,,,,,,,,,,,,,,,,,,,,
2015-07-13,0.0,0.0,10281.0,2128.0,4307.0,,,1808.0,,,,,,,,,,,,,,,,,,,,,,,,,,,,,,,
2015-07-14,0.0,0.0,6837.0,4118.0,4258.0,,,1779.0,,,,,,,,,,,,,,,,,,,,,,,,,,,,,,,
2015-07-15,0.0,0.0,5579.0,6569.0,4221.0,,,1782.0,,,,,,,,,,,,,,,,,,,,,,,,,,,,,,,
2015-07-16,0.0,0.0,1828.0,8451.0,4260.0,,,1806.0,,,,,,,,,,,,,,,,,,,,,,,,,,,,,,,
2015-07-17,0.0,0.0,0.0,10762.0,5404.0,,,1882.0,,,,,,,,,,,,,,,,,,,,,,,,,,,,,,,
2015-07-20,0.0,0.0,0.0,11187.0,5058.0,,,1882.0,,,56.0,,,,,,,,,,,,,,,,,,,,,,,,,,,,
2015-07-21,0.0,0.0,0.0,9804.0,4307.0,,,1868.0,,,66.0,,,,,,,,,,,,,,,,,,,,,,,,,,,,
2015-07-22,0.0,0.0,0.0,10619.0,4167.0,,,1867.0,,,70.0,,,,,,,,,,,,,,,,,,,,,,,,,,,,
2015-07-23,0.0,0.0,0.0,11372.0,4399.0,,,1927.0,,,98.0,,,,,,,,,,,,,,,,,,,,,,,,,,,,
2015-07-24,0.0,0.0,0.0,11838.0,4453.0,,,1938.0,,,110.0,,,,,,,,,,,,,,,,,,,,,,,,,,,,
2015-07-27,0.0,0.0,0.0,12095.0,4649.0,,,2086.0,,,135.0,,,,,,,,,,,,,,,,,,,,,,,,,,,,
2015-07-28,0.0,0.0,0.0,11401.0,4695.0,,,1942.0,,,138.0,,,,,,,,,,,,,,,,,,,,,,,,,,,,
2015-07-29,0.0,0.0,0.0,11127.0,4672.0,,,1967.0,,,117.0,,,,,,,,,,,,,,,,,,,,,,,,,,,,
2015-07-30,0.0,0.0,0.0,11345.0,4493.0,,,2071.0,,,118.0,,,,,,,,,,,,,,,,,,,,,,,,,,,,
2015-07-31,0.0,0.0,0.0,10625.0,4526.0,,,2056.0,,,132.0,,,,,,,,,,,,,,,,,,,,,,,,,,,,
2015-08-03,0.0,0.0,0.0,11396.0,4522.0,,,2042.0,,,140.0,,,,,,,,,,,,,,,,,,,,,,,,,,,,
2015-08-04,0.0,0.0,0.0,11310.0,4955.0,,,2106.0,,,163.0,,,,,,,,,,,,,,,,,,,,,,,,,,,,
2015-08-05,0.0,0.0,0.0,10723.0,5085.0,,,2101.0,,,174.0,,,,,,,,,,,,,,,,,,,,,,,,,,,,
2015-08-06,0.0,0.0,0.0,11038.0,5225.0,,,2102.0,,,197.0,,,,,,,,,,,,,,,,,,,,,,,,,,,,
2015-08-07,0.0,0.0,0.0,11483.0,5385.0,,,1912.0,,,191.0,,,,,,,,,,,,,,,,,,,,,,,,,,,,
2015-08-10,0.0,0.0,0.0,12475.0,5501.0,,,2023.0,,,204.0,,,,,,,,,,,,,,,,,,,,,,,,,,,,
2015-08-11,0.0,0.0,0.0,11063.0,5739.0,,,2071.0,,,218.0,,,,,,,,,,,,,,,,,,,,,,,,,,,,
2015-08-12,0.0,0.0,0.0,10608.0,5979.0,,,2104.0,,,240.0,,,,,,,,,,,,,,,,,,,,,,,,,,,,
2015-08-13,0.0,0.0,0.0,11158.0,6040.0,,,2117.0,,,264.0,,,,,,,,,,,,,,,,,,,,,,,,,,,,
2015-08-14,0.0,0.0,0.0,10775.0,6363.0,,,2099.0,,,327.0,,,,,,,,,,,,,,,,,,,,,,,,,,,,
2015-08-17,0.0,0.0,0.0,10505.0,7987.0,,,2164.0,,,359.0,,,,,,,,,,,,,,,,,,,,,,,,,,,,
2015-08-18,0.0,0.0,0.0,8469.0,8651.0,,,2161.0,,,377.0,,,,,,,,,,,,,,,,,,,,,,,,,,,,
2015-08-19,0.0,0.0,0.0,5614.0,11786.0,,,2327.0,,,365.0,,,,,,,,,,,,,,,,,,,,,,,,,,,,
2015-08-20,0.0,0.0,0.0,3146.0,14151.0,,,2353.0,,,398.0,,,,,,,,,,,,,,,,,,,,,,,,,,,,
2015-08-21,0.0,0.0,0.0,0.0,13814.0,,,2411.0,,,407.0,,,,,,,,,,,,,,,,,,,,,,,,,,,,
2015-08-24,0.0,0.0,0.0,0.0,15574.0,338.0,,2734.0,,,440.0,,,,,,,,,,,,,,,,,,,,,,,,,,,,
2015-08-25,0.0,0.0,0.0,0.0,15352.0,868.0,,2782.0,,,558.0,,,,,,,,,,,,,,,,,,,,,,,,,,,,
2015-08-26,0.0,0.0,0.0,0.0,15626.0,1344.0,,2713.0,,,564.0,,,,,,,,,,,,,,,,,,,,,,,,,,,,
2015-08-27,0.0,0.0,0.0,0.0,15306.0,1011.0,,2829.0,,,636.0,,,,,,,,,,,,,,,,,,,,,,,,,,,,
2015-08-28,0.0,0.0,0.0,0.0,15107.0,885.0,,2700.0,,,590.0,,,,,,,,,,,,,,,,,,,,,,,,,,,,
2015-08-31,0.0,0.0,0.0,0.0,13352.0,719.0,,2644.0,,,599.0,,,,,,,,,,,,,,,,,,,,,,,,,,,,
2015-09-01,0.0,0.0,0.0,0.0,14164.0,1108.0,,2900.0,,,649.0,,,,,,,,,,,,,,,,,,,,,,,,,,,,
2015-09-02,0.0,0.0,0.0,0.0,14495.0,1443.0,,3113.0,,,840.0,,,,,,,,,,,,,,,,,,,,,,,,,,,,
2015-09-07,0.0,0.0,0.0,0.0,11072.0,1327.0,,2784.0,,,740.0,,,,,,,,,,,,,,,,,,,,,,,,,,,,
2015-09-08,0.0,0.0,0.0,0.0,9509.0,1414.0,,2604.0,,,670.0,,,,,,,,,,,,,,,,,,,,,,,,,,,,
2015-09-09,0.0,0.0,0.0,0.0,9401.0,1636.0,,2545.0,,,636.0,,,,,,,,,,,,,,,,,,,,,,,,,,,,
2015-09-10,0.0,0.0,0.0,0.0,9113.0,1837.0,,2615.0,,,647.0,,,,,,,,,,,,,,,,,,,,,,,,,,,,
2015-09-11,0.0,0.0,0.0,0.0,8907.0,2101.0,,2612.0,,,646.0,,,,,,,,,,,,,,,,,,,,,,,,,,,,
2015-09-14,0.0,0.0,0.0,0.0,7599.0,2453.0,,2626.0,,,662.0,,,,,,,,,,,,,,,,,,,,,,,,,,,,
2015-09-15,0.0,0.0,0.0,0.0,6912.0,3255.0,,2699.0,,,708.0,,,,,,,,,,,,,,,,,,,,,,,,,,,,
2015-09-16,0.0,0.0,0.0,0.0,5599.0,4528.0,,2750.0,,,703.0,,,,,,,,,,,,,,,,,,,,,,,,,,,,
2015-09-17,0.0,0.0,0.0,0.0,3636.0,6170.0,,2800.0,,,736.0,,,,,,,,,,,,,,,,,,,,,,,,,,,,
2015-09-18,0.0,0.0,0.0,0.0,0.0,7371.0,,2908.0,,,733.0,,,,,,,,,,,,,,,,,,,,,,,,,,,,
2015-09-21,0.0,0.0,0.0,0.0,0.0,8588.0,230.0,2982.0,,,749.0,,,,,,,,,,,,,,,,,,,,,,,,,,,,
2015-09-22,0.0,0.0,0.0,0.0,0.0,8743.0,222.0,3089.0,,,753.0,,,,,,,,,,,,,,,,,,,,,,,,,,,,
2015-09-23,0.0,0.0,0.0,0.0,0.0,9004.0,298.0,3233.0,,,752.0,,,,,,,,,,,,,,,,,,,,,,,,,,,,
2015-09-24,0.0,0.0,0.0,0.0,0.0,9329.0,316.0,3308.0,,,782.0,,,,,,,,,,,,,,,,,,,,,,,,,,,,
2015-09-25,0.0,0.0,0.0,0.0,0.0,8974.0,365.0,3372.0,,,807.0,,,,,,,,,,,,,,,,,,,,,,,,,,,,
2015-09-28,0.0,0.0,0.0,0.0,0.0,9251.0,367.0,3510.0,,,783.0,,,,,,,,,,,,,,,,,,,,,,,,,,,,
2015-09-29,0.0,0.0,0.0,0.0,0.0,9170.0,379.0,3550.0,,,774.0,,,,,,,,,,,,,,,,,,,,,,,,,,,,
2015-09-30,0.0,0.0,0.0,0.0,0.0,8796.0,396.0,3608.0,,,772.0,,,,,,,,,,,,,,,,,,,,,,,,,,,,
2015-10-08,0.0,0.0,0.0,0.0,0.0,9007.0,524.0,3616.0,,,778.0,,,,,,,,,,,,,,,,,,,,,,,,,,,,
2015-10-09,0.0,0.0,0.0,0.0,0.0,8901.0,638.0,3795.0,,,776.0,,,,,,,,,,,,,,,,,,,,,,,,,,,,
2015-10-12,0.0,0.0,0.0,0.0,0.0,8977.0,1155.0,3972.0,,,762.0,,,,,,,,,,,,,,,,,,,,,,,,,,,,
2015-10-13,0.0,0.0,0.0,0.0,0.0,8048.0,1603.0,4098.0,,,779.0,,,,,,,,,,,,,,,,,,,,,,,,,,,,
2015-10-14,0.0,0.0,0.0,0.0,0.0,6782.0,2391.0,4121.0,,,797.0,,,,,,,,,,,,,,,,,,,,,,,,,,,,
2015-10-15,0.0,0.0,0.0,0.0,0.0,4445.0,5061.0,4386.0,,,800.0,,,,,,,,,,,,,,,,,,,,,,,,,,,,
2015-10-16,0.0,0.0,0.0,0.0,0.0,0.0,7443.0,4639.0,,,836.0,,,,,,,,,,,,,,,,,,,,,,,,,,,,
2015-10-19,0.0,0.0,0.0,0.0,0.0,0.0,8196.0,4697.0,,,869.0,,,15.0,,,,,,,,,,,,,,,,,,,,,,,,,
2015-10-20,0.0,0.0,0.0,0.0,0.0,0.0,8956.0,4842.0,,,868.0,,,26.0,,,,,,,,,,,,,,,,,,,,,,,,,
2015-10-21,0.0,0.0,0.0,0.0,0.0,0.0,9261.0,4824.0,,,905.0,,,55.0,,,,,,,,,,,,,,,,,,,,,,,,,
2015-10-22,0.0,0.0,0.0,0.0,0.0,0.0,9983.0,5040.0,,,910.0,,,52.0,,,,,,,,,,,,,,,,,,,,,,,,,
2015-10-23,0.0,0.0,0.0,0.0,0.0,0.0,10045.0,5095.0,,,895.0,,,56.0,,,,,,,,,,,,,,,,,,,,,,,,,
2015-10-26,0.0,0.0,0.0,0.0,0.0,0.0,10328.0,5199.0,,,937.0,,,60.0,,,,,,,,,,,,,,,,,,,,,,,,,
2015-10-27,0.0,0.0,0.0,0.0,0.0,0.0,10853.0,5258.0,,,925.0,,,61.0,,,,,,,,,,,,,,,,,,,,,,,,,
2015-10-28,0.0,0.0,0.0,0.0,0.0,0.0,10741.0,5303.0,,,930.0,,,64.0,,,,,,,,,,,,,,,,,,,,,,,,,
2015-10-29,0.0,0.0,0.0,0.0,0.0,0.0,11261.0,5396.0,,,924.0,,,71.0,,,,,,,,,,,,,,,,,,,,,,,,,
2015-10-30,0.0,0.0,0.0,0.0,0.0,0.0,11732.0,5276.0,,,937.0,,,75.0,,,,,,,,,,,,,,,,,,,,,,,,,
2015-11-02,0.0,0.0,0.0,0.0,0.0,0.0,12019.0,5271.0,,,951.0,,,82.0,,,,,,,,,,,,,,,,,,,,,,,,,
2015-11-03,0.0,0.0,0.0,0.0,0.0,0.0,11972.0,5218.0,,,951.0,,,90.0,,,,,,,,,,,,,,,,,,,,,,,,,
2015-11-04,0.0,0.0,0.0,0.0,0.0,0.0,12299.0,5166.0,,,917.0,,,88.0,,,,,,,,,,,,,,,,,,,,,,,,,
2015-11-05,0.0,0.0,0.0,0.0,0.0,0.0,11270.0,4965.0,,,913.0,,,108.0,,,,,,,,,,,,,,,,,,,,,,,,,
2015-11-06,0.0,0.0,0.0,0.0,0.0,0.0,11479.0,5092.0,,,903.0,,,129.0,,,,,,,,,,,,,,,,,,,,,,,,,
2015-11-09,0.0,0.0,0.0,0.0,0.0,0.0,11298.0,5232.0,,,979.0,,,141.0,,,,,,,,,,,,,,,,,,,,,,,,,
2015-11-10,0.0,0.0,0.0,0.0,0.0,0.0,10651.0,5399.0,,,1004.0,,,150.0,,,,,,,,,,,,,,,,,,,,,,,,,
2015-11-11,0.0,0.0,0.0,0.0,0.0,0.0,10705.0,5654.0,,,1009.0,,,187.0,,,,,,,,,,,,,,,,,,,,,,,,,
2015-11-12,0.0,0.0,0.0,0.0,0.0,0.0,10313.0,5879.0,,,1032.0,,,195.0,,,,,,,,,,,,,,,,,,,,,,,,,
2015-11-13,0.0,0.0,0.0,0.0,0.0,0.0,10101.0,6233.0,,,1042.0,,,199.0,,,,,,,,,,,,,,,,,,,,,,,,,
2015-11-16,0.0,0.0,0.0,0.0,0.0,0.0,9544.0,6957.0,,,1060.0,,,205.0,,,,,,,,,,,,,,,,,,,,,,,,,
2015-11-17,0.0,0.0,0.0,0.0,0.0,0.0,7899.0,7804.0,,,1076.0,,,215.0,,,,,,,,,,,,,,,,,,,,,,,,,
2015-11-18,0.0,0.0,0.0,0.0,0.0,0.0,6295.0,9291.0,,,1110.0,,,216.0,,,,,,,,,,,,,,,,,,,,,,,,,
2015-11-19,0.0,0.0,0.0,0.0,0.0,0.0,4034.0,11576.0,,,1116.0,,,215.0,,,,,,,,,,,,,,,,,,,,,,,,,
2015-11-20,0.0,0.0,0.0,0.0,0.0,0.0,0.0,12890.0,,,1213.0,,,223.0,,,,,,,,,,,,,,,,,,,,,,,,,
2015-11-23,0.0,0.0,0.0,0.0,0.0,0.0,0.0,14000.0,325.0,,1313.0,,,238.0,,,,,,,,,,,,,,,,,,,,,,,,,
2015-11-24,0.0,0.0,0.0,0.0,0.0,0.0,0.0,14422.0,333.0,,1294.0,,,250.0,,,,,,,,,,,,,,,,,,,,,,,,,
2015-11-25,0.0,0.0,0.0,0.0,0.0,0.0,0.0,14962.0,455.0,,1286.0,,,275.0,,,,,,,,,,,,,,,,,,,,,,,,,
2015-11-26,0.0,0.0,0.0,0.0,0.0,0.0,0.0,14985.0,475.0,,1343.0,,,285.0,,,,,,,,,,,,,,,,,,,,,,,,,
2015-11-27,0.0,0.0,0.0,0.0,0.0,0.0,0.0,14526.0,707.0,,1375.0,,,297.0,,,,,,,,,,,,,,,,,,,,,,,,,
2015-11-30,0.0,0.0,0.0,0.0,0.0,0.0,0.0,15403.0,785.0,,1410.0,,,334.0,,,,,,,,,,,,,,,,,,,,,,,,,
2015-12-01,0.0,0.0,0.0,0.0,0.0,0.0,0.0,15420.0,882.0,,1431.0,,,341.0,,,,,,,,,,,,,,,,,,,,,,,,,
2015-12-02,0.0,0.0,0.0,0.0,0.0,0.0,0.0,15847.0,1010.0,,1484.0,,,374.0,,,,,,,,,,,,,,,,,,,,,,,,,
2015-12-03,0.0,0.0,0.0,0.0,0.0,0.0,0.0,15908.0,1093.0,,1547.0,,,375.0,,,,,,,,,,,,,,,,,,,,,,,,,
2015-12-04,0.0,0.0,0.0,0.0,0.0,0.0,0.0,15423.0,1193.0,,1550.0,,,403.0,,,,,,,,,,,,,,,,,,,,,,,,,
2015-12-07,0.0,0.0,0.0,0.0,0.0,0.0,0.0,15365.0,1392.0,,1548.0,,,414.0,,,,,,,,,,,,,,,,,,,,,,,,,
2015-12-08,0.0,0.0,0.0,0.0,0.0,0.0,0.0,15375.0,1554.0,,1580.0,,,435.0,,,,,,,,,,,,,,,,,,,,,,,,,
2015-12-09,0.0,0.0,0.0,0.0,0.0,0.0,0.0,15264.0,1831.0,,1636.0,,,458.0,,,,,,,,,,,,,,,,,,,,,,,,,
2015-12-10,0.0,0.0,0.0,0.0,0.0,0.0,0.0,14719.0,2143.0,,1685.0,,,491.0,,,,,,,,,,,,,,,,,,,,,,,,,
2015-12-11,0.0,0.0,0.0,0.0,0.0,0.0,0.0,13989.0,2589.0,,1737.0,,,509.0,,,,,,,,,,,,,,,,,,,,,,,,,
2015-12-14,0.0,0.0,0.0,0.0,0.0,0.0,0.0,12249.0,3618.0,,1677.0,,,521.0,,,,,,,,,,,,,,,,,,,,,,,,,
2015-12-15,0.0,0.0,0.0,0.0,0.0,0.0,0.0,10390.0,4583.0,,1641.0,,,536.0,,,,,,,,,,,,,,,,,,,,,,,,,
2015-12-16,0.0,0.0,0.0,0.0,0.0,0.0,0.0,8545.0,6052.0,,1707.0,,,553.0,,,,,,,,,,,,,,,,,,,,,,,,,
2015-12-17,0.0,0.0,0.0,0.0,0.0,0.0,0.0,5797.0,8820.0,,1723.0,,,575.0,,,,,,,,,,,,,,,,,,,,,,,,,
2015-12-18,0.0,0.0,0.0,0.0,0.0,0.0,0.0,0.0,10986.0,,1800.0,,,576.0,,,,,,,,,,,,,,,,,,,,,,,,,
2015-12-21,0.0,0.0,0.0,0.0,0.0,0.0,0.0,0.0,12144.0,166.0,1840.0,,,604.0,,,,,,,,,,,,,,,,,,,,,,,,,
2015-12-22,0.0,0.0,0.0,0.0,0.0,0.0,0.0,0.0,12143.0,269.0,1937.0,,,623.0,,,,,,,,,,,,,,,,,,,,,,,,,
2015-12-23,0.0,0.0,0.0,0.0,0.0,0.0,0.0,0.0,12296.0,323.0,1983.0,,,658.0,,,,,,,,,,,,,,,,,,,,,,,,,
2015-12-24,0.0,0.0,0.0,0.0,0.0,0.0,0.0,0.0,12843.0,405.0,1994.0,,,686.0,,,,,,,,,,,,,,,,,,,,,,,,,
2015-12-25,0.0,0.0,0.0,0.0,0.0,0.0,0.0,0.0,12940.0,458.0,1997.0,,,721.0,,,,,,,,,,,,,,,,,,,,,,,,,
2015-12-28,0.0,0.0,0.0,0.0,0.0,0.0,0.0,0.0,13027.0,535.0,2084.0,,,762.0,,,,,,,,,,,,,,,,,,,,,,,,,
2015-12-29,0.0,0.0,0.0,0.0,0.0,0.0,0.0,0.0,13862.0,553.0,2151.0,,,790.0,,,,,,,,,,,,,,,,,,,,,,,,,
2015-12-30,0.0,0.0,0.0,0.0,0.0,0.0,0.0,0.0,14413.0,550.0,2166.0,,,795.0,,,,,,,,,,,,,,,,,,,,,,,,,
2015-12-31,0.0,0.0,0.0,0.0,0.0,0.0,0.0,0.0,14285.0,598.0,2208.0,,,819.0,,,,,,,,,,,,,,,,,,,,,,,,,
2016-01-04,0.0,0.0,0.0,0.0,0.0,0.0,0.0,0.0,13616.0,631.0,2208.0,,,839.0,,,,,,,,,,,,,,,,,,,,,,,,,
2016-01-05,0.0,0.0,0.0,0.0,0.0,0.0,0.0,0.0,14978.0,839.0,2398.0,,,928.0,,,,,,,,,,,,,,,,,,,,,,,,,
2016-01-06,0.0,0.0,0.0,0.0,0.0,0.0,0.0,0.0,14346.0,928.0,2437.0,,,949.0,,,,,,,,,,,,,,,,,,,,,,,,,
2016-01-07,0.0,0.0,0.0,0.0,0.0,0.0,0.0,0.0,13502.0,946.0,2400.0,,,956.0,,,,,,,,,,,,,,,,,,,,,,,,,
2016-01-08,0.0,0.0,0.0,0.0,0.0,0.0,0.0,0.0,14367.0,1454.0,2739.0,,,1022.0,,,,,,,,,,,,,,,,,,,,,,,,,
2016-01-11,0.0,0.0,0.0,0.0,0.0,0.0,0.0,0.0,13600.0,1993.0,2695.0,,,1136.0,,,,,,,,,,,,,,,,,,,,,,,,,
2016-01-12,0.0,0.0,0.0,0.0,0.0,0.0,0.0,0.0,11939.0,3669.0,2966.0,,,1152.0,,,,,,,,,,,,,,,,,,,,,,,,,
2016-01-13,0.0,0.0,0.0,0.0,0.0,0.0,0.0,0.0,10031.0,5205.0,3408.0,,,1200.0,,,,,,,,,,,,,,,,,,,,,,,,,
2016-01-14,0.0,0.0,0.0,0.0,0.0,0.0,0.0,0.0,6155.0,9025.0,4041.0,,,1238.0,,,,,,,,,,,,,,,,,,,,,,,,,
2016-01-15,0.0,0.0,0.0,0.0,0.0,0.0,0.0,0.0,0.0,12310.0,4396.0,,,1318.0,,,,,,,,,,,,,,,,,,,,,,,,,
2016-01-18,0.0,0.0,0.0,0.0,0.0,0.0,0.0,0.0,0.0,14010.0,4471.0,,,1376.0,,,66.0,,,,,,,,,,,,,,,,,,,,,,
2016-01-19,0.0,0.0,0.0,0.0,0.0,0.0,0.0,0.0,0.0,14526.0,4723.0,,,1374.0,,,119.0,,,,,,,,,,,,,,,,,,,,,,
2016-01-20,0.0,0.0,0.0,0.0,0.0,0.0,0.0,0.0,0.0,14763.0,4949.0,,,1353.0,,,169.0,,,,,,,,,,,,,,,,,,,,,,
2016-01-21,0.0,0.0,0.0,0.0,0.0,0.0,0.0,0.0,0.0,15924.0,5200.0,,,1387.0,,,248.0,,,,,,,,,,,,,,,,,,,,,,
2016-01-22,0.0,0.0,0.0,0.0,0.0,0.0,0.0,0.0,0.0,16430.0,5416.0,,,1425.0,,,366.0,,,,,,,,,,,,,,,,,,,,,,
2016-01-25,0.0,0.0,0.0,0.0,0.0,0.0,0.0,0.0,0.0,16152.0,5530.0,,,1506.0,,,580.0,,,,,,,,,,,,,,,,,,,,,,
2016-01-26,0.0,0.0,0.0,0.0,0.0,0.0,0.0,0.0,0.0,16676.0,5834.0,,,1554.0,,,809.0,,,,,,,,,,,,,,,,,,,,,,
2016-01-27,0.0,0.0,0.0,0.0,0.0,0.0,0.0,0.0,0.0,17346.0,6087.0,,,1639.0,,,956.0,,,,,,,,,,,,,,,,,,,,,,
2016-01-28,0.0,0.0,0.0,0.0,0.0,0.0,0.0,0.0,0.0,17118.0,6108.0,,,1749.0,,,1105.0,,,,,,,,,,,,,,,,,,,,,,
2016-01-29,0.0,0.0,0.0,0.0,0.0,0.0,0.0,0.0,0.0,17250.0,6396.0,,,1808.0,,,1263.0,,,,,,,,,,,,,,,,,,,,,,
2016-02-01,0.0,0.0,0.0,0.0,0.0,0.0,0.0,0.0,0.0,16823.0,6540.0,,,1829.0,,,1339.0,,,,,,,,,,,,,,,,,,,,,,
2016-02-02,0.0,0.0,0.0,0.0,0.0,0.0,0.0,0.0,0.0,16643.0,6844.0,,,1785.0,,,1359.0,,,,,,,,,,,,,,,,,,,,,,
2016-02-03,0.0,0.0,0.0,0.0,0.0,0.0,0.0,0.0,0.0,15852.0,7262.0,,,1800.0,,,1397.0,,,,,,,,,,,,,,,,,,,,,,
2016-02-04,0.0,0.0,0.0,0.0,0.0,0.0,0.0,0.0,0.0,15626.0,7622.0,,,1829.0,,,1449.0,,,,,,,,,,,,,,,,,,,,,,
2016-02-05,0.0,0.0,0.0,0.0,0.0,0.0,0.0,0.0,0.0,14114.0,7868.0,,,1827.0,,,1458.0,,,,,,,,,,,,,,,,,,,,,,
2016-02-15,0.0,0.0,0.0,0.0,0.0,0.0,0.0,0.0,0.0,13380.0,9107.0,,,1894.0,,,1465.0,,,,,,,,,,,,,,,,,,,,,,
2016-02-16,0.0,0.0,0.0,0.0,0.0,0.0,0.0,0.0,0.0,11442.0,11326.0,,,1921.0,,,1491.0,,,,,,,,,,,,,,,,,,,,,,
2016-02-17,0.0,0.0,0.0,0.0,0.0,0.0,0.0,0.0,0.0,8589.0,13929.0,,,2003.0,,,1528.0,,,,,,,,,,,,,,,,,,,,,,
2016-02-18,0.0,0.0,0.0,0.0,0.0,0.0,0.0,0.0,0.0,5317.0,16861.0,,,2067.0,,,1576.0,,,,,,,,,,,,,,,,,,,,,,
2016-02-19,0.0,0.0,0.0,0.0,0.0,0.0,0.0,0.0,0.0,0.0,19870.0,,,2104.0,,,1598.0,,,,,,,,,,,,,,,,,,,,,,
2016-02-22,0.0,0.0,0.0,0.0,0.0,0.0,0.0,0.0,0.0,0.0,20565.0,271.0,,2246.0,,,1616.0,,,,,,,,,,,,,,,,,,,,,,
2016-02-23,0.0,0.0,0.0,0.0,0.0,0.0,0.0,0.0,0.0,0.0,20712.0,294.0,,2340.0,,,1677.0,,,,,,,,,,,,,,,,,,,,,,
2016-02-24,0.0,0.0,0.0,0.0,0.0,0.0,0.0,0.0,0.0,0.0,20866.0,438.0,,2436.0,,,1790.0,,,,,,,,,,,,,,,,,,,,,,
2016-02-25,0.0,0.0,0.0,0.0,0.0,0.0,0.0,0.0,0.0,0.0,20947.0,642.0,,2451.0,,,1936.0,,,,,,,,,,,,,,,,,,,,,,
2016-02-26,0.0,0.0,0.0,0.0,0.0,0.0,0.0,0.0,0.0,0.0,21084.0,729.0,,2490.0,,,2060.0,,,,,,,,,,,,,,,,,,,,,,
2016-02-29,0.0,0.0,0.0,0.0,0.0,0.0,0.0,0.0,0.0,0.0,20867.0,998.0,,2605.0,,,2209.0,,,,,,,,,,,,,,,,,,,,,,
2016-03-01,0.0,0.0,0.0,0.0,0.0,0.0,0.0,0.0,0.0,0.0,20637.0,1111.0,,2659.0,,,2229.0,,,,,,,,,,,,,,,,,,,,,,
2016-03-02,0.0,0.0,0.0,0.0,0.0,0.0,0.0,0.0,0.0,0.0,20637.0,1266.0,,2668.0,,,2230.0,,,,,,,,,,,,,,,,,,,,,,
2016-03-03,0.0,0.0,0.0,0.0,0.0,0.0,0.0,0.0,0.0,0.0,20055.0,1398.0,,2707.0,,,2162.0,,,,,,,,,,,,,,,,,,,,,,
2016-03-04,0.0,0.0,0.0,0.0,0.0,0.0,0.0,0.0,0.0,0.0,19314.0,1714.0,,2725.0,,,2183.0,,,,,,,,,,,,,,,,,,,,,,
2016-03-07,0.0,0.0,0.0,0.0,0.0,0.0,0.0,0.0,0.0,0.0,18679.0,1962.0,,2812.0,,,2267.0,,,,,,,,,,,,,,,,,,,,,,
2016-03-08,0.0,0.0,0.0,0.0,0.0,0.0,0.0,0.0,0.0,0.0,19015.0,2469.0,,2872.0,,,2365.0,,,,,,,,,,,,,,,,,,,,,,
2016-03-09,0.0,0.0,0.0,0.0,0.0,0.0,0.0,0.0,0.0,0.0,18471.0,2823.0,,2930.0,,,2521.0,,,,,,,,,,,,,,,,,,,,,,
2016-03-10,0.0,0.0,0.0,0.0,0.0,0.0,0.0,0.0,0.0,0.0,18455.0,3446.0,,3155.0,,,2588.0,,,,,,,,,,,,,,,,,,,,,,
2016-03-11,0.0,0.0,0.0,0.0,0.0,0.0,0.0,0.0,0.0,0.0,18117.0,4008.0,,3094.0,,,2739.0,,,,,,,,,,,,,,,,,,,,,,
2016-03-14,0.0,0.0,0.0,0.0,0.0,0.0,0.0,0.0,0.0,0.0,16512.0,5701.0,,3315.0,,,2872.0,,,,,,,,,,,,,,,,,,,,,,
2016-03-15,0.0,0.0,0.0,0.0,0.0,0.0,0.0,0.0,0.0,0.0,14163.0,7411.0,,3474.0,,,2996.0,,,,,,,,,,,,,,,,,,,,,,
2016-03-16,0.0,0.0,0.0,0.0,0.0,0.0,0.0,0.0,0.0,0.0,11604.0,11364.0,,3722.0,,,3161.0,,,,,,,,,,,,,,,,,,,,,,
2016-03-17,0.0,0.0,0.0,0.0,0.0,0.0,0.0,0.0,0.0,0.0,6316.0,17145.0,,3833.0,,,3227.0,,,,,,,,,,,,,,,,,,,,,,
2016-03-18,0.0,0.0,0.0,0.0,0.0,0.0,0.0,0.0,0.0,0.0,0.0,21533.0,,4086.0,,,3495.0,,,,,,,,,,,,,,,,,,,,,,
2016-03-21,0.0,0.0,0.0,0.0,0.0,0.0,0.0,0.0,0.0,0.0,0.0,22327.0,248.0,4155.0,,,3551.0,,,,,,,,,,,,,,,,,,,,,,
2016-03-22,0.0,0.0,0.0,0.0,0.0,0.0,0.0,0.0,0.0,0.0,0.0,22529.0,269.0,4050.0,,,3663.0,,,,,,,,,,,,,,,,,,,,,,
2016-03-23,0.0,0.0,0.0,0.0,0.0,0.0,0.0,0.0,0.0,0.0,0.0,23020.0,299.0,4094.0,,,3770.0,,,,,,,,,,,,,,,,,,,,,,
2016-03-24,0.0,0.0,0.0,0.0,0.0,0.0,0.0,0.0,0.0,0.0,0.0,22843.0,382.0,4107.0,,,3748.0,,,,,,,,,,,,,,,,,,,,,,
2016-03-25,0.0,0.0,0.0,0.0,0.0,0.0,0.0,0.0,0.0,0.0,0.0,22661.0,420.0,4174.0,,,3795.0,,,,,,,,,,,,,,,,,,,,,,
2016-03-28,0.0,0.0,0.0,0.0,0.0,0.0,0.0,0.0,0.0,0.0,0.0,22891.0,529.0,4242.0,,,3812.0,,,,,,,,,,,,,,,,,,,,,,
2016-03-29,0.0,0.0,0.0,0.0,0.0,0.0,0.0,0.0,0.0,0.0,0.0,22247.0,715.0,4283.0,,,3873.0,,,,,,,,,,,,,,,,,,,,,,
2016-03-30,0.0,0.0,0.0,0.0,0.0,0.0,0.0,0.0,0.0,0.0,0.0,22100.0,1101.0,4249.0,,,3907.0,,,,,,,,,,,,,,,,,,,,,,
2016-03-31,0.0,0.0,0.0,0.0,0.0,0.0,0.0,0.0,0.0,0.0,0.0,21598.0,1421.0,4280.0,,,3855.0,,,,,,,,,,,,,,,,,,,,,,
2016-04-01,0.0,0.0,0.0,0.0,0.0,0.0,0.0,0.0,0.0,0.0,0.0,20879.0,1780.0,4375.0,,,3830.0,,,,,,,,,,,,,,,,,,,,,,
2016-04-05,0.0,0.0,0.0,0.0,0.0,0.0,0.0,0.0,0.0,0.0,0.0,21156.0,2442.0,4222.0,,,3702.0,,,,,,,,,,,,,,,,,,,,,,
2016-04-06,0.0,0.0,0.0,0.0,0.0,0.0,0.0,0.0,0.0,0.0,0.0,20581.0,3050.0,4315.0,,,3705.0,,,,,,,,,,,,,,,,,,,,,,
2016-04-07,0.0,0.0,0.0,0.0,0.0,0.0,0.0,0.0,0.0,0.0,0.0,20086.0,3850.0,4415.0,,,3805.0,,,,,,,,,,,,,,,,,,,,,,
2016-04-08,0.0,0.0,0.0,0.0,0.0,0.0,0.0,0.0,0.0,0.0,0.0,19253.0,4648.0,4490.0,,,3833.0,,,,,,,,,,,,,,,,,,,,,,
2016-04-11,0.0,0.0,0.0,0.0,0.0,0.0,0.0,0.0,0.0,0.0,0.0,17578.0,5785.0,4529.0,,,3814.0,,,,,,,,,,,,,,,,,,,,,,
2016-04-12,0.0,0.0,0.0,0.0,0.0,0.0,0.0,0.0,0.0,0.0,0.0,15441.0,7382.0,4692.0,,,3841.0,,,,,,,,,,,,,,,,,,,,,,
2016-04-13,0.0,0.0,0.0,0.0,0.0,0.0,0.0,0.0,0.0,0.0,0.0,11554.0,11180.0,4690.0,,,3892.0,,,,,,,,,,,,,,,,,,,,,,
2016-04-14,0.0,0.0,0.0,0.0,0.0,0.0,0.0,0.0,0.0,0.0,0.0,6020.0,15797.0,4849.0,,,3818.0,,,,,,,,,,,,,,,,,,,,,,
2016-04-15,0.0,0.0,0.0,0.0,0.0,0.0,0.0,0.0,0.0,0.0,0.0,0.0,19414.0,4886.0,,,4015.0,,,,,,,,,,,,,,,,,,,,,,
2016-04-18,0.0,0.0,0.0,0.0,0.0,0.0,0.0,0.0,0.0,0.0,0.0,0.0,20573.0,5083.0,,,4057.0,,,216.0,,,,,,,,,,,,,,,,,,,
2016-04-19,0.0,0.0,0.0,0.0,0.0,0.0,0.0,0.0,0.0,0.0,0.0,0.0,21188.0,5077.0,,,4112.0,,,331.0,,,,,,,,,,,,,,,,,,,
2016-04-20,0.0,0.0,0.0,0.0,0.0,0.0,0.0,0.0,0.0,0.0,0.0,0.0,22380.0,5465.0,,,4261.0,,,539.0,,,,,,,,,,,,,,,,,,,
2016-04-21,0.0,0.0,0.0,0.0,0.0,0.0,0.0,0.0,0.0,0.0,0.0,0.0,22584.0,5314.0,,,4196.0,,,630.0,,,,,,,,,,,,,,,,,,,
2016-04-22,0.0,0.0,0.0,0.0,0.0,0.0,0.0,0.0,0.0,0.0,0.0,0.0,22702.0,5357.0,,,4265.0,,,692.0,,,,,,,,,,,,,,,,,,,
2016-04-25,0.0,0.0,0.0,0.0,0.0,0.0,0.0,0.0,0.0,0.0,0.0,0.0,22620.0,5306.0,,,4235.0,,,775.0,,,,,,,,,,,,,,,,,,,
2016-04-26,0.0,0.0,0.0,0.0,0.0,0.0,0.0,0.0,0.0,0.0,0.0,0.0,23019.0,5393.0,,,4267.0,,,854.0,,,,,,,,,,,,,,,,,,,
2016-04-27,0.0,0.0,0.0,0.0,0.0,0.0,0.0,0.0,0.0,0.0,0.0,0.0,23047.0,5511.0,,,4257.0,,,918.0,,,,,,,,,,,,,,,,,,,
2016-04-28,0.0,0.0,0.0,0.0,0.0,0.0,0.0,0.0,0.0,0.0,0.0,0.0,23920.0,5699.0,,,4418.0,,,1034.0,,,,,,,,,,,,,,,,,,,
2016-04-29,0.0,0.0,0.0,0.0,0.0,0.0,0.0,0.0,0.0,0.0,0.0,0.0,23272.0,5669.0,,,4358.0,,,1089.0,,,,,,,,,,,,,,,,,,,
2016-05-03,0.0,0.0,0.0,0.0,0.0,0.0,0.0,0.0,0.0,0.0,0.0,0.0,24047.0,5965.0,,,4295.0,,,1186.0,,,,,,,,,,,,,,,,,,,
2016-05-04,0.0,0.0,0.0,0.0,0.0,0.0,0.0,0.0,0.0,0.0,0.0,0.0,23406.0,6131.0,,,4289.0,,,1285.0,,,,,,,,,,,,,,,,,,,
2016-05-05,0.0,0.0,0.0,0.0,0.0,0.0,0.0,0.0,0.0,0.0,0.0,0.0,23672.0,6499.0,,,4238.0,,,1382.0,,,,,,,,,,,,,,,,,,,
2016-05-06,0.0,0.0,0.0,0.0,0.0,0.0,0.0,0.0,0.0,0.0,0.0,0.0,23189.0,6807.0,,,4219.0,,,1569.0,,,,,,,,,,,,,,,,,,,
2016-05-09,0.0,0.0,0.0,0.0,0.0,0.0,0.0,0.0,0.0,0.0,0.0,0.0,22198.0,7945.0,,,4163.0,,,1737.0,,,,,,,,,,,,,,,,,,,
2016-05-10,0.0,0.0,0.0,0.0,0.0,0.0,0.0,0.0,0.0,0.0,0.0,0.0,21172.0,8432.0,,,4255.0,,,1897.0,,,,,,,,,,,,,,,,,,,
2016-05-11,0.0,0.0,0.0,0.0,0.0,0.0,0.0,0.0,0.0,0.0,0.0,0.0,20300.0,9038.0,,,4295.0,,,1968.0,,,,,,,,,,,,,,,,,,,
2016-05-12,0.0,0.0,0.0,0.0,0.0,0.0,0.0,0.0,0.0,0.0,0.0,0.0,19664.0,9901.0,,,4356.0,,,2153.0,,,,,,,,,,,,,,,,,,,
2016-05-13,0.0,0.0,0.0,0.0,0.0,0.0,0.0,0.0,0.0,0.0,0.0,0.0,18410.0,10573.0,,,4374.0,,,2194.0,,,,,,,,,,,,,,,,,,,
2016-05-16,0.0,0.0,0.0,0.0,0.0,0.0,0.0,0.0,0.0,0.0,0.0,0.0,16188.0,12184.0,,,4663.0,,,2268.0,,,,,,,,,,,,,,,,,,,
2016-05-17,0.0,0.0,0.0,0.0,0.0,0.0,0.0,0.0,0.0,0.0,0.0,0.0,13455.0,14757.0,,,4682.0,,,2228.0,,,,,,,,,,,,,,,,,,,
2016-05-18,0.0,0.0,0.0,0.0,0.0,0.0,0.0,0.0,0.0,0.0,0.0,0.0,10121.0,18207.0,,,4700.0,,,2323.0,,,,,,,,,,,,,,,,,,,
2016-05-19,0.0,0.0,0.0,0.0,0.0,0.0,0.0,0.0,0.0,0.0,0.0,0.0,5095.0,23146.0,,,4574.0,,,2344.0,,,,,,,,,,,,,,,,,,,
2016-05-20,0.0,0.0,0.0,0.0,0.0,0.0,0.0,0.0,0.0,0.0,0.0,0.0,0.0,25881.0,,,4650.0,,,2397.0,,,,,,,,,,,,,,,,,,,
2016-05-23,0.0,0.0,0.0,0.0,0.0,0.0,0.0,0.0,0.0,0.0,0.0,0.0,0.0,26225.0,370.0,,4606.0,,,2382.0,,,,,,,,,,,,,,,,,,,
2016-05-24,0.0,0.0,0.0,0.0,0.0,0.0,0.0,0.0,0.0,0.0,0.0,0.0,0.0,26768.0,540.0,,4582.0,,,2447.0,,,,,,,,,,,,,,,,,,,
2016-05-25,0.0,0.0,0.0,0.0,0.0,0.0,0.0,0.0,0.0,0.0,0.0,0.0,0.0,26991.0,722.0,,4672.0,,,2508.0,,,,,,,,,,,,,,,,,,,
2016-05-26,0.0,0.0,0.0,0.0,0.0,0.0,0.0,0.0,0.0,0.0,0.0,0.0,0.0,28030.0,831.0,,4751.0,,,2605.0,,,,,,,,,,,,,,,,,,,
2016-05-27,0.0,0.0,0.0,0.0,0.0,0.0,0.0,0.0,0.0,0.0,0.0,0.0,0.0,27494.0,961.0,,4810.0,,,2587.0,,,,,,,,,,,,,,,,,,,
2016-05-30,0.0,0.0,0.0,0.0,0.0,0.0,0.0,0.0,0.0,0.0,0.0,0.0,0.0,27527.0,1275.0,,4848.0,,,2560.0,,,,,,,,,,,,,,,,,,,
2016-05-31,0.0,0.0,0.0,0.0,0.0,0.0,0.0,0.0,0.0,0.0,0.0,0.0,0.0,27245.0,1809.0,,4715.0,,,2576.0,,,,,,,,,,,,,,,,,,,
2016-06-01,0.0,0.0,0.0,0.0,0.0,0.0,0.0,0.0,0.0,0.0,0.0,0.0,0.0,25970.0,2081.0,,4625.0,,,2622.0,,,,,,,,,,,,,,,,,,,
2016-06-02,0.0,0.0,0.0,0.0,0.0,0.0,0.0,0.0,0.0,0.0,0.0,0.0,0.0,25030.0,2184.0,,4665.0,,,2776.0,,,,,,,,,,,,,,,,,,,
2016-06-03,0.0,0.0,0.0,0.0,0.0,0.0,0.0,0.0,0.0,0.0,0.0,0.0,0.0,24545.0,2669.0,,4646.0,,,2884.0,,,,,,,,,,,,,,,,,,,
2016-06-06,0.0,0.0,0.0,0.0,0.0,0.0,0.0,0.0,0.0,0.0,0.0,0.0,0.0,23226.0,2894.0,,4546.0,,,2986.0,,,,,,,,,,,,,,,,,,,
2016-06-07,0.0,0.0,0.0,0.0,0.0,0.0,0.0,0.0,0.0,0.0,0.0,0.0,0.0,22547.0,3311.0,,4419.0,,,3091.0,,,,,,,,,,,,,,,,,,,
2016-06-08,0.0,0.0,0.0,0.0,0.0,0.0,0.0,0.0,0.0,0.0,0.0,0.0,0.0,21343.0,3946.0,,4409.0,,,3135.0,,,,,,,,,,,,,,,,,,,
2016-06-13,0.0,0.0,0.0,0.0,0.0,0.0,0.0,0.0,0.0,0.0,0.0,0.0,0.0,19235.0,5889.0,,4301.0,,,3192.0,,,,,,,,,,,,,,,,,,,
2016-06-14,0.0,0.0,0.0,0.0,0.0,0.0,0.0,0.0,0.0,0.0,0.0,0.0,0.0,16373.0,8016.0,,4337.0,,,3290.0,,,,,,,,,,,,,,,,,,,
2016-06-15,0.0,0.0,0.0,0.0,0.0,0.0,0.0,0.0,0.0,0.0,0.0,0.0,0.0,12836.0,11429.0,,4408.0,,,3407.0,,,,,,,,,,,,,,,,,,,
2016-06-16,0.0,0.0,0.0,0.0,0.0,0.0,0.0,0.0,0.0,0.0,0.0,0.0,0.0,6582.0,16288.0,,4371.0,,,3462.0,,,,,,,,,,,,,,,,,,,
2016-06-17,0.0,0.0,0.0,0.0,0.0,0.0,0.0,0.0,0.0,0.0,0.0,0.0,0.0,0.0,20528.0,,4612.0,,,3601.0,,,,,,,,,,,,,,,,,,,
2016-06-20,0.0,0.0,0.0,0.0,0.0,0.0,0.0,0.0,0.0,0.0,0.0,0.0,0.0,0.0,21028.0,176.0,4678.0,,,3602.0,,,,,,,,,,,,,,,,,,,
2016-06-21,0.0,0.0,0.0,0.0,0.0,0.0,0.0,0.0,0.0,0.0,0.0,0.0,0.0,0.0,22023.0,264.0,4725.0,,,3803.0,,,,,,,,,,,,,,,,,,,
2016-06-22,0.0,0.0,0.0,0.0,0.0,0.0,0.0,0.0,0.0,0.0,0.0,0.0,0.0,0.0,22533.0,360.0,4637.0,,,3797.0,,,,,,,,,,,,,,,,,,,
2016-06-23,0.0,0.0,0.0,0.0,0.0,0.0,0.0,0.0,0.0,0.0,0.0,0.0,0.0,0.0,22547.0,616.0,4725.0,,,3827.0,,,,,,,,,,,,,,,,,,,
2016-06-24,0.0,0.0,0.0,0.0,0.0,0.0,0.0,0.0,0.0,0.0,0.0,0.0,0.0,0.0,23945.0,723.0,4698.0,,,3931.0,,,,,,,,,,,,,,,,,,,
2016-06-27,0.0,0.0,0.0,0.0,0.0,0.0,0.0,0.0,0.0,0.0,0.0,0.0,0.0,0.0,23986.0,723.0,4655.0,,,3855.0,,,,,,,,,,,,,,,,,,,
2016-06-28,0.0,0.0,0.0,0.0,0.0,0.0,0.0,0.0,0.0,0.0,0.0,0.0,0.0,0.0,24342.0,895.0,4672.0,,,3827.0,,,,,,,,,,,,,,,,,,,
2016-06-29,0.0,0.0,0.0,0.0,0.0,0.0,0.0,0.0,0.0,0.0,0.0,0.0,0.0,0.0,23962.0,944.0,4717.0,,,3836.0,,,,,,,,,,,,,,,,,,,
2016-06-30,0.0,0.0,0.0,0.0,0.0,0.0,0.0,0.0,0.0,0.0,0.0,0.0,0.0,0.0,23528.0,1058.0,4686.0,,,3859.0,,,,,,,,,,,,,,,,,,,
2016-07-01,0.0,0.0,0.0,0.0,0.0,0.0,0.0,0.0,0.0,0.0,0.0,0.0,0.0,0.0,23994.0,1364.0,4729.0,,,3883.0,,,,,,,,,,,,,,,,,,,
2016-07-04,0.0,0.0,0.0,0.0,0.0,0.0,0.0,0.0,0.0,0.0,0.0,0.0,0.0,0.0,24454.0,1626.0,4693.0,,,3876.0,,,,,,,,,,,,,,,,,,,
2016-07-05,0.0,0.0,0.0,0.0,0.0,0.0,0.0,0.0,0.0,0.0,0.0,0.0,0.0,0.0,23608.0,1925.0,4643.0,,,3901.0,,,,,,,,,,,,,,,,,,,
2016-07-06,0.0,0.0,0.0,0.0,0.0,0.0,0.0,0.0,0.0,0.0,0.0,0.0,0.0,0.0,23183.0,2306.0,4729.0,,,3883.0,,,,,,,,,,,,,,,,,,,
2016-07-07,0.0,0.0,0.0,0.0,0.0,0.0,0.0,0.0,0.0,0.0,0.0,0.0,0.0,0.0,22145.0,3282.0,4856.0,,,3932.0,,,,,,,,,,,,,,,,,,,
2016-07-08,0.0,0.0,0.0,0.0,0.0,0.0,0.0,0.0,0.0,0.0,0.0,0.0,0.0,0.0,20801.0,3959.0,4990.0,,,4013.0,,,,,,,,,,,,,,,,,,,
2016-07-11,0.0,0.0,0.0,0.0,0.0,0.0,0.0,0.0,0.0,0.0,0.0,0.0,0.0,0.0,19426.0,5600.0,5097.0,,,4091.0,,,,,,,,,,,,,,,,,,,
2016-07-12,0.0,0.0,0.0,0.0,0.0,0.0,0.0,0.0,0.0,0.0,0.0,0.0,0.0,0.0,16150.0,8048.0,5200.0,,,4154.0,,,,,,,,,,,,,,,,,,,
2016-07-13,0.0,0.0,0.0,0.0,0.0,0.0,0.0,0.0,0.0,0.0,0.0,0.0,0.0,0.0,12400.0,10656.0,5407.0,,,4088.0,,,,,,,,,,,,,,,,,,,
2016-07-14,0.0,0.0,0.0,0.0,0.0,0.0,0.0,0.0,0.0,0.0,0.0,0.0,0.0,0.0,6874.0,15019.0,5571.0,,,4139.0,,,,,,,,,,,,,,,,,,,
2016-07-15,0.0,0.0,0.0,0.0,0.0,0.0,0.0,0.0,0.0,0.0,0.0,0.0,0.0,0.0,0.0,18514.0,5628.0,,,4188.0,,,,,,,,,,,,,,,,,,,
2016-07-18,0.0,0.0,0.0,0.0,0.0,0.0,0.0,0.0,0.0,0.0,0.0,0.0,0.0,0.0,0.0,19523.0,5751.0,,,4156.0,,,209.0,,,,,,,,,,,,,,,,
2016-07-19,0.0,0.0,0.0,0.0,0.0,0.0,0.0,0.0,0.0,0.0,0.0,0.0,0.0,0.0,0.0,20346.0,5864.0,,,4071.0,,,274.0,,,,,,,,,,,,,,,,
2016-07-20,0.0,0.0,0.0,0.0,0.0,0.0,0.0,0.0,0.0,0.0,0.0,0.0,0.0,0.0,0.0,20580.0,5792.0,,,4123.0,,,350.0,,,,,,,,,,,,,,,,
2016-07-21,0.0,0.0,0.0,0.0,0.0,0.0,0.0,0.0,0.0,0.0,0.0,0.0,0.0,0.0,0.0,21788.0,5950.0,,,4091.0,,,433.0,,,,,,,,,,,,,,,,
2016-07-22,0.0,0.0,0.0,0.0,0.0,0.0,0.0,0.0,0.0,0.0,0.0,0.0,0.0,0.0,0.0,21621.0,5910.0,,,4103.0,,,472.0,,,,,,,,,,,,,,,,
2016-07-25,0.0,0.0,0.0,0.0,0.0,0.0,0.0,0.0,0.0,0.0,0.0,0.0,0.0,0.0,0.0,21776.0,6076.0,,,4179.0,,,513.0,,,,,,,,,,,,,,,,
2016-07-26,0.0,0.0,0.0,0.0,0.0,0.0,0.0,0.0,0.0,0.0,0.0,0.0,0.0,0.0,0.0,22511.0,6199.0,,,4216.0,,,566.0,,,,,,,,,,,,,,,,
2016-07-27,0.0,0.0,0.0,0.0,0.0,0.0,0.0,0.0,0.0,0.0,0.0,0.0,0.0,0.0,0.0,22307.0,6429.0,,,4392.0,,,689.0,,,,,,,,,,,,,,,,
2016-07-28,0.0,0.0,0.0,0.0,0.0,0.0,0.0,0.0,0.0,0.0,0.0,0.0,0.0,0.0,0.0,22046.0,6357.0,,,4373.0,,,743.0,,,,,,,,,,,,,,,,
2016-07-29,0.0,0.0,0.0,0.0,0.0,0.0,0.0,0.0,0.0,0.0,0.0,0.0,0.0,0.0,0.0,21812.0,6643.0,,,4461.0,,,807.0,,,,,,,,,,,,,,,,
2016-08-01,0.0,0.0,0.0,0.0,0.0,0.0,0.0,0.0,0.0,0.0,0.0,0.0,0.0,0.0,0.0,22339.0,6983.0,,,4461.0,,,940.0,,,,,,,,,,,,,,,,
2016-08-02,0.0,0.0,0.0,0.0,0.0,0.0,0.0,0.0,0.0,0.0,0.0,0.0,0.0,0.0,0.0,22184.0,6962.0,,,4392.0,,,978.0,,,,,,,,,,,,,,,,
2016-08-03,0.0,0.0,0.0,0.0,0.0,0.0,0.0,0.0,0.0,0.0,0.0,0.0,0.0,0.0,0.0,22089.0,7169.0,,,4359.0,,,1168.0,,,,,,,,,,,,,,,,
2016-08-04,0.0,0.0,0.0,0.0,0.0,0.0,0.0,0.0,0.0,0.0,0.0,0.0,0.0,0.0,0.0,21736.0,7266.0,,,4205.0,,,1274.0,,,,,,,,,,,,,,,,
2016-08-05,0.0,0.0,0.0,0.0,0.0,0.0,0.0,0.0,0.0,0.0,0.0,0.0,0.0,0.0,0.0,21337.0,7519.0,,,4204.0,,,1415.0,,,,,,,,,,,,,,,,
2016-08-08,0.0,0.0,0.0,0.0,0.0,0.0,0.0,0.0,0.0,0.0,0.0,0.0,0.0,0.0,0.0,21782.0,7840.0,,,4282.0,,,1543.0,,,,,,,,,,,,,,,,
2016-08-09,0.0,0.0,0.0,0.0,0.0,0.0,0.0,0.0,0.0,0.0,0.0,0.0,0.0,0.0,0.0,21318.0,8037.0,,,4268.0,,,1570.0,,,,,,,,,,,,,,,,
2016-08-10,0.0,0.0,0.0,0.0,0.0,0.0,0.0,0.0,0.0,0.0,0.0,0.0,0.0,0.0,0.0,20816.0,8369.0,,,4288.0,,,1586.0,,,,,,,,,,,,,,,,
2016-08-11,0.0,0.0,0.0,0.0,0.0,0.0,0.0,0.0,0.0,0.0,0.0,0.0,0.0,0.0,0.0,20277.0,9155.0,,,4355.0,,,1700.0,,,,,,,,,,,,,,,,
2016-08-12,0.0,0.0,0.0,0.0,0.0,0.0,0.0,0.0,0.0,0.0,0.0,0.0,0.0,0.0,0.0,18868.0,9863.0,,,4355.0,,,1788.0,,,,,,,,,,,,,,,,
2016-08-15,0.0,0.0,0.0,0.0,0.0,0.0,0.0,0.0,0.0,0.0,0.0,0.0,0.0,0.0,0.0,16057.0,11997.0,,,4270.0,,,1869.0,,,,,,,,,,,,,,,,
2016-08-16,0.0,0.0,0.0,0.0,0.0,0.0,0.0,0.0,0.0,0.0,0.0,0.0,0.0,0.0,0.0,12880.0,14145.0,,,4326.0,,,1915.0,,,,,,,,,,,,,,,,
2016-08-17,0.0,0.0,0.0,0.0,0.0,0.0,0.0,0.0,0.0,0.0,0.0,0.0,0.0,0.0,0.0,8917.0,17193.0,,,4358.0,,,1988.0,,,,,,,,,,,,,,,,
2016-08-18,0.0,0.0,0.0,0.0,0.0,0.0,0.0,0.0,0.0,0.0,0.0,0.0,0.0,0.0,0.0,4418.0,21843.0,,,4364.0,,,1993.0,,,,,,,,,,,,,,,,
2016-08-19,0.0,0.0,0.0,0.0,0.0,0.0,0.0,0.0,0.0,0.0,0.0,0.0,0.0,0.0,0.0,0.0,23846.0,,,4462.0,,,2057.0,,,,,,,,,,,,,,,,
2016-08-22,0.0,0.0,0.0,0.0,0.0,0.0,0.0,0.0,0.0,0.0,0.0,0.0,0.0,0.0,0.0,0.0,24766.0,302.0,,4698.0,,,2102.0,,,,,,,,,,,,,,,,
2016-08-23,0.0,0.0,0.0,0.0,0.0,0.0,0.0,0.0,0.0,0.0,0.0,0.0,0.0,0.0,0.0,0.0,24779.0,450.0,,4726.0,,,2128.0,,,,,,,,,,,,,,,,
2016-08-24,0.0,0.0,0.0,0.0,0.0,0.0,0.0,0.0,0.0,0.0,0.0,0.0,0.0,0.0,0.0,0.0,24703.0,588.0,,4737.0,,,2138.0,,,,,,,,,,,,,,,,
2016-08-25,0.0,0.0,0.0,0.0,0.0,0.0,0.0,0.0,0.0,0.0,0.0,0.0,0.0,0.0,0.0,0.0,24910.0,807.0,,4813.0,,,2196.0,,,,,,,,,,,,,,,,
2016-08-26,0.0,0.0,0.0,0.0,0.0,0.0,0.0,0.0,0.0,0.0,0.0,0.0,0.0,0.0,0.0,0.0,25190.0,883.0,,4781.0,,,2239.0,,,,,,,,,,,,,,,,
2016-08-29,0.0,0.0,0.0,0.0,0.0,0.0,0.0,0.0,0.0,0.0,0.0,0.0,0.0,0.0,0.0,0.0,25084.0,972.0,,4763.0,,,2246.0,,,,,,,,,,,,,,,,
2016-08-30,0.0,0.0,0.0,0.0,0.0,0.0,0.0,0.0,0.0,0.0,0.0,0.0,0.0,0.0,0.0,0.0,25325.0,1198.0,,4784.0,,,2280.0,,,,,,,,,,,,,,,,
2016-08-31,0.0,0.0,0.0,0.0,0.0,0.0,0.0,0.0,0.0,0.0,0.0,0.0,0.0,0.0,0.0,0.0,24952.0,1365.0,,4919.0,,,2416.0,,,,,,,,,,,,,,,,
2016-09-01,0.0,0.0,0.0,0.0,0.0,0.0,0.0,0.0,0.0,0.0,0.0,0.0,0.0,0.0,0.0,0.0,24715.0,1448.0,,5001.0,,,2465.0,,,,,,,,,,,,,,,,
2016-09-02,0.0,0.0,0.0,0.0,0.0,0.0,0.0,0.0,0.0,0.0,0.0,0.0,0.0,0.0,0.0,0.0,25085.0,1701.0,,5020.0,,,2480.0,,,,,,,,,,,,,,,,
2016-09-05,0.0,0.0,0.0,0.0,0.0,0.0,0.0,0.0,0.0,0.0,0.0,0.0,0.0,0.0,0.0,0.0,23952.0,2072.0,,5052.0,,,2472.0,,,,,,,,,,,,,,,,
2016-09-06,0.0,0.0,0.0,0.0,0.0,0.0,0.0,0.0,0.0,0.0,0.0,0.0,0.0,0.0,0.0,0.0,23814.0,2765.0,,5237.0,,,2483.0,,,,,,,,,,,,,,,,
2016-09-07,0.0,0.0,0.0,0.0,0.0,0.0,0.0,0.0,0.0,0.0,0.0,0.0,0.0,0.0,0.0,0.0,21676.0,3490.0,,5294.0,,,2477.0,,,,,,,,,,,,,,,,
2016-09-08,0.0,0.0,0.0,0.0,0.0,0.0,0.0,0.0,0.0,0.0,0.0,0.0,0.0,0.0,0.0,0.0,20658.0,4562.0,,5352.0,,,2475.0,,,,,,,,,,,,,,,,
2016-09-09,0.0,0.0,0.0,0.0,0.0,0.0,0.0,0.0,0.0,0.0,0.0,0.0,0.0,0.0,0.0,0.0,18857.0,5885.0,,5447.0,,,2543.0,,,,,,,,,,,,,,,,
2016-09-12,0.0,0.0,0.0,0.0,0.0,0.0,0.0,0.0,0.0,0.0,0.0,0.0,0.0,0.0,0.0,0.0,16207.0,8874.0,,5615.0,,,2627.0,,,,,,,,,,,,,,,,
2016-09-13,0.0,0.0,0.0,0.0,0.0,0.0,0.0,0.0,0.0,0.0,0.0,0.0,0.0,0.0,0.0,0.0,11375.0,12192.0,,5799.0,,,2685.0,,,,,,,,,,,,,,,,
2016-09-14,0.0,0.0,0.0,0.0,0.0,0.0,0.0,0.0,0.0,0.0,0.0,0.0,0.0,0.0,0.0,0.0,6057.0,17165.0,,5976.0,,,2779.0,,,,,,,,,,,,,,,,
2016-09-19,0.0,0.0,0.0,0.0,0.0,0.0,0.0,0.0,0.0,0.0,0.0,0.0,0.0,0.0,0.0,0.0,0.0,19243.0,,6092.0,,,2885.0,,,,,,,,,,,,,,,,
2016-09-20,0.0,0.0,0.0,0.0,0.0,0.0,0.0,0.0,0.0,0.0,0.0,0.0,0.0,0.0,0.0,0.0,0.0,19903.0,128.0,6169.0,,,2895.0,,,,,,,,,,,,,,,,
2016-09-21,0.0,0.0,0.0,0.0,0.0,0.0,0.0,0.0,0.0,0.0,0.0,0.0,0.0,0.0,0.0,0.0,0.0,20178.0,235.0,6283.0,,,2949.0,,,,,,,,,,,,,,,,
2016-09-22,0.0,0.0,0.0,0.0,0.0,0.0,0.0,0.0,0.0,0.0,0.0,0.0,0.0,0.0,0.0,0.0,0.0,20397.0,330.0,6319.0,,,2977.0,,,,,,,,,,,,,,,,
2016-09-23,0.0,0.0,0.0,0.0,0.0,0.0,0.0,0.0,0.0,0.0,0.0,0.0,0.0,0.0,0.0,0.0,0.0,20297.0,399.0,6456.0,,,3020.0,,,,,,,,,,,,,,,,
2016-09-26,0.0,0.0,0.0,0.0,0.0,0.0,0.0,0.0,0.0,0.0,0.0,0.0,0.0,0.0,0.0,0.0,0.0,20838.0,642.0,6750.0,,,3165.0,,,,,,,,,,,,,,,,
2016-09-27,0.0,0.0,0.0,0.0,0.0,0.0,0.0,0.0,0.0,0.0,0.0,0.0,0.0,0.0,0.0,0.0,0.0,20957.0,745.0,6779.0,,,3232.0,,,,,,,,,,,,,,,,
2016-09-28,0.0,0.0,0.0,0.0,0.0,0.0,0.0,0.0,0.0,0.0,0.0,0.0,0.0,0.0,0.0,0.0,0.0,20352.0,840.0,6850.0,,,3322.0,,,,,,,,,,,,,,,,
2016-09-29,0.0,0.0,0.0,0.0,0.0,0.0,0.0,0.0,0.0,0.0,0.0,0.0,0.0,0.0,0.0,0.0,0.0,20178.0,1258.0,6832.0,,,3460.0,,,,,,,,,,,,,,,,
2016-09-30,0.0,0.0,0.0,0.0,0.0,0.0,0.0,0.0,0.0,0.0,0.0,0.0,0.0,0.0,0.0,0.0,0.0,19246.0,1701.0,6852.0,,,3532.0,,,,,,,,,,,,,,,,
2016-10-10,0.0,0.0,0.0,0.0,0.0,0.0,0.0,0.0,0.0,0.0,0.0,0.0,0.0,0.0,0.0,0.0,0.0,19295.0,2320.0,6985.0,,,3615.0,,,,,,,,,,,,,,,,
2016-10-11,0.0,0.0,0.0,0.0,0.0,0.0,0.0,0.0,0.0,0.0,0.0,0.0,0.0,0.0,0.0,0.0,0.0,18581.0,2739.0,6985.0,,,3678.0,,,,,,,,,,,,,,,,
2016-10-12,0.0,0.0,0.0,0.0,0.0,0.0,0.0,0.0,0.0,0.0,0.0,0.0,0.0,0.0,0.0,0.0,0.0,18203.0,3195.0,7108.0,,,3757.0,,,,,,,,,,,,,,,,
2016-10-13,0.0,0.0,0.0,0.0,0.0,0.0,0.0,0.0,0.0,0.0,0.0,0.0,0.0,0.0,0.0,0.0,0.0,17656.0,3820.0,7229.0,,,3803.0,,,,,,,,,,,,,,,,
2016-10-14,0.0,0.0,0.0,0.0,0.0,0.0,0.0,0.0,0.0,0.0,0.0,0.0,0.0,0.0,0.0,0.0,0.0,16596.0,5143.0,7445.0,,,3943.0,,,,,,,,,,,,,,,,
2016-10-17,0.0,0.0,0.0,0.0,0.0,0.0,0.0,0.0,0.0,0.0,0.0,0.0,0.0,0.0,0.0,0.0,0.0,14511.0,7086.0,7395.0,,,4025.0,,,,,,,,,,,,,,,,
2016-10-18,0.0,0.0,0.0,0.0,0.0,0.0,0.0,0.0,0.0,0.0,0.0,0.0,0.0,0.0,0.0,0.0,0.0,12278.0,9460.0,7573.0,,,4174.0,,,,,,,,,,,,,,,,
2016-10-19,0.0,0.0,0.0,0.0,0.0,0.0,0.0,0.0,0.0,0.0,0.0,0.0,0.0,0.0,0.0,0.0,0.0,8872.0,11730.0,7805.0,,,4232.0,,,,,,,,,,,,,,,,
2016-10-20,0.0,0.0,0.0,0.0,0.0,0.0,0.0,0.0,0.0,0.0,0.0,0.0,0.0,0.0,0.0,0.0,0.0,4783.0,15522.0,8142.0,,,4309.0,,,,,,,,,,,,,,,,
2016-10-21,0.0,0.0,0.0,0.0,0.0,0.0,0.0,0.0,0.0,0.0,0.0,0.0,0.0,0.0,0.0,0.0,0.0,0.0,18727.0,8768.0,,,4393.0,,,,,,,,,,,,,,,,
2016-10-24,0.0,0.0,0.0,0.0,0.0,0.0,0.0,0.0,0.0,0.0,0.0,0.0,0.0,0.0,0.0,0.0,0.0,0.0,19546.0,8836.0,,,4465.0,,,212.0,,,,,,,,,,,,,
2016-10-25,0.0,0.0,0.0,0.0,0.0,0.0,0.0,0.0,0.0,0.0,0.0,0.0,0.0,0.0,0.0,0.0,0.0,0.0,19160.0,9039.0,,,4491.0,,,290.0,,,,,,,,,,,,,
2016-10-26,0.0,0.0,0.0,0.0,0.0,0.0,0.0,0.0,0.0,0.0,0.0,0.0,0.0,0.0,0.0,0.0,0.0,0.0,19406.0,9205.0,,,4558.0,,,458.0,,,,,,,,,,,,,
2016-10-27,0.0,0.0,0.0,0.0,0.0,0.0,0.0,0.0,0.0,0.0,0.0,0.0,0.0,0.0,0.0,0.0,0.0,0.0,19231.0,9433.0,,,4539.0,,,532.0,,,,,,,,,,,,,
2016-10-28,0.0,0.0,0.0,0.0,0.0,0.0,0.0,0.0,0.0,0.0,0.0,0.0,0.0,0.0,0.0,0.0,0.0,0.0,19562.0,9612.0,,,4622.0,,,712.0,,,,,,,,,,,,,
2016-10-31,0.0,0.0,0.0,0.0,0.0,0.0,0.0,0.0,0.0,0.0,0.0,0.0,0.0,0.0,0.0,0.0,0.0,0.0,18971.0,9774.0,,,4616.0,,,785.0,,,,,,,,,,,,,
2016-11-01,0.0,0.0,0.0,0.0,0.0,0.0,0.0,0.0,0.0,0.0,0.0,0.0,0.0,0.0,0.0,0.0,0.0,0.0,19130.0,9910.0,,,4708.0,,,866.0,,,,,,,,,,,,,
2016-11-02,0.0,0.0,0.0,0.0,0.0,0.0,0.0,0.0,0.0,0.0,0.0,0.0,0.0,0.0,0.0,0.0,0.0,0.0,18492.0,10007.0,,,4746.0,,,983.0,,,,,,,,,,,,,
2016-11-03,0.0,0.0,0.0,0.0,0.0,0.0,0.0,0.0,0.0,0.0,0.0,0.0,0.0,0.0,0.0,0.0,0.0,0.0,18783.0,10423.0,,,4843.0,,,1096.0,,,,,,,,,,,,,
2016-11-04,0.0,0.0,0.0,0.0,0.0,0.0,0.0,0.0,0.0,0.0,0.0,0.0,0.0,0.0,0.0,0.0,0.0,0.0,17934.0,10564.0,,,4842.0,,,1121.0,,,,,,,,,,,,,
2016-11-07,0.0,0.0,0.0,0.0,0.0,0.0,0.0,0.0,0.0,0.0,0.0,0.0,0.0,0.0,0.0,0.0,0.0,0.0,17408.0,10845.0,,,4905.0,,,1168.0,,,,,,,,,,,,,
2016-11-08,0.0,0.0,0.0,0.0,0.0,0.0,0.0,0.0,0.0,0.0,0.0,0.0,0.0,0.0,0.0,0.0,0.0,0.0,16619.0,11286.0,,,4980.0,,,1298.0,,,,,,,,,,,,,
2016-11-09,0.0,0.0,0.0,0.0,0.0,0.0,0.0,0.0,0.0,0.0,0.0,0.0,0.0,0.0,0.0,0.0,0.0,0.0,16148.0,11857.0,,,5102.0,,,1453.0,,,,,,,,,,,,,
2016-11-10,0.0,0.0,0.0,0.0,0.0,0.0,0.0,0.0,0.0,0.0,0.0,0.0,0.0,0.0,0.0,0.0,0.0,0.0,14854.0,12212.0,,,5132.0,,,1498.0,,,,,,,,,,,,,
2016-11-11,0.0,0.0,0.0,0.0,0.0,0.0,0.0,0.0,0.0,0.0,0.0,0.0,0.0,0.0,0.0,0.0,0.0,0.0,14274.0,13313.0,,,5173.0,,,1604.0,,,,,,,,,,,,,
2016-11-14,0.0,0.0,0.0,0.0,0.0,0.0,0.0,0.0,0.0,0.0,0.0,0.0,0.0,0.0,0.0,0.0,0.0,0.0,12627.0,14518.0,,,5277.0,,,1675.0,,,,,,,,,,,,,
2016-11-15,0.0,0.0,0.0,0.0,0.0,0.0,0.0,0.0,0.0,0.0,0.0,0.0,0.0,0.0,0.0,0.0,0.0,0.0,10425.0,16205.0,,,5423.0,,,1734.0,,,,,,,,,,,,,
2016-11-16,0.0,0.0,0.0,0.0,0.0,0.0,0.0,0.0,0.0,0.0,0.0,0.0,0.0,0.0,0.0,0.0,0.0,0.0,7573.0,18420.0,,,5560.0,,,1826.0,,,,,,,,,,,,,
2016-11-17,0.0,0.0,0.0,0.0,0.0,0.0,0.0,0.0,0.0,0.0,0.0,0.0,0.0,0.0,0.0,0.0,0.0,0.0,4150.0,22062.0,,,5720.0,,,1881.0,,,,,,,,,,,,,
2016-11-18,0.0,0.0,0.0,0.0,0.0,0.0,0.0,0.0,0.0,0.0,0.0,0.0,0.0,0.0,0.0,0.0,0.0,0.0,0.0,24078.0,,,5800.0,,,1988.0,,,,,,,,,,,,,
2016-11-21,0.0,0.0,0.0,0.0,0.0,0.0,0.0,0.0,0.0,0.0,0.0,0.0,0.0,0.0,0.0,0.0,0.0,0.0,0.0,25108.0,211.0,,5913.0,,,2127.0,,,,,,,,,,,,,
2016-11-22,0.0,0.0,0.0,0.0,0.0,0.0,0.0,0.0,0.0,0.0,0.0,0.0,0.0,0.0,0.0,0.0,0.0,0.0,0.0,25218.0,223.0,,5993.0,,,2195.0,,,,,,,,,,,,,
2016-11-23,0.0,0.0,0.0,0.0,0.0,0.0,0.0,0.0,0.0,0.0,0.0,0.0,0.0,0.0,0.0,0.0,0.0,0.0,0.0,25466.0,425.0,,5991.0,,,2314.0,,,,,,,,,,,,,
2016-11-24,0.0,0.0,0.0,0.0,0.0,0.0,0.0,0.0,0.0,0.0,0.0,0.0,0.0,0.0,0.0,0.0,0.0,0.0,0.0,25176.0,585.0,,5956.0,,,2391.0,,,,,,,,,,,,,
2016-11-25,0.0,0.0,0.0,0.0,0.0,0.0,0.0,0.0,0.0,0.0,0.0,0.0,0.0,0.0,0.0,0.0,0.0,0.0,0.0,25200.0,681.0,,6060.0,,,2481.0,,,,,,,,,,,,,
2016-11-28,0.0,0.0,0.0,0.0,0.0,0.0,0.0,0.0,0.0,0.0,0.0,0.0,0.0,0.0,0.0,0.0,0.0,0.0,0.0,24667.0,751.0,,6169.0,,,2525.0,,,,,,,,,,,,,
2016-11-29,0.0,0.0,0.0,0.0,0.0,0.0,0.0,0.0,0.0,0.0,0.0,0.0,0.0,0.0,0.0,0.0,0.0,0.0,0.0,24336.0,1016.0,,6295.0,,,2597.0,,,,,,,,,,,,,
2016-11-30,0.0,0.0,0.0,0.0,0.0,0.0,0.0,0.0,0.0,0.0,0.0,0.0,0.0,0.0,0.0,0.0,0.0,0.0,0.0,23756.0,1236.0,,6368.0,,,2637.0,,,,,,,,,,,,,
2016-12-01,0.0,0.0,0.0,0.0,0.0,0.0,0.0,0.0,0.0,0.0,0.0,0.0,0.0,0.0,0.0,0.0,0.0,0.0,0.0,22892.0,1551.0,,6375.0,,,2675.0,,,,,,,,,,,,,
2016-12-02,0.0,0.0,0.0,0.0,0.0,0.0,0.0,0.0,0.0,0.0,0.0,0.0,0.0,0.0,0.0,0.0,0.0,0.0,0.0,22482.0,1684.0,,6402.0,,,2807.0,,,,,,,,,,,,,
2016-12-05,0.0,0.0,0.0,0.0,0.0,0.0,0.0,0.0,0.0,0.0,0.0,0.0,0.0,0.0,0.0,0.0,0.0,0.0,0.0,21728.0,2292.0,,6433.0,,,2941.0,,,,,,,,,,,,,
2016-12-06,0.0,0.0,0.0,0.0,0.0,0.0,0.0,0.0,0.0,0.0,0.0,0.0,0.0,0.0,0.0,0.0,0.0,0.0,0.0,20646.0,3028.0,,6641.0,,,3054.0,,,,,,,,,,,,,
2016-12-07,0.0,0.0,0.0,0.0,0.0,0.0,0.0,0.0,0.0,0.0,0.0,0.0,0.0,0.0,0.0,0.0,0.0,0.0,0.0,19153.0,3812.0,,6949.0,,,3170.0,,,,,,,,,,,,,
2016-12-08,0.0,0.0,0.0,0.0,0.0,0.0,0.0,0.0,0.0,0.0,0.0,0.0,0.0,0.0,0.0,0.0,0.0,0.0,0.0,17489.0,4710.0,,7100.0,,,3279.0,,,,,,,,,,,,,
2016-12-09,0.0,0.0,0.0,0.0,0.0,0.0,0.0,0.0,0.0,0.0,0.0,0.0,0.0,0.0,0.0,0.0,0.0,0.0,0.0,16411.0,5769.0,,7152.0,,,3371.0,,,,,,,,,,,,,
2016-12-12,0.0,0.0,0.0,0.0,0.0,0.0,0.0,0.0,0.0,0.0,0.0,0.0,0.0,0.0,0.0,0.0,0.0,0.0,0.0,14249.0,8407.0,,7398.0,,,3535.0,,,,,,,,,,,,,
2016-12-13,0.0,0.0,0.0,0.0,0.0,0.0,0.0,0.0,0.0,0.0,0.0,0.0,0.0,0.0,0.0,0.0,0.0,0.0,0.0,11735.0,10537.0,,7649.0,,,3601.0,,,,,,,,,,,,,
2016-12-14,0.0,0.0,0.0,0.0,0.0,0.0,0.0,0.0,0.0,0.0,0.0,0.0,0.0,0.0,0.0,0.0,0.0,0.0,0.0,8307.0,13201.0,,8077.0,,,3653.0,,,,,,,,,,,,,
2016-12-15,0.0,0.0,0.0,0.0,0.0,0.0,0.0,0.0,0.0,0.0,0.0,0.0,0.0,0.0,0.0,0.0,0.0,0.0,0.0,4508.0,16833.0,,8167.0,,,3702.0,,,,,,,,,,,,,
2016-12-16,0.0,0.0,0.0,0.0,0.0,0.0,0.0,0.0,0.0,0.0,0.0,0.0,0.0,0.0,0.0,0.0,0.0,0.0,0.0,0.0,18521.0,,8260.0,,,3782.0,,,,,,,,,,,,,
2016-12-19,0.0,0.0,0.0,0.0,0.0,0.0,0.0,0.0,0.0,0.0,0.0,0.0,0.0,0.0,0.0,0.0,0.0,0.0,0.0,0.0,18963.0,167.0,8123.0,,,3827.0,,,,,,,,,,,,,
2016-12-20,0.0,0.0,0.0,0.0,0.0,0.0,0.0,0.0,0.0,0.0,0.0,0.0,0.0,0.0,0.0,0.0,0.0,0.0,0.0,0.0,19276.0,261.0,8103.0,,,3921.0,,,,,,,,,,,,,
2016-12-21,0.0,0.0,0.0,0.0,0.0,0.0,0.0,0.0,0.0,0.0,0.0,0.0,0.0,0.0,0.0,0.0,0.0,0.0,0.0,0.0,19406.0,322.0,8045.0,,,4061.0,,,,,,,,,,,,,
2016-12-22,0.0,0.0,0.0,0.0,0.0,0.0,0.0,0.0,0.0,0.0,0.0,0.0,0.0,0.0,0.0,0.0,0.0,0.0,0.0,0.0,19581.0,385.0,8005.0,,,4198.0,,,,,,,,,,,,,
2016-12-23,0.0,0.0,0.0,0.0,0.0,0.0,0.0,0.0,0.0,0.0,0.0,0.0,0.0,0.0,0.0,0.0,0.0,0.0,0.0,0.0,19596.0,441.0,7960.0,,,4274.0,,,,,,,,,,,,,
2016-12-26,0.0,0.0,0.0,0.0,0.0,0.0,0.0,0.0,0.0,0.0,0.0,0.0,0.0,0.0,0.0,0.0,0.0,0.0,0.0,0.0,20025.0,522.0,8043.0,,,4329.0,,,,,,,,,,,,,
2016-12-27,0.0,0.0,0.0,0.0,0.0,0.0,0.0,0.0,0.0,0.0,0.0,0.0,0.0,0.0,0.0,0.0,0.0,0.0,0.0,0.0,19728.0,580.0,8016.0,,,4441.0,,,,,,,,,,,,,
2016-12-28,0.0,0.0,0.0,0.0,0.0,0.0,0.0,0.0,0.0,0.0,0.0,0.0,0.0,0.0,0.0,0.0,0.0,0.0,0.0,0.0,19652.0,703.0,7964.0,,,4469.0,,,,,,,,,,,,,
2016-12-29,0.0,0.0,0.0,0.0,0.0,0.0,0.0,0.0,0.0,0.0,0.0,0.0,0.0,0.0,0.0,0.0,0.0,0.0,0.0,0.0,19887.0,797.0,8063.0,,,4566.0,,,,,,,,,,,,,
2016-12-30,0.0,0.0,0.0,0.0,0.0,0.0,0.0,0.0,0.0,0.0,0.0,0.0,0.0,0.0,0.0,0.0,0.0,0.0,0.0,0.0,19468.0,969.0,8172.0,,,4617.0,,,,,,,,,,,,,
2017-01-03,0.0,0.0,0.0,0.0,0.0,0.0,0.0,0.0,0.0,0.0,0.0,0.0,0.0,0.0,0.0,0.0,0.0,0.0,0.0,0.0,19447.0,1111.0,8227.0,,,4647.0,,,,,,,,,,,,,
2017-01-04,0.0,0.0,0.0,0.0,0.0,0.0,0.0,0.0,0.0,0.0,0.0,0.0,0.0,0.0,0.0,0.0,0.0,0.0,0.0,0.0,19127.0,1362.0,8250.0,,,4747.0,,,,,,,,,,,,,
2017-01-05,0.0,0.0,0.0,0.0,0.0,0.0,0.0,0.0,0.0,0.0,0.0,0.0,0.0,0.0,0.0,0.0,0.0,0.0,0.0,0.0,18623.0,1628.0,8319.0,,,4753.0,,,,,,,,,,,,,
2017-01-06,0.0,0.0,0.0,0.0,0.0,0.0,0.0,0.0,0.0,0.0,0.0,0.0,0.0,0.0,0.0,0.0,0.0,0.0,0.0,0.0,18299.0,1908.0,8531.0,,,4792.0,,,,,,,,,,,,,
2017-01-09,0.0,0.0,0.0,0.0,0.0,0.0,0.0,0.0,0.0,0.0,0.0,0.0,0.0,0.0,0.0,0.0,0.0,0.0,0.0,0.0,18272.0,2184.0,8591.0,,,4821.0,,,,,,,,,,,,,
2017-01-10,0.0,0.0,0.0,0.0,0.0,0.0,0.0,0.0,0.0,0.0,0.0,0.0,0.0,0.0,0.0,0.0,0.0,0.0,0.0,0.0,17768.0,2542.0,8543.0,,,4958.0,,,,,,,,,,,,,
2017-01-11,0.0,0.0,0.0,0.0,0.0,0.0,0.0,0.0,0.0,0.0,0.0,0.0,0.0,0.0,0.0,0.0,0.0,0.0,0.0,0.0,17681.0,3080.0,8697.0,,,5128.0,,,,,,,,,,,,,
2017-01-12,0.0,0.0,0.0,0.0,0.0,0.0,0.0,0.0,0.0,0.0,0.0,0.0,0.0,0.0,0.0,0.0,0.0,0.0,0.0,0.0,17079.0,3811.0,8783.0,,,5148.0,,,,,,,,,,,,,
2017-01-13,0.0,0.0,0.0,0.0,0.0,0.0,0.0,0.0,0.0,0.0,0.0,0.0,0.0,0.0,0.0,0.0,0.0,0.0,0.0,0.0,16379.0,4534.0,8916.0,,,5340.0,,,,,,,,,,,,,
2017-01-16,0.0,0.0,0.0,0.0,0.0,0.0,0.0,0.0,0.0,0.0,0.0,0.0,0.0,0.0,0.0,0.0,0.0,0.0,0.0,0.0,14649.0,5926.0,8215.0,,,5341.0,,,,,,,,,,,,,
2017-01-17,0.0,0.0,0.0,0.0,0.0,0.0,0.0,0.0,0.0,0.0,0.0,0.0,0.0,0.0,0.0,0.0,0.0,0.0,0.0,0.0,12296.0,8220.0,8159.0,,,5389.0,,,,,,,,,,,,,
2017-01-18,0.0,0.0,0.0,0.0,0.0,0.0,0.0,0.0,0.0,0.0,0.0,0.0,0.0,0.0,0.0,0.0,0.0,0.0,0.0,0.0,9022.0,11064.0,8324.0,,,5432.0,,,,,,,,,,,,,
2017-01-19,0.0,0.0,0.0,0.0,0.0,0.0,0.0,0.0,0.0,0.0,0.0,0.0,0.0,0.0,0.0,0.0,0.0,0.0,0.0,0.0,4965.0,14763.0,8781.0,,,5415.0,,,,,,,,,,,,,
2017-01-20,0.0,0.0,0.0,0.0,0.0,0.0,0.0,0.0,0.0,0.0,0.0,0.0,0.0,0.0,0.0,0.0,0.0,0.0,0.0,0.0,0.0,17050.0,8975.0,,,5380.0,,,,,,,,,,,,,
2017-01-23,0.0,0.0,0.0,0.0,0.0,0.0,0.0,0.0,0.0,0.0,0.0,0.0,0.0,0.0,0.0,0.0,0.0,0.0,0.0,0.0,0.0,17137.0,9092.0,,,5290.0,,,216.0,,,,,,,,,,
2017-01-24,0.0,0.0,0.0,0.0,0.0,0.0,0.0,0.0,0.0,0.0,0.0,0.0,0.0,0.0,0.0,0.0,0.0,0.0,0.0,0.0,0.0,16783.0,9292.0,,,5194.0,,,383.0,,,,,,,,,,
2017-01-25,0.0,0.0,0.0,0.0,0.0,0.0,0.0,0.0,0.0,0.0,0.0,0.0,0.0,0.0,0.0,0.0,0.0,0.0,0.0,0.0,0.0,16893.0,9426.0,,,5166.0,,,455.0,,,,,,,,,,
2017-01-26,0.0,0.0,0.0,0.0,0.0,0.0,0.0,0.0,0.0,0.0,0.0,0.0,0.0,0.0,0.0,0.0,0.0,0.0,0.0,0.0,0.0,16655.0,9411.0,,,5158.0,,,507.0,,,,,,,,,,
2017-02-03,0.0,0.0,0.0,0.0,0.0,0.0,0.0,0.0,0.0,0.0,0.0,0.0,0.0,0.0,0.0,0.0,0.0,0.0,0.0,0.0,0.0,16991.0,9730.0,,,5131.0,,,522.0,,,,,,,,,,
2017-02-06,0.0,0.0,0.0,0.0,0.0,0.0,0.0,0.0,0.0,0.0,0.0,0.0,0.0,0.0,0.0,0.0,0.0,0.0,0.0,0.0,0.0,16534.0,9947.0,,,5186.0,,,565.0,,,,,,,,,,
2017-02-07,0.0,0.0,0.0,0.0,0.0,0.0,0.0,0.0,0.0,0.0,0.0,0.0,0.0,0.0,0.0,0.0,0.0,0.0,0.0,0.0,0.0,15817.0,10466.0,,,5420.0,,,654.0,,,,,,,,,,
2017-02-08,0.0,0.0,0.0,0.0,0.0,0.0,0.0,0.0,0.0,0.0,0.0,0.0,0.0,0.0,0.0,0.0,0.0,0.0,0.0,0.0,0.0,15080.0,10934.0,,,5615.0,,,708.0,,,,,,,,,,
2017-02-09,0.0,0.0,0.0,0.0,0.0,0.0,0.0,0.0,0.0,0.0,0.0,0.0,0.0,0.0,0.0,0.0,0.0,0.0,0.0,0.0,0.0,14217.0,11561.0,,,5737.0,,,797.0,,,,,,,,,,
2017-02-10,0.0,0.0,0.0,0.0,0.0,0.0,0.0,0.0,0.0,0.0,0.0,0.0,0.0,0.0,0.0,0.0,0.0,0.0,0.0,0.0,0.0,12676.0,12196.0,,,5877.0,,,932.0,,,,,,,,,,
2017-02-13,0.0,0.0,0.0,0.0,0.0,0.0,0.0,0.0,0.0,0.0,0.0,0.0,0.0,0.0,0.0,0.0,0.0,0.0,0.0,0.0,0.0,11263.0,13380.0,,,5903.0,,,1010.0,,,,,,,,,,
2017-02-14,0.0,0.0,0.0,0.0,0.0,0.0,0.0,0.0,0.0,0.0,0.0,0.0,0.0,0.0,0.0,0.0,0.0,0.0,0.0,0.0,0.0,9568.0,14663.0,,,6008.0,,,1076.0,,,,,,,,,,
2017-02-15,0.0,0.0,0.0,0.0,0.0,0.0,0.0,0.0,0.0,0.0,0.0,0.0,0.0,0.0,0.0,0.0,0.0,0.0,0.0,0.0,0.0,7294.0,16712.0,,,6131.0,,,1192.0,,,,,,,,,,
2017-02-16,0.0,0.0,0.0,0.0,0.0,0.0,0.0,0.0,0.0,0.0,0.0,0.0,0.0,0.0,0.0,0.0,0.0,0.0,0.0,0.0,0.0,3919.0,19720.0,,,6264.0,,,1266.0,,,,,,,,,,
2017-02-17,0.0,0.0,0.0,0.0,0.0,0.0,0.0,0.0,0.0,0.0,0.0,0.0,0.0,0.0,0.0,0.0,0.0,0.0,0.0,0.0,0.0,0.0,22146.0,,,6552.0,,,1506.0,,,,,,,,,,
2017-02-20,0.0,0.0,0.0,0.0,0.0,0.0,0.0,0.0,0.0,0.0,0.0,0.0,0.0,0.0,0.0,0.0,0.0,0.0,0.0,0.0,0.0,0.0,24030.0,477.0,,6656.0,,,1590.0,,,,,,,,,,
2017-02-21,0.0,0.0,0.0,0.0,0.0,0.0,0.0,0.0,0.0,0.0,0.0,0.0,0.0,0.0,0.0,0.0,0.0,0.0,0.0,0.0,0.0,0.0,24288.0,743.0,,6684.0,,,1633.0,,,,,,,,,,
2017-02-22,0.0,0.0,0.0,0.0,0.0,0.0,0.0,0.0,0.0,0.0,0.0,0.0,0.0,0.0,0.0,0.0,0.0,0.0,0.0,0.0,0.0,0.0,24194.0,989.0,,6789.0,,,1818.0,,,,,,,,,,
2017-02-23,0.0,0.0,0.0,0.0,0.0,0.0,0.0,0.0,0.0,0.0,0.0,0.0,0.0,0.0,0.0,0.0,0.0,0.0,0.0,0.0,0.0,0.0,24815.0,1276.0,,6936.0,,,1920.0,,,,,,,,,,
2017-02-24,0.0,0.0,0.0,0.0,0.0,0.0,0.0,0.0,0.0,0.0,0.0,0.0,0.0,0.0,0.0,0.0,0.0,0.0,0.0,0.0,0.0,0.0,24494.0,1525.0,,6956.0,,,2016.0,,,,,,,,,,
2017-02-27,0.0,0.0,0.0,0.0,0.0,0.0,0.0,0.0,0.0,0.0,0.0,0.0,0.0,0.0,0.0,0.0,0.0,0.0,0.0,0.0,0.0,0.0,24567.0,1886.0,,7055.0,,,2147.0,,,,,,,,,,
2017-02-28,0.0,0.0,0.0,0.0,0.0,0.0,0.0,0.0,0.0,0.0,0.0,0.0,0.0,0.0,0.0,0.0,0.0,0.0,0.0,0.0,0.0,0.0,24091.0,2225.0,,7001.0,,,2131.0,,,,,,,,,,
2017-03-01,0.0,0.0,0.0,0.0,0.0,0.0,0.0,0.0,0.0,0.0,0.0,0.0,0.0,0.0,0.0,0.0,0.0,0.0,0.0,0.0,0.0,0.0,24130.0,2831.0,,7078.0,,,2198.0,,,,,,,,,,
2017-03-02,0.0,0.0,0.0,0.0,0.0,0.0,0.0,0.0,0.0,0.0,0.0,0.0,0.0,0.0,0.0,0.0,0.0,0.0,0.0,0.0,0.0,0.0,23850.0,3246.0,,7157.0,,,2344.0,,,,,,,,,,
2017-03-03,0.0,0.0,0.0,0.0,0.0,0.0,0.0,0.0,0.0,0.0,0.0,0.0,0.0,0.0,0.0,0.0,0.0,0.0,0.0,0.0,0.0,0.0,23929.0,3857.0,,7252.0,,,2420.0,,,,,,,,,,
2017-03-06,0.0,0.0,0.0,0.0,0.0,0.0,0.0,0.0,0.0,0.0,0.0,0.0,0.0,0.0,0.0,0.0,0.0,0.0,0.0,0.0,0.0,0.0,23295.0,4347.0,,7305.0,,,2534.0,,,,,,,,,,
2017-03-07,0.0,0.0,0.0,0.0,0.0,0.0,0.0,0.0,0.0,0.0,0.0,0.0,0.0,0.0,0.0,0.0,0.0,0.0,0.0,0.0,0.0,0.0,21900.0,5004.0,,7330.0,,,2679.0,,,,,,,,,,
2017-03-08,0.0,0.0,0.0,0.0,0.0,0.0,0.0,0.0,0.0,0.0,0.0,0.0,0.0,0.0,0.0,0.0,0.0,0.0,0.0,0.0,0.0,0.0,21150.0,5670.0,,7396.0,,,2708.0,,,,,,,,,,
2017-03-09,0.0,0.0,0.0,0.0,0.0,0.0,0.0,0.0,0.0,0.0,0.0,0.0,0.0,0.0,0.0,0.0,0.0,0.0,0.0,0.0,0.0,0.0,20473.0,6556.0,,7552.0,,,2975.0,,,,,,,,,,
2017-03-10,0.0,0.0,0.0,0.0,0.0,0.0,0.0,0.0,0.0,0.0,0.0,0.0,0.0,0.0,0.0,0.0,0.0,0.0,0.0,0.0,0.0,0.0,18588.0,7541.0,,7716.0,,,3021.0,,,,,,,,,,
2017-03-13,0.0,0.0,0.0,0.0,0.0,0.0,0.0,0.0,0.0,0.0,0.0,0.0,0.0,0.0,0.0,0.0,0.0,0.0,0.0,0.0,0.0,0.0,16764.0,9369.0,,8277.0,,,3175.0,,,,,,,,,,
2017-03-14,0.0,0.0,0.0,0.0,0.0,0.0,0.0,0.0,0.0,0.0,0.0,0.0,0.0,0.0,0.0,0.0,0.0,0.0,0.0,0.0,0.0,0.0,14200.0,11117.0,,8517.0,,,3246.0,,,,,,,,,,
2017-03-15,0.0,0.0,0.0,0.0,0.0,0.0,0.0,0.0,0.0,0.0,0.0,0.0,0.0,0.0,0.0,0.0,0.0,0.0,0.0,0.0,0.0,0.0,11018.0,13730.0,,9026.0,,,3472.0,,,,,,,,,,
2017-03-16,0.0,0.0,0.0,0.0,0.0,0.0,0.0,0.0,0.0,0.0,0.0,0.0,0.0,0.0,0.0,0.0,0.0,0.0,0.0,0.0,0.0,0.0,5484.0,19088.0,,9428.0,,,3628.0,,,,,,,,,,
2017-03-17,0.0,0.0,0.0,0.0,0.0,0.0,0.0,0.0,0.0,0.0,0.0,0.0,0.0,0.0,0.0,0.0,0.0,0.0,0.0,0.0,0.0,0.0,0.0,22976.0,,9851.0,,,3817.0,,,,,,,,,,
2017-03-20,0.0,0.0,0.0,0.0,0.0,0.0,0.0,0.0,0.0,0.0,0.0,0.0,0.0,0.0,0.0,0.0,0.0,0.0,0.0,0.0,0.0,0.0,0.0,23207.0,272.0,9905.0,,,3785.0,,,,,,,,,,
2017-03-21,0.0,0.0,0.0,0.0,0.0,0.0,0.0,0.0,0.0,0.0,0.0,0.0,0.0,0.0,0.0,0.0,0.0,0.0,0.0,0.0,0.0,0.0,0.0,23397.0,348.0,9908.0,,,3925.0,,,,,,,,,,
2017-03-22,0.0,0.0,0.0,0.0,0.0,0.0,0.0,0.0,0.0,0.0,0.0,0.0,0.0,0.0,0.0,0.0,0.0,0.0,0.0,0.0,0.0,0.0,0.0,23942.0,450.0,9956.0,,,4015.0,,,,,,,,,,
2017-03-23,0.0,0.0,0.0,0.0,0.0,0.0,0.0,0.0,0.0,0.0,0.0,0.0,0.0,0.0,0.0,0.0,0.0,0.0,0.0,0.0,0.0,0.0,0.0,24170.0,661.0,10292.0,,,4065.0,,,,,,,,,,
2017-03-24,0.0,0.0,0.0,0.0,0.0,0.0,0.0,0.0,0.0,0.0,0.0,0.0,0.0,0.0,0.0,0.0,0.0,0.0,0.0,0.0,0.0,0.0,0.0,23524.0,836.0,10290.0,,,4124.0,,,,,,,,,,
2017-03-27,0.0,0.0,0.0,0.0,0.0,0.0,0.0,0.0,0.0,0.0,0.0,0.0,0.0,0.0,0.0,0.0,0.0,0.0,0.0,0.0,0.0,0.0,0.0,23151.0,1152.0,10305.0,,,4304.0,,,,,,,,,,
2017-03-28,0.0,0.0,0.0,0.0,0.0,0.0,0.0,0.0,0.0,0.0,0.0,0.0,0.0,0.0,0.0,0.0,0.0,0.0,0.0,0.0,0.0,0.0,0.0,22859.0,1486.0,10332.0,,,4388.0,,,,,,,,,,
2017-03-29,0.0,0.0,0.0,0.0,0.0,0.0,0.0,0.0,0.0,0.0,0.0,0.0,0.0,0.0,0.0,0.0,0.0,0.0,0.0,0.0,0.0,0.0,0.0,23230.0,1652.0,10259.0,,,4463.0,,,,,,,,,,
2017-03-30,0.0,0.0,0.0,0.0,0.0,0.0,0.0,0.0,0.0,0.0,0.0,0.0,0.0,0.0,0.0,0.0,0.0,0.0,0.0,0.0,0.0,0.0,0.0,22612.0,2040.0,10031.0,,,4694.0,,,,,,,,,,
2017-03-31,0.0,0.0,0.0,0.0,0.0,0.0,0.0,0.0,0.0,0.0,0.0,0.0,0.0,0.0,0.0,0.0,0.0,0.0,0.0,0.0,0.0,0.0,0.0,21670.0,2161.0,10048.0,,,4799.0,,,,,,,,,,
2017-04-05,0.0,0.0,0.0,0.0,0.0,0.0,0.0,0.0,0.0,0.0,0.0,0.0,0.0,0.0,0.0,0.0,0.0,0.0,0.0,0.0,0.0,0.0,0.0,20948.0,2473.0,9787.0,,,4903.0,,,,,,,,,,
2017-04-06,0.0,0.0,0.0,0.0,0.0,0.0,0.0,0.0,0.0,0.0,0.0,0.0,0.0,0.0,0.0,0.0,0.0,0.0,0.0,0.0,0.0,0.0,0.0,20231.0,2572.0,9527.0,,,4966.0,,,,,,,,,,
2017-04-07,0.0,0.0,0.0,0.0,0.0,0.0,0.0,0.0,0.0,0.0,0.0,0.0,0.0,0.0,0.0,0.0,0.0,0.0,0.0,0.0,0.0,0.0,0.0,20074.0,2744.0,9642.0,,,4962.0,,,,,,,,,,
2017-04-10,0.0,0.0,0.0,0.0,0.0,0.0,0.0,0.0,0.0,0.0,0.0,0.0,0.0,0.0,0.0,0.0,0.0,0.0,0.0,0.0,0.0,0.0,0.0,19710.0,3096.0,9585.0,,,4925.0,,,,,,,,,,
2017-04-11,0.0,0.0,0.0,0.0,0.0,0.0,0.0,0.0,0.0,0.0,0.0,0.0,0.0,0.0,0.0,0.0,0.0,0.0,0.0,0.0,0.0,0.0,0.0,20222.0,3652.0,9615.0,,,5007.0,,,,,,,,,,
2017-04-12,0.0,0.0,0.0,0.0,0.0,0.0,0.0,0.0,0.0,0.0,0.0,0.0,0.0,0.0,0.0,0.0,0.0,0.0,0.0,0.0,0.0,0.0,0.0,19170.0,3906.0,9522.0,,,4960.0,,,,,,,,,,
2017-04-13,0.0,0.0,0.0,0.0,0.0,0.0,0.0,0.0,0.0,0.0,0.0,0.0,0.0,0.0,0.0,0.0,0.0,0.0,0.0,0.0,0.0,0.0,0.0,18790.0,4377.0,9605.0,,,4976.0,,,,,,,,,,
2017-04-14,0.0,0.0,0.0,0.0,0.0,0.0,0.0,0.0,0.0,0.0,0.0,0.0,0.0,0.0,0.0,0.0,0.0,0.0,0.0,0.0,0.0,0.0,0.0,18249.0,5211.0,9698.0,,,5005.0,,,,,,,,,,
2017-04-17,0.0,0.0,0.0,0.0,0.0,0.0,0.0,0.0,0.0,0.0,0.0,0.0,0.0,0.0,0.0,0.0,0.0,0.0,0.0,0.0,0.0,0.0,0.0,16512.0,6859.0,9803.0,,,5140.0,,,,,,,,,,
2017-04-18,0.0,0.0,0.0,0.0,0.0,0.0,0.0,0.0,0.0,0.0,0.0,0.0,0.0,0.0,0.0,0.0,0.0,0.0,0.0,0.0,0.0,0.0,0.0,13950.0,8682.0,9931.0,,,5107.0,,,,,,,,,,
2017-04-19,0.0,0.0,0.0,0.0,0.0,0.0,0.0,0.0,0.0,0.0,0.0,0.0,0.0,0.0,0.0,0.0,0.0,0.0,0.0,0.0,0.0,0.0,0.0,10694.0,11610.0,10143.0,,,5223.0,,,,,,,,,,
2017-04-20,0.0,0.0,0.0,0.0,0.0,0.0,0.0,0.0,0.0,0.0,0.0,0.0,0.0,0.0,0.0,0.0,0.0,0.0,0.0,0.0,0.0,0.0,0.0,5141.0,15883.0,10197.0,,,5221.0,,,,,,,,,,
2017-04-21,0.0,0.0,0.0,0.0,0.0,0.0,0.0,0.0,0.0,0.0,0.0,0.0,0.0,0.0,0.0,0.0,0.0,0.0,0.0,0.0,0.0,0.0,0.0,0.0,18425.0,10333.0,,,5339.0,,,,,,,,,,
2017-04-24,0.0,0.0,0.0,0.0,0.0,0.0,0.0,0.0,0.0,0.0,0.0,0.0,0.0,0.0,0.0,0.0,0.0,0.0,0.0,0.0,0.0,0.0,0.0,0.0,19903.0,10411.0,,,5321.0,,,271.0,,,,,,,
2017-04-25,0.0,0.0,0.0,0.0,0.0,0.0,0.0,0.0,0.0,0.0,0.0,0.0,0.0,0.0,0.0,0.0,0.0,0.0,0.0,0.0,0.0,0.0,0.0,0.0,19441.0,10443.0,,,5136.0,,,358.0,,,,,,,
2017-04-26,0.0,0.0,0.0,0.0,0.0,0.0,0.0,0.0,0.0,0.0,0.0,0.0,0.0,0.0,0.0,0.0,0.0,0.0,0.0,0.0,0.0,0.0,0.0,0.0,19013.0,10349.0,,,5104.0,,,506.0,,,,,,,
2017-04-27,0.0,0.0,0.0,0.0,0.0,0.0,0.0,0.0,0.0,0.0,0.0,0.0,0.0,0.0,0.0,0.0,0.0,0.0,0.0,0.0,0.0,0.0,0.0,0.0,19930.0,10703.0,,,5238.0,,,678.0,,,,,,,
2017-04-28,0.0,0.0,0.0,0.0,0.0,0.0,0.0,0.0,0.0,0.0,0.0,0.0,0.0,0.0,0.0,0.0,0.0,0.0,0.0,0.0,0.0,0.0,0.0,0.0,18526.0,10340.0,,,5192.0,,,890.0,,,,,,,
2017-05-02,0.0,0.0,0.0,0.0,0.0,0.0,0.0,0.0,0.0,0.0,0.0,0.0,0.0,0.0,0.0,0.0,0.0,0.0,0.0,0.0,0.0,0.0,0.0,0.0,18059.0,10295.0,,,5135.0,,,960.0,,,,,,,
2017-05-03,0.0,0.0,0.0,0.0,0.0,0.0,0.0,0.0,0.0,0.0,0.0,0.0,0.0,0.0,0.0,0.0,0.0,0.0,0.0,0.0,0.0,0.0,0.0,0.0,18310.0,10473.0,,,5266.0,,,1016.0,,,,,,,
2017-05-04,0.0,0.0,0.0,0.0,0.0,0.0,0.0,0.0,0.0,0.0,0.0,0.0,0.0,0.0,0.0,0.0,0.0,0.0,0.0,0.0,0.0,0.0,0.0,0.0,18626.0,10669.0,,,5312.0,,,1040.0,,,,,,,
2017-05-05,0.0,0.0,0.0,0.0,0.0,0.0,0.0,0.0,0.0,0.0,0.0,0.0,0.0,0.0,0.0,0.0,0.0,0.0,0.0,0.0,0.0,0.0,0.0,0.0,18682.0,10697.0,,,5440.0,,,1213.0,,,,,,,
2017-05-08,0.0,0.0,0.0,0.0,0.0,0.0,0.0,0.0,0.0,0.0,0.0,0.0,0.0,0.0,0.0,0.0,0.0,0.0,0.0,0.0,0.0,0.0,0.0,0.0,19009.0,10843.0,,,5501.0,,,1323.0,,,,,,,
2017-05-09,0.0,0.0,0.0,0.0,0.0,0.0,0.0,0.0,0.0,0.0,0.0,0.0,0.0,0.0,0.0,0.0,0.0,0.0,0.0,0.0,0.0,0.0,0.0,0.0,18201.0,11299.0,,,5614.0,,,1440.0,,,,,,,
2017-05-10,0.0,0.0,0.0,0.0,0.0,0.0,0.0,0.0,0.0,0.0,0.0,0.0,0.0,0.0,0.0,0.0,0.0,0.0,0.0,0.0,0.0,0.0,0.0,0.0,17895.0,11587.0,,,5660.0,,,1552.0,,,,,,,
2017-05-11,0.0,0.0,0.0,0.0,0.0,0.0,0.0,0.0,0.0,0.0,0.0,0.0,0.0,0.0,0.0,0.0,0.0,0.0,0.0,0.0,0.0,0.0,0.0,0.0,17570.0,12406.0,,,5689.0,,,1655.0,,,,,,,
2017-05-12,0.0,0.0,0.0,0.0,0.0,0.0,0.0,0.0,0.0,0.0,0.0,0.0,0.0,0.0,0.0,0.0,0.0,0.0,0.0,0.0,0.0,0.0,0.0,0.0,15892.0,13267.0,,,5669.0,,,1686.0,,,,,,,
2017-05-15,0.0,0.0,0.0,0.0,0.0,0.0,0.0,0.0,0.0,0.0,0.0,0.0,0.0,0.0,0.0,0.0,0.0,0.0,0.0,0.0,0.0,0.0,0.0,0.0,13953.0,14479.0,,,5739.0,,,1640.0,,,,,,,
2017-05-16,0.0,0.0,0.0,0.0,0.0,0.0,0.0,0.0,0.0,0.0,0.0,0.0,0.0,0.0,0.0,0.0,0.0,0.0,0.0,0.0,0.0,0.0,0.0,0.0,11481.0,17479.0,,,5769.0,,,1610.0,,,,,,,
2017-05-17,0.0,0.0,0.0,0.0,0.0,0.0,0.0,0.0,0.0,0.0,0.0,0.0,0.0,0.0,0.0,0.0,0.0,0.0,0.0,0.0,0.0,0.0,0.0,0.0,8095.0,19626.0,,,5885.0,,,1683.0,,,,,,,
2017-05-18,0.0,0.0,0.0,0.0,0.0,0.0,0.0,0.0,0.0,0.0,0.0,0.0,0.0,0.0,0.0,0.0,0.0,0.0,0.0,0.0,0.0,0.0,0.0,0.0,4519.0,23989.0,,,6070.0,,,1718.0,,,,,,,
2017-05-19,0.0,0.0,0.0,0.0,0.0,0.0,0.0,0.0,0.0,0.0,0.0,0.0,0.0,0.0,0.0,0.0,0.0,0.0,0.0,0.0,0.0,0.0,0.0,0.0,0.0,25906.0,,,6290.0,,,1723.0,,,,,,,
2017-05-22,0.0,0.0,0.0,0.0,0.0,0.0,0.0,0.0,0.0,0.0,0.0,0.0,0.0,0.0,0.0,0.0,0.0,0.0,0.0,0.0,0.0,0.0,0.0,0.0,0.0,27115.0,283.0,,6203.0,,,1778.0,,,,,,,
2017-05-23,0.0,0.0,0.0,0.0,0.0,0.0,0.0,0.0,0.0,0.0,0.0,0.0,0.0,0.0,0.0,0.0,0.0,0.0,0.0,0.0,0.0,0.0,0.0,0.0,0.0,27249.0,523.0,,6415.0,,,1805.0,,,,,,,
2017-05-24,0.0,0.0,0.0,0.0,0.0,0.0,0.0,0.0,0.0,0.0,0.0,0.0,0.0,0.0,0.0,0.0,0.0,0.0,0.0,0.0,0.0,0.0,0.0,0.0,0.0,28221.0,798.0,,6576.0,,,1841.0,,,,,,,
2017-05-25,0.0,0.0,0.0,0.0,0.0,0.0,0.0,0.0,0.0,0.0,0.0,0.0,0.0,0.0,0.0,0.0,0.0,0.0,0.0,0.0,0.0,0.0,0.0,0.0,0.0,28059.0,1143.0,,6610.0,,,1893.0,,,,,,,
2017-05-26,0.0,0.0,0.0,0.0,0.0,0.0,0.0,0.0,0.0,0.0,0.0,0.0,0.0,0.0,0.0,0.0,0.0,0.0,0.0,0.0,0.0,0.0,0.0,0.0,0.0,26709.0,1374.0,,6721.0,,,1946.0,,,,,,,
2017-05-31,0.0,0.0,0.0,0.0,0.0,0.0,0.0,0.0,0.0,0.0,0.0,0.0,0.0,0.0,0.0,0.0,0.0,0.0,0.0,0.0,0.0,0.0,0.0,0.0,0.0,26325.0,1670.0,,6824.0,,,1973.0,,,,,,,
2017-06-01,0.0,0.0,0.0,0.0,0.0,0.0,0.0,0.0,0.0,0.0,0.0,0.0,0.0,0.0,0.0,0.0,0.0,0.0,0.0,0.0,0.0,0.0,0.0,0.0,0.0,26160.0,2091.0,,6811.0,,,2063.0,,,,,,,
2017-06-02,0.0,0.0,0.0,0.0,0.0,0.0,0.0,0.0,0.0,0.0,0.0,0.0,0.0,0.0,0.0,0.0,0.0,0.0,0.0,0.0,0.0,0.0,0.0,0.0,0.0,26523.0,2685.0,,6904.0,,,2055.0,,,,,,,
2017-06-05,0.0,0.0,0.0,0.0,0.0,0.0,0.0,0.0,0.0,0.0,0.0,0.0,0.0,0.0,0.0,0.0,0.0,0.0,0.0,0.0,0.0,0.0,0.0,0.0,0.0,25454.0,2993.0,,6921.0,,,2119.0,,,,,,,
2017-06-06,0.0,0.0,0.0,0.0,0.0,0.0,0.0,0.0,0.0,0.0,0.0,0.0,0.0,0.0,0.0,0.0,0.0,0.0,0.0,0.0,0.0,0.0,0.0,0.0,0.0,25042.0,3398.0,,7007.0,,,2128.0,,,,,,,
2017-06-07,0.0,0.0,0.0,0.0,0.0,0.0,0.0,0.0,0.0,0.0,0.0,0.0,0.0,0.0,0.0,0.0,0.0,0.0,0.0,0.0,0.0,0.0,0.0,0.0,0.0,23475.0,4764.0,,6919.0,,,2139.0,,,,,,,
2017-06-08,0.0,0.0,0.0,0.0,0.0,0.0,0.0,0.0,0.0,0.0,0.0,0.0,0.0,0.0,0.0,0.0,0.0,0.0,0.0,0.0,0.0,0.0,0.0,0.0,0.0,21822.0,5279.0,,6965.0,,,2124.0,,,,,,,
2017-06-09,0.0,0.0,0.0,0.0,0.0,0.0,0.0,0.0,0.0,0.0,0.0,0.0,0.0,0.0,0.0,0.0,0.0,0.0,0.0,0.0,0.0,0.0,0.0,0.0,0.0,20987.0,6308.0,,7270.0,,,2197.0,,,,,,,
2017-06-12,0.0,0.0,0.0,0.0,0.0,0.0,0.0,0.0,0.0,0.0,0.0,0.0,0.0,0.0,0.0,0.0,0.0,0.0,0.0,0.0,0.0,0.0,0.0,0.0,0.0,18212.0,7992.0,,7436.0,,,2241.0,,,,,,,
2017-06-13,0.0,0.0,0.0,0.0,0.0,0.0,0.0,0.0,0.0,0.0,0.0,0.0,0.0,0.0,0.0,0.0,0.0,0.0,0.0,0.0,0.0,0.0,0.0,0.0,0.0,15866.0,10396.0,,7699.0,,,2266.0,,,,,,,
2017-06-14,0.0,0.0,0.0,0.0,0.0,0.0,0.0,0.0,0.0,0.0,0.0,0.0,0.0,0.0,0.0,0.0,0.0,0.0,0.0,0.0,0.0,0.0,0.0,0.0,0.0,11624.0,13423.0,,7974.0,,,2296.0,,,,,,,
2017-06-15,0.0,0.0,0.0,0.0,0.0,0.0,0.0,0.0,0.0,0.0,0.0,0.0,0.0,0.0,0.0,0.0,0.0,0.0,0.0,0.0,0.0,0.0,0.0,0.0,0.0,5772.0,19743.0,,8365.0,,,2383.0,,,,,,,
2017-06-16,0.0,0.0,0.0,0.0,0.0,0.0,0.0,0.0,0.0,0.0,0.0,0.0,0.0,0.0,0.0,0.0,0.0,0.0,0.0,0.0,0.0,0.0,0.0,0.0,0.0,0.0,21593.0,,8557.0,,,2444.0,,,,,,,
2017-06-19,0.0,0.0,0.0,0.0,0.0,0.0,0.0,0.0,0.0,0.0,0.0,0.0,0.0,0.0,0.0,0.0,0.0,0.0,0.0,0.0,0.0,0.0,0.0,0.0,0.0,0.0,23196.0,154.0,8469.0,,,2454.0,,,,,,,
2017-06-20,0.0,0.0,0.0,0.0,0.0,0.0,0.0,0.0,0.0,0.0,0.0,0.0,0.0,0.0,0.0,0.0,0.0,0.0,0.0,0.0,0.0,0.0,0.0,0.0,0.0,0.0,23033.0,157.0,8484.0,,,2446.0,,,,,,,
2017-06-21,0.0,0.0,0.0,0.0,0.0,0.0,0.0,0.0,0.0,0.0,0.0,0.0,0.0,0.0,0.0,0.0,0.0,0.0,0.0,0.0,0.0,0.0,0.0,0.0,0.0,0.0,22850.0,170.0,8448.0,,,2394.0,,,,,,,
2017-06-22,0.0,0.0,0.0,0.0,0.0,0.0,0.0,0.0,0.0,0.0,0.0,0.0,0.0,0.0,0.0,0.0,0.0,0.0,0.0,0.0,0.0,0.0,0.0,0.0,0.0,0.0,22556.0,361.0,8672.0,,,2398.0,,,,,,,
2017-06-23,0.0,0.0,0.0,0.0,0.0,0.0,0.0,0.0,0.0,0.0,0.0,0.0,0.0,0.0,0.0,0.0,0.0,0.0,0.0,0.0,0.0,0.0,0.0,0.0,0.0,0.0,22956.0,371.0,8607.0,,,2406.0,,,,,,,
2017-06-26,0.0,0.0,0.0,0.0,0.0,0.0,0.0,0.0,0.0,0.0,0.0,0.0,0.0,0.0,0.0,0.0,0.0,0.0,0.0,0.0,0.0,0.0,0.0,0.0,0.0,0.0,22701.0,488.0,8693.0,,,2377.0,,,,,,,
2017-06-27,0.0,0.0,0.0,0.0,0.0,0.0,0.0,0.0,0.0,0.0,0.0,0.0,0.0,0.0,0.0,0.0,0.0,0.0,0.0,0.0,0.0,0.0,0.0,0.0,0.0,0.0,22219.0,491.0,8597.0,,,2357.0,,,,,,,
2017-06-28,0.0,0.0,0.0,0.0,0.0,0.0,0.0,0.0,0.0,0.0,0.0,0.0,0.0,0.0,0.0,0.0,0.0,0.0,0.0,0.0,0.0,0.0,0.0,0.0,0.0,0.0,21961.0,561.0,8588.0,,,2339.0,,,,,,,
2017-06-29,0.0,0.0,0.0,0.0,0.0,0.0,0.0,0.0,0.0,0.0,0.0,0.0,0.0,0.0,0.0,0.0,0.0,0.0,0.0,0.0,0.0,0.0,0.0,0.0,0.0,0.0,22200.0,631.0,8659.0,,,2364.0,,,,,,,
2017-06-30,0.0,0.0,0.0,0.0,0.0,0.0,0.0,0.0,0.0,0.0,0.0,0.0,0.0,0.0,0.0,0.0,0.0,0.0,0.0,0.0,0.0,0.0,0.0,0.0,0.0,0.0,21126.0,709.0,8547.0,,,2349.0,,,,,,,
2017-07-03,0.0,0.0,0.0,0.0,0.0,0.0,0.0,0.0,0.0,0.0,0.0,0.0,0.0,0.0,0.0,0.0,0.0,0.0,0.0,0.0,0.0,0.0,0.0,0.0,0.0,0.0,20976.0,869.0,8621.0,,,2340.0,,,,,,,
2017-07-04,0.0,0.0,0.0,0.0,0.0,0.0,0.0,0.0,0.0,0.0,0.0,0.0,0.0,0.0,0.0,0.0,0.0,0.0,0.0,0.0,0.0,0.0,0.0,0.0,0.0,0.0,20658.0,1048.0,8730.0,,,2335.0,,,,,,,
2017-07-05,0.0,0.0,0.0,0.0,0.0,0.0,0.0,0.0,0.0,0.0,0.0,0.0,0.0,0.0,0.0,0.0,0.0,0.0,0.0,0.0,0.0,0.0,0.0,0.0,0.0,0.0,20700.0,1259.0,8844.0,,,2348.0,,,,,,,
2017-07-06,0.0,0.0,0.0,0.0,0.0,0.0,0.0,0.0,0.0,0.0,0.0,0.0,0.0,0.0,0.0,0.0,0.0,0.0,0.0,0.0,0.0,0.0,0.0,0.0,0.0,0.0,20489.0,1356.0,8866.0,,,2372.0,,,,,,,
2017-07-07,0.0,0.0,0.0,0.0,0.0,0.0,0.0,0.0,0.0,0.0,0.0,0.0,0.0,0.0,0.0,0.0,0.0,0.0,0.0,0.0,0.0,0.0,0.0,0.0,0.0,0.0,20019.0,1507.0,8942.0,,,2353.0,,,,,,,
2017-07-10,0.0,0.0,0.0,0.0,0.0,0.0,0.0,0.0,0.0,0.0,0.0,0.0,0.0,0.0,0.0,0.0,0.0,0.0,0.0,0.0,0.0,0.0,0.0,0.0,0.0,0.0,19791.0,1903.0,8990.0,,,2380.0,,,,,,,
2017-07-11,0.0,0.0,0.0,0.0,0.0,0.0,0.0,0.0,0.0,0.0,0.0,0.0,0.0,0.0,0.0,0.0,0.0,0.0,0.0,0.0,0.0,0.0,0.0,0.0,0.0,0.0,19294.0,2262.0,9012.0,,,2350.0,,,,,,,
2017-07-12,0.0,0.0,0.0,0.0,0.0,0.0,0.0,0.0,0.0,0.0,0.0,0.0,0.0,0.0,0.0,0.0,0.0,0.0,0.0,0.0,0.0,0.0,0.0,0.0,0.0,0.0,19690.0,2612.0,9162.0,,,2394.0,,,,,,,
2017-07-13,0.0,0.0,0.0,0.0,0.0,0.0,0.0,0.0,0.0,0.0,0.0,0.0,0.0,0.0,0.0,0.0,0.0,0.0,0.0,0.0,0.0,0.0,0.0,0.0,0.0,0.0,18118.0,3064.0,9130.0,,,2370.0,,,,,,,
2017-07-14,0.0,0.0,0.0,0.0,0.0,0.0,0.0,0.0,0.0,0.0,0.0,0.0,0.0,0.0,0.0,0.0,0.0,0.0,0.0,0.0,0.0,0.0,0.0,0.0,0.0,0.0,17244.0,3344.0,9199.0,,,2402.0,,,,,,,
2017-07-17,0.0,0.0,0.0,0.0,0.0,0.0,0.0,0.0,0.0,0.0,0.0,0.0,0.0,0.0,0.0,0.0,0.0,0.0,0.0,0.0,0.0,0.0,0.0,0.0,0.0,0.0,16617.0,4842.0,9533.0,,,2513.0,,,,,,,
2017-07-18,0.0,0.0,0.0,0.0,0.0,0.0,0.0,0.0,0.0,0.0,0.0,0.0,0.0,0.0,0.0,0.0,0.0,0.0,0.0,0.0,0.0,0.0,0.0,0.0,0.0,0.0,13912.0,6815.0,9882.0,,,2495.0,,,,,,,
2017-07-19,0.0,0.0,0.0,0.0,0.0,0.0,0.0,0.0,0.0,0.0,0.0,0.0,0.0,0.0,0.0,0.0,0.0,0.0,0.0,0.0,0.0,0.0,0.0,0.0,0.0,0.0,10429.0,9238.0,10174.0,,,2637.0,,,,,,,
2017-07-20,0.0,0.0,0.0,0.0,0.0,0.0,0.0,0.0,0.0,0.0,0.0,0.0,0.0,0.0,0.0,0.0,0.0,0.0,0.0,0.0,0.0,0.0,0.0,0.0,0.0,0.0,5224.0,13451.0,10276.0,,,2649.0,,,,,,,
2017-07-21,0.0,0.0,0.0,0.0,0.0,0.0,0.0,0.0,0.0,0.0,0.0,0.0,0.0,0.0,0.0,0.0,0.0,0.0,0.0,0.0,0.0,0.0,0.0,0.0,0.0,0.0,0.0,16405.0,10277.0,,,2676.0,,,,,,,
2017-07-24,0.0,0.0,0.0,0.0,0.0,0.0,0.0,0.0,0.0,0.0,0.0,0.0,0.0,0.0,0.0,0.0,0.0,0.0,0.0,0.0,0.0,0.0,0.0,0.0,0.0,0.0,0.0,18295.0,10419.0,,,2657.0,,,95.0,,,,
2017-07-25,0.0,0.0,0.0,0.0,0.0,0.0,0.0,0.0,0.0,0.0,0.0,0.0,0.0,0.0,0.0,0.0,0.0,0.0,0.0,0.0,0.0,0.0,0.0,0.0,0.0,0.0,0.0,18202.0,10258.0,,,2717.0,,,177.0,,,,
2017-07-26,0.0,0.0,0.0,0.0,0.0,0.0,0.0,0.0,0.0,0.0,0.0,0.0,0.0,0.0,0.0,0.0,0.0,0.0,0.0,0.0,0.0,0.0,0.0,0.0,0.0,0.0,0.0,18417.0,10274.0,,,2707.0,,,202.0,,,,
2017-07-27,0.0,0.0,0.0,0.0,0.0,0.0,0.0,0.0,0.0,0.0,0.0,0.0,0.0,0.0,0.0,0.0,0.0,0.0,0.0,0.0,0.0,0.0,0.0,0.0,0.0,0.0,0.0,19140.0,10574.0,,,2738.0,,,199.0,,,,
2017-07-28,0.0,0.0,0.0,0.0,0.0,0.0,0.0,0.0,0.0,0.0,0.0,0.0,0.0,0.0,0.0,0.0,0.0,0.0,0.0,0.0,0.0,0.0,0.0,0.0,0.0,0.0,0.0,18718.0,10331.0,,,2761.0,,,224.0,,,,
2017-07-31,0.0,0.0,0.0,0.0,0.0,0.0,0.0,0.0,0.0,0.0,0.0,0.0,0.0,0.0,0.0,0.0,0.0,0.0,0.0,0.0,0.0,0.0,0.0,0.0,0.0,0.0,0.0,18873.0,10110.0,,,2773.0,,,278.0,,,,
2017-08-01,0.0,0.0,0.0,0.0,0.0,0.0,0.0,0.0,0.0,0.0,0.0,0.0,0.0,0.0,0.0,0.0,0.0,0.0,0.0,0.0,0.0,0.0,0.0,0.0,0.0,0.0,0.0,18489.0,10108.0,,,2785.0,,,263.0,,,,
2017-08-02,0.0,0.0,0.0,0.0,0.0,0.0,0.0,0.0,0.0,0.0,0.0,0.0,0.0,0.0,0.0,0.0,0.0,0.0,0.0,0.0,0.0,0.0,0.0,0.0,0.0,0.0,0.0,19012.0,10109.0,,,2919.0,,,347.0,,,,
2017-08-03,0.0,0.0,0.0,0.0,0.0,0.0,0.0,0.0,0.0,0.0,0.0,0.0,0.0,0.0,0.0,0.0,0.0,0.0,0.0,0.0,0.0,0.0,0.0,0.0,0.0,0.0,0.0,18643.0,10169.0,,,3008.0,,,344.0,,,,
2017-08-04,0.0,0.0,0.0,0.0,0.0,0.0,0.0,0.0,0.0,0.0,0.0,0.0,0.0,0.0,0.0,0.0,0.0,0.0,0.0,0.0,0.0,0.0,0.0,0.0,0.0,0.0,0.0,18578.0,10166.0,,,3008.0,,,376.0,,,,
2017-08-07,0.0,0.0,0.0,0.0,0.0,0.0,0.0,0.0,0.0,0.0,0.0,0.0,0.0,0.0,0.0,0.0,0.0,0.0,0.0,0.0,0.0,0.0,0.0,0.0,0.0,0.0,0.0,17867.0,10158.0,,,3020.0,,,387.0,,,,
2017-08-08,0.0,0.0,0.0,0.0,0.0,0.0,0.0,0.0,0.0,0.0,0.0,0.0,0.0,0.0,0.0,0.0,0.0,0.0,0.0,0.0,0.0,0.0,0.0,0.0,0.0,0.0,0.0,17757.0,10430.0,,,3151.0,,,425.0,,,,
2017-08-09,0.0,0.0,0.0,0.0,0.0,0.0,0.0,0.0,0.0,0.0,0.0,0.0,0.0,0.0,0.0,0.0,0.0,0.0,0.0,0.0,0.0,0.0,0.0,0.0,0.0,0.0,0.0,17147.0,10508.0,,,3195.0,,,424.0,,,,
2017-08-10,0.0,0.0,0.0,0.0,0.0,0.0,0.0,0.0,0.0,0.0,0.0,0.0,0.0,0.0,0.0,0.0,0.0,0.0,0.0,0.0,0.0,0.0,0.0,0.0,0.0,0.0,0.0,17145.0,10850.0,,,3332.0,,,550.0,,,,
2017-08-11,0.0,0.0,0.0,0.0,0.0,0.0,0.0,0.0,0.0,0.0,0.0,0.0,0.0,0.0,0.0,0.0,0.0,0.0,0.0,0.0,0.0,0.0,0.0,0.0,0.0,0.0,0.0,17142.0,11382.0,,,3360.0,,,562.0,,,,
2017-08-14,0.0,0.0,0.0,0.0,0.0,0.0,0.0,0.0,0.0,0.0,0.0,0.0,0.0,0.0,0.0,0.0,0.0,0.0,0.0,0.0,0.0,0.0,0.0,0.0,0.0,0.0,0.0,14644.0,12369.0,,,3438.0,,,597.0,,,,
2017-08-15,0.0,0.0,0.0,0.0,0.0,0.0,0.0,0.0,0.0,0.0,0.0,0.0,0.0,0.0,0.0,0.0,0.0,0.0,0.0,0.0,0.0,0.0,0.0,0.0,0.0,0.0,0.0,12594.0,14326.0,,,3488.0,,,630.0,,,,
2017-08-16,0.0,0.0,0.0,0.0,0.0,0.0,0.0,0.0,0.0,0.0,0.0,0.0,0.0,0.0,0.0,0.0,0.0,0.0,0.0,0.0,0.0,0.0,0.0,0.0,0.0,0.0,0.0,9604.0,17793.0,,,3631.0,,,633.0,,,,
2017-08-17,0.0,0.0,0.0,0.0,0.0,0.0,0.0,0.0,0.0,0.0,0.0,0.0,0.0,0.0,0.0,0.0,0.0,0.0,0.0,0.0,0.0,0.0,0.0,0.0,0.0,0.0,0.0,4764.0,22788.0,,,3815.0,,,658.0,,,,
2017-08-18,0.0,0.0,0.0,0.0,0.0,0.0,0.0,0.0,0.0,0.0,0.0,0.0,0.0,0.0,0.0,0.0,0.0,0.0,0.0,0.0,0.0,0.0,0.0,0.0,0.0,0.0,0.0,0.0,24954.0,,,3947.0,,,671.0,,,,
2017-08-21,0.0,0.0,0.0,0.0,0.0,0.0,0.0,0.0,0.0,0.0,0.0,0.0,0.0,0.0,0.0,0.0,0.0,0.0,0.0,0.0,0.0,0.0,0.0,0.0,0.0,0.0,0.0,0.0,25433.0,213.0,,3963.0,,,685.0,,,,
2017-08-22,0.0,0.0,0.0,0.0,0.0,0.0,0.0,0.0,0.0,0.0,0.0,0.0,0.0,0.0,0.0,0.0,0.0,0.0,0.0,0.0,0.0,0.0,0.0,0.0,0.0,0.0,0.0,0.0,25462.0,318.0,,3953.0,,,712.0,,,,
2017-08-23,0.0,0.0,0.0,0.0,0.0,0.0,0.0,0.0,0.0,0.0,0.0,0.0,0.0,0.0,0.0,0.0,0.0,0.0,0.0,0.0,0.0,0.0,0.0,0.0,0.0,0.0,0.0,0.0,26144.0,378.0,,4056.0,,,740.0,,,,
2017-08-24,0.0,0.0,0.0,0.0,0.0,0.0,0.0,0.0,0.0,0.0,0.0,0.0,0.0,0.0,0.0,0.0,0.0,0.0,0.0,0.0,0.0,0.0,0.0,0.0,0.0,0.0,0.0,0.0,25991.0,416.0,,4110.0,,,760.0,,,,
2017-08-25,0.0,0.0,0.0,0.0,0.0,0.0,0.0,0.0,0.0,0.0,0.0,0.0,0.0,0.0,0.0,0.0,0.0,0.0,0.0,0.0,0.0,0.0,0.0,0.0,0.0,0.0,0.0,0.0,25732.0,625.0,,4351.0,,,784.0,,,,
2017-08-28,0.0,0.0,0.0,0.0,0.0,0.0,0.0,0.0,0.0,0.0,0.0,0.0,0.0,0.0,0.0,0.0,0.0,0.0,0.0,0.0,0.0,0.0,0.0,0.0,0.0,0.0,0.0,0.0,26082.0,980.0,,4687.0,,,860.0,,,,
2017-08-29,0.0,0.0,0.0,0.0,0.0,0.0,0.0,0.0,0.0,0.0,0.0,0.0,0.0,0.0,0.0,0.0,0.0,0.0,0.0,0.0,0.0,0.0,0.0,0.0,0.0,0.0,0.0,0.0,24580.0,1164.0,,4779.0,,,894.0,,,,
2017-08-30,0.0,0.0,0.0,0.0,0.0,0.0,0.0,0.0,0.0,0.0,0.0,0.0,0.0,0.0,0.0,0.0,0.0,0.0,0.0,0.0,0.0,0.0,0.0,0.0,0.0,0.0,0.0,0.0,24556.0,1280.0,,4928.0,,,907.0,,,,
2017-08-31,0.0,0.0,0.0,0.0,0.0,0.0,0.0,0.0,0.0,0.0,0.0,0.0,0.0,0.0,0.0,0.0,0.0,0.0,0.0,0.0,0.0,0.0,0.0,0.0,0.0,0.0,0.0,0.0,24031.0,1436.0,,5068.0,,,940.0,,,,
2017-09-01,0.0,0.0,0.0,0.0,0.0,0.0,0.0,0.0,0.0,0.0,0.0,0.0,0.0,0.0,0.0,0.0,0.0,0.0,0.0,0.0,0.0,0.0,0.0,0.0,0.0,0.0,0.0,0.0,24156.0,1558.0,,5269.0,,,967.0,,,,
2017-09-04,0.0,0.0,0.0,0.0,0.0,0.0,0.0,0.0,0.0,0.0,0.0,0.0,0.0,0.0,0.0,0.0,0.0,0.0,0.0,0.0,0.0,0.0,0.0,0.0,0.0,0.0,0.0,0.0,22959.0,1780.0,,5437.0,,,1029.0,,,,
2017-09-05,0.0,0.0,0.0,0.0,0.0,0.0,0.0,0.0,0.0,0.0,0.0,0.0,0.0,0.0,0.0,0.0,0.0,0.0,0.0,0.0,0.0,0.0,0.0,0.0,0.0,0.0,0.0,0.0,22710.0,2162.0,,5634.0,,,1042.0,,,,
2017-09-06,0.0,0.0,0.0,0.0,0.0,0.0,0.0,0.0,0.0,0.0,0.0,0.0,0.0,0.0,0.0,0.0,0.0,0.0,0.0,0.0,0.0,0.0,0.0,0.0,0.0,0.0,0.0,0.0,22020.0,2603.0,,5761.0,,,1056.0,,,,
2017-09-07,0.0,0.0,0.0,0.0,0.0,0.0,0.0,0.0,0.0,0.0,0.0,0.0,0.0,0.0,0.0,0.0,0.0,0.0,0.0,0.0,0.0,0.0,0.0,0.0,0.0,0.0,0.0,0.0,21708.0,3296.0,,5793.0,,,1055.0,,,,
2017-09-08,0.0,0.0,0.0,0.0,0.0,0.0,0.0,0.0,0.0,0.0,0.0,0.0,0.0,0.0,0.0,0.0,0.0,0.0,0.0,0.0,0.0,0.0,0.0,0.0,0.0,0.0,0.0,0.0,20747.0,3913.0,,6037.0,,,1098.0,,,,
2017-09-11,0.0,0.0,0.0,0.0,0.0,0.0,0.0,0.0,0.0,0.0,0.0,0.0,0.0,0.0,0.0,0.0,0.0,0.0,0.0,0.0,0.0,0.0,0.0,0.0,0.0,0.0,0.0,0.0,18520.0,5678.0,,6407.0,,,1138.0,,,,
2017-09-12,0.0,0.0,0.0,0.0,0.0,0.0,0.0,0.0,0.0,0.0,0.0,0.0,0.0,0.0,0.0,0.0,0.0,0.0,0.0,0.0,0.0,0.0,0.0,0.0,0.0,0.0,0.0,0.0,15515.0,8271.0,,6677.0,,,1188.0,,,,
2017-09-13,0.0,0.0,0.0,0.0,0.0,0.0,0.0,0.0,0.0,0.0,0.0,0.0,0.0,0.0,0.0,0.0,0.0,0.0,0.0,0.0,0.0,0.0,0.0,0.0,0.0,0.0,0.0,0.0,11482.0,10927.0,,7024.0,,,1185.0,,,,
2017-09-14,0.0,0.0,0.0,0.0,0.0,0.0,0.0,0.0,0.0,0.0,0.0,0.0,0.0,0.0,0.0,0.0,0.0,0.0,0.0,0.0,0.0,0.0,0.0,0.0,0.0,0.0,0.0,0.0,6345.0,16238.0,,7396.0,,,1206.0,,,,
2017-09-15,0.0,0.0,0.0,0.0,0.0,0.0,0.0,0.0,0.0,0.0,0.0,0.0,0.0,0.0,0.0,0.0,0.0,0.0,0.0,0.0,0.0,0.0,0.0,0.0,0.0,0.0,0.0,0.0,0.0,19881.0,,7603.0,,,1240.0,,,,
2017-09-18,0.0,0.0,0.0,0.0,0.0,0.0,0.0,0.0,0.0,0.0,0.0,0.0,0.0,0.0,0.0,0.0,0.0,0.0,0.0,0.0,0.0,0.0,0.0,0.0,0.0,0.0,0.0,0.0,0.0,20556.0,194.0,7512.0,,,1359.0,,,,
2017-09-19,0.0,0.0,0.0,0.0,0.0,0.0,0.0,0.0,0.0,0.0,0.0,0.0,0.0,0.0,0.0,0.0,0.0,0.0,0.0,0.0,0.0,0.0,0.0,0.0,0.0,0.0,0.0,0.0,0.0,20572.0,337.0,7376.0,,,1500.0,,,,
2017-09-20,0.0,0.0,0.0,0.0,0.0,0.0,0.0,0.0,0.0,0.0,0.0,0.0,0.0,0.0,0.0,0.0,0.0,0.0,0.0,0.0,0.0,0.0,0.0,0.0,0.0,0.0,0.0,0.0,0.0,20749.0,492.0,7398.0,,,1551.0,,,,
2017-09-21,0.0,0.0,0.0,0.0,0.0,0.0,0.0,0.0,0.0,0.0,0.0,0.0,0.0,0.0,0.0,0.0,0.0,0.0,0.0,0.0,0.0,0.0,0.0,0.0,0.0,0.0,0.0,0.0,0.0,20548.0,585.0,7389.0,,,1608.0,,,,
2017-09-22,0.0,0.0,0.0,0.0,0.0,0.0,0.0,0.0,0.0,0.0,0.0,0.0,0.0,0.0,0.0,0.0,0.0,0.0,0.0,0.0,0.0,0.0,0.0,0.0,0.0,0.0,0.0,0.0,0.0,20655.0,738.0,7217.0,,,1608.0,,,,
2017-09-25,0.0,0.0,0.0,0.0,0.0,0.0,0.0,0.0,0.0,0.0,0.0,0.0,0.0,0.0,0.0,0.0,0.0,0.0,0.0,0.0,0.0,0.0,0.0,0.0,0.0,0.0,0.0,0.0,0.0,20679.0,822.0,7231.0,,,1629.0,,,,
2017-09-26,0.0,0.0,0.0,0.0,0.0,0.0,0.0,0.0,0.0,0.0,0.0,0.0,0.0,0.0,0.0,0.0,0.0,0.0,0.0,0.0,0.0,0.0,0.0,0.0,0.0,0.0,0.0,0.0,0.0,20018.0,853.0,7138.0,,,1596.0,,,,
2017-09-27,0.0,0.0,0.0,0.0,0.0,0.0,0.0,0.0,0.0,0.0,0.0,0.0,0.0,0.0,0.0,0.0,0.0,0.0,0.0,0.0,0.0,0.0,0.0,0.0,0.0,0.0,0.0,0.0,0.0,20085.0,891.0,7177.0,,,1607.0,,,,
2017-09-28,0.0,0.0,0.0,0.0,0.0,0.0,0.0,0.0,0.0,0.0,0.0,0.0,0.0,0.0,0.0,0.0,0.0,0.0,0.0,0.0,0.0,0.0,0.0,0.0,0.0,0.0,0.0,0.0,0.0,19448.0,955.0,7175.0,,,1612.0,,,,
2017-09-29,0.0,0.0,0.0,0.0,0.0,0.0,0.0,0.0,0.0,0.0,0.0,0.0,0.0,0.0,0.0,0.0,0.0,0.0,0.0,0.0,0.0,0.0,0.0,0.0,0.0,0.0,0.0,0.0,0.0,19512.0,1052.0,7202.0,,,1709.0,,,,
2017-10-09,0.0,0.0,0.0,0.0,0.0,0.0,0.0,0.0,0.0,0.0,0.0,0.0,0.0,0.0,0.0,0.0,0.0,0.0,0.0,0.0,0.0,0.0,0.0,0.0,0.0,0.0,0.0,0.0,0.0,19455.0,1223.0,7127.0,,,1751.0,,,,
2017-10-10,0.0,0.0,0.0,0.0,0.0,0.0,0.0,0.0,0.0,0.0,0.0,0.0,0.0,0.0,0.0,0.0,0.0,0.0,0.0,0.0,0.0,0.0,0.0,0.0,0.0,0.0,0.0,0.0,0.0,18930.0,1447.0,7118.0,,,1791.0,,,,
2017-10-11,0.0,0.0,0.0,0.0,0.0,0.0,0.0,0.0,0.0,0.0,0.0,0.0,0.0,0.0,0.0,0.0,0.0,0.0,0.0,0.0,0.0,0.0,0.0,0.0,0.0,0.0,0.0,0.0,0.0,18424.0,1871.0,7238.0,,,1884.0,,,,
2017-10-12,0.0,0.0,0.0,0.0,0.0,0.0,0.0,0.0,0.0,0.0,0.0,0.0,0.0,0.0,0.0,0.0,0.0,0.0,0.0,0.0,0.0,0.0,0.0,0.0,0.0,0.0,0.0,0.0,0.0,18128.0,2246.0,7222.0,,,1965.0,,,,
2017-10-13,0.0,0.0,0.0,0.0,0.0,0.0,0.0,0.0,0.0,0.0,0.0,0.0,0.0,0.0,0.0,0.0,0.0,0.0,0.0,0.0,0.0,0.0,0.0,0.0,0.0,0.0,0.0,0.0,0.0,17400.0,2802.0,7388.0,,,1967.0,,,,
2017-10-16,0.0,0.0,0.0,0.0,0.0,0.0,0.0,0.0,0.0,0.0,0.0,0.0,0.0,0.0,0.0,0.0,0.0,0.0,0.0,0.0,0.0,0.0,0.0,0.0,0.0,0.0,0.0,0.0,0.0,15880.0,4372.0,7533.0,,,2069.0,,,,
2017-10-17,0.0,0.0,0.0,0.0,0.0,0.0,0.0,0.0,0.0,0.0,0.0,0.0,0.0,0.0,0.0,0.0,0.0,0.0,0.0,0.0,0.0,0.0,0.0,0.0,0.0,0.0,0.0,0.0,0.0,13681.0,6064.0,7769.0,,,2124.0,,,,
2017-10-18,0.0,0.0,0.0,0.0,0.0,0.0,0.0,0.0,0.0,0.0,0.0,0.0,0.0,0.0,0.0,0.0,0.0,0.0,0.0,0.0,0.0,0.0,0.0,0.0,0.0,0.0,0.0,0.0,0.0,10700.0,8705.0,7848.0,,,2178.0,,,,
2017-10-19,0.0,0.0,0.0,0.0,0.0,0.0,0.0,0.0,0.0,0.0,0.0,0.0,0.0,0.0,0.0,0.0,0.0,0.0,0.0,0.0,0.0,0.0,0.0,0.0,0.0,0.0,0.0,0.0,0.0,5446.0,14432.0,7958.0,,,2206.0,,,,
2017-10-20,0.0,0.0,0.0,0.0,0.0,0.0,0.0,0.0,0.0,0.0,0.0,0.0,0.0,0.0,0.0,0.0,0.0,0.0,0.0,0.0,0.0,0.0,0.0,0.0,0.0,0.0,0.0,0.0,0.0,0.0,17783.0,8091.0,,,2221.0,,,,
2017-10-23,0.0,0.0,0.0,0.0,0.0,0.0,0.0,0.0,0.0,0.0,0.0,0.0,0.0,0.0,0.0,0.0,0.0,0.0,0.0,0.0,0.0,0.0,0.0,0.0,0.0,0.0,0.0,0.0,0.0,0.0,17738.0,8028.0,,,2315.0,162.0,,,
2017-10-24,0.0,0.0,0.0,0.0,0.0,0.0,0.0,0.0,0.0,0.0,0.0,0.0,0.0,0.0,0.0,0.0,0.0,0.0,0.0,0.0,0.0,0.0,0.0,0.0,0.0,0.0,0.0,0.0,0.0,0.0,18301.0,8320.0,,,2306.0,179.0,,,
2017-10-25,0.0,0.0,0.0,0.0,0.0,0.0,0.0,0.0,0.0,0.0,0.0,0.0,0.0,0.0,0.0,0.0,0.0,0.0,0.0,0.0,0.0,0.0,0.0,0.0,0.0,0.0,0.0,0.0,0.0,0.0,18635.0,8340.0,,,2339.0,236.0,,,
2017-10-26,0.0,0.0,0.0,0.0,0.0,0.0,0.0,0.0,0.0,0.0,0.0,0.0,0.0,0.0,0.0,0.0,0.0,0.0,0.0,0.0,0.0,0.0,0.0,0.0,0.0,0.0,0.0,0.0,0.0,0.0,18351.0,8344.0,,,2299.0,283.0,,,
2017-10-27,0.0,0.0,0.0,0.0,0.0,0.0,0.0,0.0,0.0,0.0,0.0,0.0,0.0,0.0,0.0,0.0,0.0,0.0,0.0,0.0,0.0,0.0,0.0,0.0,0.0,0.0,0.0,0.0,0.0,0.0,17809.0,8415.0,,,2309.0,357.0,,,
2017-10-30,0.0,0.0,0.0,0.0,0.0,0.0,0.0,0.0,0.0,0.0,0.0,0.0,0.0,0.0,0.0,0.0,0.0,0.0,0.0,0.0,0.0,0.0,0.0,0.0,0.0,0.0,0.0,0.0,0.0,0.0,18411.0,8808.0,,,2298.0,370.0,,,
2017-10-31,0.0,0.0,0.0,0.0,0.0,0.0,0.0,0.0,0.0,0.0,0.0,0.0,0.0,0.0,0.0,0.0,0.0,0.0,0.0,0.0,0.0,0.0,0.0,0.0,0.0,0.0,0.0,0.0,0.0,0.0,17511.0,8641.0,,,2373.0,414.0,,,
2017-11-01,0.0,0.0,0.0,0.0,0.0,0.0,0.0,0.0,0.0,0.0,0.0,0.0,0.0,0.0,0.0,0.0,0.0,0.0,0.0,0.0,0.0,0.0,0.0,0.0,0.0,0.0,0.0,0.0,0.0,0.0,17793.0,8769.0,,,2471.0,460.0,,,
2017-11-02,0.0,0.0,0.0,0.0,0.0,0.0,0.0,0.0,0.0,0.0,0.0,0.0,0.0,0.0,0.0,0.0,0.0,0.0,0.0,0.0,0.0,0.0,0.0,0.0,0.0,0.0,0.0,0.0,0.0,0.0,17612.0,8806.0,,,2520.0,549.0,,,
2017-11-03,0.0,0.0,0.0,0.0,0.0,0.0,0.0,0.0,0.0,0.0,0.0,0.0,0.0,0.0,0.0,0.0,0.0,0.0,0.0,0.0,0.0,0.0,0.0,0.0,0.0,0.0,0.0,0.0,0.0,0.0,18125.0,8868.0,,,2637.0,621.0,,,
2017-11-06,0.0,0.0,0.0,0.0,0.0,0.0,0.0,0.0,0.0,0.0,0.0,0.0,0.0,0.0,0.0,0.0,0.0,0.0,0.0,0.0,0.0,0.0,0.0,0.0,0.0,0.0,0.0,0.0,0.0,0.0,17055.0,9038.0,,,2669.0,692.0,,,
2017-11-07,0.0,0.0,0.0,0.0,0.0,0.0,0.0,0.0,0.0,0.0,0.0,0.0,0.0,0.0,0.0,0.0,0.0,0.0,0.0,0.0,0.0,0.0,0.0,0.0,0.0,0.0,0.0,0.0,0.0,0.0,16881.0,9251.0,,,2698.0,730.0,,,
2017-11-08,0.0,0.0,0.0,0.0,0.0,0.0,0.0,0.0,0.0,0.0,0.0,0.0,0.0,0.0,0.0,0.0,0.0,0.0,0.0,0.0,0.0,0.0,0.0,0.0,0.0,0.0,0.0,0.0,0.0,0.0,16758.0,9581.0,,,2747.0,776.0,,,
2017-11-09,0.0,0.0,0.0,0.0,0.0,0.0,0.0,0.0,0.0,0.0,0.0,0.0,0.0,0.0,0.0,0.0,0.0,0.0,0.0,0.0,0.0,0.0,0.0,0.0,0.0,0.0,0.0,0.0,0.0,0.0,15954.0,9864.0,,,2755.0,807.0,,,
2017-11-10,0.0,0.0,0.0,0.0,0.0,0.0,0.0,0.0,0.0,0.0,0.0,0.0,0.0,0.0,0.0,0.0,0.0,0.0,0.0,0.0,0.0,0.0,0.0,0.0,0.0,0.0,0.0,0.0,0.0,0.0,15226.0,10297.0,,,2864.0,836.0,,,
2017-11-13,0.0,0.0,0.0,0.0,0.0,0.0,0.0,0.0,0.0,0.0,0.0,0.0,0.0,0.0,0.0,0.0,0.0,0.0,0.0,0.0,0.0,0.0,0.0,0.0,0.0,0.0,0.0,0.0,0.0,0.0,13646.0,11280.0,,,2901.0,885.0,,,
2017-11-14,0.0,0.0,0.0,0.0,0.0,0.0,0.0,0.0,0.0,0.0,0.0,0.0,0.0,0.0,0.0,0.0,0.0,0.0,0.0,0.0,0.0,0.0,0.0,0.0,0.0,0.0,0.0,0.0,0.0,0.0,11870.0,13308.0,,,3026.0,932.0,,,
2017-11-15,0.0,0.0,0.0,0.0,0.0,0.0,0.0,0.0,0.0,0.0,0.0,0.0,0.0,0.0,0.0,0.0,0.0,0.0,0.0,0.0,0.0,0.0,0.0,0.0,0.0,0.0,0.0,0.0,0.0,0.0,8324.0,16583.0,,,3066.0,981.0,,,
2017-11-16,0.0,0.0,0.0,0.0,0.0,0.0,0.0,0.0,0.0,0.0,0.0,0.0,0.0,0.0,0.0,0.0,0.0,0.0,0.0,0.0,0.0,0.0,0.0,0.0,0.0,0.0,0.0,0.0,0.0,0.0,4054.0,20425.0,,,3273.0,1028.0,,,
2017-11-17,0.0,0.0,0.0,0.0,0.0,0.0,0.0,0.0,0.0,0.0,0.0,0.0,0.0,0.0,0.0,0.0,0.0,0.0,0.0,0.0,0.0,0.0,0.0,0.0,0.0,0.0,0.0,0.0,0.0,0.0,0.0,23928.0,,,3365.0,1104.0,,,
2017-11-20,0.0,0.0,0.0,0.0,0.0,0.0,0.0,0.0,0.0,0.0,0.0,0.0,0.0,0.0,0.0,0.0,0.0,0.0,0.0,0.0,0.0,0.0,0.0,0.0,0.0,0.0,0.0,0.0,0.0,0.0,0.0,24732.0,228.0,,3442.0,1109.0,,,
2017-11-21,0.0,0.0,0.0,0.0,0.0,0.0,0.0,0.0,0.0,0.0,0.0,0.0,0.0,0.0,0.0,0.0,0.0,0.0,0.0,0.0,0.0,0.0,0.0,0.0,0.0,0.0,0.0,0.0,0.0,0.0,0.0,24505.0,268.0,,3678.0,1143.0,,,
2017-11-22,0.0,0.0,0.0,0.0,0.0,0.0,0.0,0.0,0.0,0.0,0.0,0.0,0.0,0.0,0.0,0.0,0.0,0.0,0.0,0.0,0.0,0.0,0.0,0.0,0.0,0.0,0.0,0.0,0.0,0.0,0.0,24910.0,444.0,,3783.0,1173.0,,,
2017-11-23,0.0,0.0,0.0,0.0,0.0,0.0,0.0,0.0,0.0,0.0,0.0,0.0,0.0,0.0,0.0,0.0,0.0,0.0,0.0,0.0,0.0,0.0,0.0,0.0,0.0,0.0,0.0,0.0,0.0,0.0,0.0,24955.0,568.0,,3908.0,1228.0,,,
2017-11-24,0.0,0.0,0.0,0.0,0.0,0.0,0.0,0.0,0.0,0.0,0.0,0.0,0.0,0.0,0.0,0.0,0.0,0.0,0.0,0.0,0.0,0.0,0.0,0.0,0.0,0.0,0.0,0.0,0.0,0.0,0.0,24270.0,565.0,,4002.0,1195.0,,,
2017-11-27,0.0,0.0,0.0,0.0,0.0,0.0,0.0,0.0,0.0,0.0,0.0,0.0,0.0,0.0,0.0,0.0,0.0,0.0,0.0,0.0,0.0,0.0,0.0,0.0,0.0,0.0,0.0,0.0,0.0,0.0,0.0,24612.0,740.0,,4102.0,1234.0,,,
2017-11-28,0.0,0.0,0.0,0.0,0.0,0.0,0.0,0.0,0.0,0.0,0.0,0.0,0.0,0.0,0.0,0.0,0.0,0.0,0.0,0.0,0.0,0.0,0.0,0.0,0.0,0.0,0.0,0.0,0.0,0.0,0.0,24393.0,789.0,,4149.0,1242.0,,,
2017-11-29,0.0,0.0,0.0,0.0,0.0,0.0,0.0,0.0,0.0,0.0,0.0,0.0,0.0,0.0,0.0,0.0,0.0,0.0,0.0,0.0,0.0,0.0,0.0,0.0,0.0,0.0,0.0,0.0,0.0,0.0,0.0,24267.0,992.0,,4147.0,1237.0,,,
2017-11-30,0.0,0.0,0.0,0.0,0.0,0.0,0.0,0.0,0.0,0.0,0.0,0.0,0.0,0.0,0.0,0.0,0.0,0.0,0.0,0.0,0.0,0.0,0.0,0.0,0.0,0.0,0.0,0.0,0.0,0.0,0.0,23386.0,961.0,,4137.0,1272.0,,,
2017-12-01,0.0,0.0,0.0,0.0,0.0,0.0,0.0,0.0,0.0,0.0,0.0,0.0,0.0,0.0,0.0,0.0,0.0,0.0,0.0,0.0,0.0,0.0,0.0,0.0,0.0,0.0,0.0,0.0,0.0,0.0,0.0,23391.0,1194.0,,4178.0,1302.0,,,
2017-12-04,0.0,0.0,0.0,0.0,0.0,0.0,0.0,0.0,0.0,0.0,0.0,0.0,0.0,0.0,0.0,0.0,0.0,0.0,0.0,0.0,0.0,0.0,0.0,0.0,0.0,0.0,0.0,0.0,0.0,0.0,0.0,22880.0,1561.0,,4282.0,1310.0,,,
2017-12-05,0.0,0.0,0.0,0.0,0.0,0.0,0.0,0.0,0.0,0.0,0.0,0.0,0.0,0.0,0.0,0.0,0.0,0.0,0.0,0.0,0.0,0.0,0.0,0.0,0.0,0.0,0.0,0.0,0.0,0.0,0.0,22980.0,2109.0,,4386.0,1405.0,,,
2017-12-06,0.0,0.0,0.0,0.0,0.0,0.0,0.0,0.0,0.0,0.0,0.0,0.0,0.0,0.0,0.0,0.0,0.0,0.0,0.0,0.0,0.0,0.0,0.0,0.0,0.0,0.0,0.0,0.0,0.0,0.0,0.0,22733.0,2935.0,,4541.0,1422.0,,,
2017-12-07,0.0,0.0,0.0,0.0,0.0,0.0,0.0,0.0,0.0,0.0,0.0,0.0,0.0,0.0,0.0,0.0,0.0,0.0,0.0,0.0,0.0,0.0,0.0,0.0,0.0,0.0,0.0,0.0,0.0,0.0,0.0,21110.0,3648.0,,4583.0,1477.0,,,
2017-12-08,0.0,0.0,0.0,0.0,0.0,0.0,0.0,0.0,0.0,0.0,0.0,0.0,0.0,0.0,0.0,0.0,0.0,0.0,0.0,0.0,0.0,0.0,0.0,0.0,0.0,0.0,0.0,0.0,0.0,0.0,0.0,19800.0,4568.0,,4878.0,1497.0,,,
2017-12-11,0.0,0.0,0.0,0.0,0.0,0.0,0.0,0.0,0.0,0.0,0.0,0.0,0.0,0.0,0.0,0.0,0.0,0.0,0.0,0.0,0.0,0.0,0.0,0.0,0.0,0.0,0.0,0.0,0.0,0.0,0.0,17109.0,6239.0,,5085.0,1532.0,,,
2017-12-12,0.0,0.0,0.0,0.0,0.0,0.0,0.0,0.0,0.0,0.0,0.0,0.0,0.0,0.0,0.0,0.0,0.0,0.0,0.0,0.0,0.0,0.0,0.0,0.0,0.0,0.0,0.0,0.0,0.0,0.0,0.0,14433.0,8506.0,,5445.0,1630.0,,,
2017-12-13,0.0,0.0,0.0,0.0,0.0,0.0,0.0,0.0,0.0,0.0,0.0,0.0,0.0,0.0,0.0,0.0,0.0,0.0,0.0,0.0,0.0,0.0,0.0,0.0,0.0,0.0,0.0,0.0,0.0,0.0,0.0,10703.0,11435.0,,5689.0,1675.0,,,
2017-12-14,0.0,0.0,0.0,0.0,0.0,0.0,0.0,0.0,0.0,0.0,0.0,0.0,0.0,0.0,0.0,0.0,0.0,0.0,0.0,0.0,0.0,0.0,0.0,0.0,0.0,0.0,0.0,0.0,0.0,0.0,0.0,5326.0,15745.0,,6029.0,1751.0,,,
2017-12-15,0.0,0.0,0.0,0.0,0.0,0.0,0.0,0.0,0.0,0.0,0.0,0.0,0.0,0.0,0.0,0.0,0.0,0.0,0.0,0.0,0.0,0.0,0.0,0.0,0.0,0.0,0.0,0.0,0.0,0.0,0.0,0.0,19317.0,,6329.0,1761.0,,,
2017-12-18,0.0,0.0,0.0,0.0,0.0,0.0,0.0,0.0,0.0,0.0,0.0,0.0,0.0,0.0,0.0,0.0,0.0,0.0,0.0,0.0,0.0,0.0,0.0,0.0,0.0,0.0,0.0,0.0,0.0,0.0,0.0,0.0,19486.0,171.0,6323.0,1808.0,,,
2017-12-19,0.0,0.0,0.0,0.0,0.0,0.0,0.0,0.0,0.0,0.0,0.0,0.0,0.0,0.0,0.0,0.0,0.0,0.0,0.0,0.0,0.0,0.0,0.0,0.0,0.0,0.0,0.0,0.0,0.0,0.0,0.0,0.0,19860.0,165.0,6327.0,1857.0,,,
2017-12-20,0.0,0.0,0.0,0.0,0.0,0.0,0.0,0.0,0.0,0.0,0.0,0.0,0.0,0.0,0.0,0.0,0.0,0.0,0.0,0.0,0.0,0.0,0.0,0.0,0.0,0.0,0.0,0.0,0.0,0.0,0.0,0.0,19815.0,196.0,6424.0,1878.0,,,
2017-12-21,0.0,0.0,0.0,0.0,0.0,0.0,0.0,0.0,0.0,0.0,0.0,0.0,0.0,0.0,0.0,0.0,0.0,0.0,0.0,0.0,0.0,0.0,0.0,0.0,0.0,0.0,0.0,0.0,0.0,0.0,0.0,0.0,20457.0,347.0,6698.0,1870.0,,,
2017-12-22,0.0,0.0,0.0,0.0,0.0,0.0,0.0,0.0,0.0,0.0,0.0,0.0,0.0,0.0,0.0,0.0,0.0,0.0,0.0,0.0,0.0,0.0,0.0,0.0,0.0,0.0,0.0,0.0,0.0,0.0,0.0,0.0,19358.0,323.0,6673.0,1890.0,,,
2017-12-25,0.0,0.0,0.0,0.0,0.0,0.0,0.0,0.0,0.0,0.0,0.0,0.0,0.0,0.0,0.0,0.0,0.0,0.0,0.0,0.0,0.0,0.0,0.0,0.0,0.0,0.0,0.0,0.0,0.0,0.0,0.0,0.0,19496.0,373.0,6820.0,1917.0,,,
2017-12-26,0.0,0.0,0.0,0.0,0.0,0.0,0.0,0.0,0.0,0.0,0.0,0.0,0.0,0.0,0.0,0.0,0.0,0.0,0.0,0.0,0.0,0.0,0.0,0.0,0.0,0.0,0.0,0.0,0.0,0.0,0.0,0.0,19747.0,398.0,6861.0,1952.0,,,
2017-12-27,0.0,0.0,0.0,0.0,0.0,0.0,0.0,0.0,0.0,0.0,0.0,0.0,0.0,0.0,0.0,0.0,0.0,0.0,0.0,0.0,0.0,0.0,0.0,0.0,0.0,0.0,0.0,0.0,0.0,0.0,0.0,0.0,19243.0,462.0,6845.0,1996.0,,,
2017-12-28,0.0,0.0,0.0,0.0,0.0,0.0,0.0,0.0,0.0,0.0,0.0,0.0,0.0,0.0,0.0,0.0,0.0,0.0,0.0,0.0,0.0,0.0,0.0,0.0,0.0,0.0,0.0,0.0,0.0,0.0,0.0,0.0,19531.0,478.0,6891.0,2046.0,,,
2017-12-29,0.0,0.0,0.0,0.0,0.0,0.0,0.0,0.0,0.0,0.0,0.0,0.0,0.0,0.0,0.0,0.0,0.0,0.0,0.0,0.0,0.0,0.0,0.0,0.0,0.0,0.0,0.0,0.0,0.0,0.0,0.0,0.0,18882.0,610.0,6995.0,2054.0,,,
2018-01-02,,,,,,,,,,,,,,,,,,,,,,,,,,,,,,,,,18840.0,739.0,7116.0,2086.0,,,
2018-01-03,,,,,,,,,,,,,,,,,,,,,,,,,,,,,,,,,18664.0,765.0,7131.0,2109.0,,,
2018-01-04,,,,,,,,,,,,,,,,,,,,,,,,,,,,,,,,,18100.0,842.0,7079.0,2136.0,,,
2018-01-05,,,,,,,,,,,,,,,,,,,,,,,,,,,,,,,,,17964.0,959.0,7328.0,2174.0,,,
2018-01-08,,,,,,,,,,,,,,,,,,,,,,,,,,,,,,,,,17838.0,1100.0,7330.0,2203.0,,,
2018-01-09,,,,,,,,,,,,,,,,,,,,,,,,,,,,,,,,,17130.0,1168.0,7385.0,2230.0,,,
2018-01-10,,,,,,,,,,,,,,,,,,,,,,,,,,,,,,,,,17019.0,1449.0,7670.0,2315.0,,,
2018-01-11,,,,,,,,,,,,,,,,,,,,,,,,,,,,,,,,,16480.0,1875.0,7687.0,2284.0,,,
2018-01-12,,,,,,,,,,,,,,,,,,,,,,,,,,,,,,,,,15211.0,2423.0,7950.0,2318.0,,,
2018-01-15,,,,,,,,,,,,,,,,,,,,,,,,,,,,,,,,,14451.0,3679.0,8422.0,2460.0,,,
2018-01-16,,,,,,,,,,,,,,,,,,,,,,,,,,,,,,,,,11651.0,5704.0,8691.0,2492.0,,,
2018-01-17,,,,,,,,,,,,,,,,,,,,,,,,,,,,,,,,,8817.0,8801.0,9183.0,2622.0,,,
2018-01-18,,,,,,,,,,,,,,,,,,,,,,,,,,,,,,,,,4475.0,12208.0,9404.0,2635.0,,,
2018-01-19,,,,,,,,,,,,,,,,,,,,,,,,,,,,,,,,,0.0,15446.0,9616.0,2717.0,,,
2018-01-22,,,,,,,,,,,,,,,,,,,,,,,,,,,,,,,,,0.0,16348.0,10083.0,2858.0,,,116.0
2018-01-23,,,,,,,,,,,,,,,,,,,,,,,,,,,,,,,,,0.0,16189.0,10150.0,2932.0,,,193.0
2018-01-24,,,,,,,,,,,,,,,,,,,,,,,,,,,,,,,,,0.0,17308.0,10490.0,3231.0,,,364.0
2018-01-25,,,,,,,,,,,,,,,,,,,,,,,,,,,,,,,,,0.0,16545.0,10429.0,3432.0,,,454.0
2018-01-26,,,,,,,,,,,,,,,,,,,,,,,,,,,,,,,,,0.0,16182.0,10395.0,3487.0,,,537.0
2018-01-29,,,,,,,,,,,,,,,,,,,,,,,,,,,,,,,,,0.0,16111.0,10601.0,3573.0,,,613.0
2018-01-30,,,,,,,,,,,,,,,,,,,,,,,,,,,,,,,,,0.0,15163.0,10622.0,3557.0,,,603.0
2018-01-31,,,,,,,,,,,,,,,,,,,,,,,,,,,,,,,,,0.0,15486.0,11069.0,3608.0,,,643.0
2018-02-01,,,,,,,,,,,,,,,,,,,,,,,,,,,,,,,,,0.0,16135.0,11605.0,3812.0,,,813.0
2018-02-02,,,,,,,,,,,,,,,,,,,,,,,,,,,,,,,,,0.0,15578.0,11574.0,3762.0,,,822.0
2018-02-05,,,,,,,,,,,,,,,,,,,,,,,,,,,,,,,,,0.0,14444.0,11622.0,3772.0,,,852.0
2018-02-06,,,,,,,,,,,,,,,,,,,,,,,,,,,,,,,,,0.0,15116.0,12058.0,3854.0,,,943.0
2018-02-07,,,,,,,,,,,,,,,,,,,,,,,,,,,,,,,,,0.0,14954.0,12639.0,3932.0,,,1003.0
2018-02-08,,,,,,,,,,,,,,,,,,,,,,,,,,,,,,,,,0.0,13568.0,13642.0,3908.0,,,1037.0
2018-02-09,,,,,,,,,,,,,,,,,,,,,,,,,,,,,,,,,0.0,12730.0,14585.0,4031.0,,,1145.0
2018-02-12,,,,,,,,,,,,,,,,,,,,,,,,,,,,,,,,,0.0,10033.0,16341.0,4082.0,,,1156.0
2018-02-13,,,,,,,,,,,,,,,,,,,,,,,,,,,,,,,,,0.0,6749.0,18235.0,4227.0,,,1236.0
2018-02-14,,,,,,,,,,,,,,,,,,,,,,,,,,,,,,,,,0.0,3613.0,20114.0,4263.0,,,1313.0
2018-02-22,,,,,,,,,,,,,,,,,,,,,,,,,,,,,,,,,0.0,0.0,22767.0,4682.0,,,1361.0
2018-02-23,,,,,,,,,,,,,,,,,,,,,,,,,,,,,,,,,0.0,0.0,23047.0,4838.0,67.0,,1424.0
2018-02-26,,,,,,,,,,,,,,,,,,,,,,,,,,,,,,,,,0.0,0.0,23228.0,5127.0,182.0,,1558.0
2018-02-27,,,,,,,,,,,,,,,,,,,,,,,,,,,,,,,,,0.0,0.0,22605.0,5292.0,294.0,,1690.0
2018-02-28,,,,,,,,,,,,,,,,,,,,,,,,,,,,,,,,,0.0,0.0,22847.0,5378.0,424.0,,1810.0
2018-03-01,,,,,,,,,,,,,,,,,,,,,,,,,,,,,,,,,0.0,0.0,22704.0,5718.0,470.0,,1976.0
2018-03-02,,,,,,,,,,,,,,,,,,,,,,,,,,,,,,,,,0.0,0.0,22155.0,6156.0,608.0,,2060.0
2018-03-05,,,,,,,,,,,,,,,,,,,,,,,,,,,,,,,,,0.0,0.0,21382.0,6203.0,811.0,,2182.0
2018-03-06,,,,,,,,,,,,,,,,,,,,,,,,,,,,,,,,,0.0,0.0,21289.0,6572.0,1121.0,,2298.0
2018-03-07,,,,,,,,,,,,,,,,,,,,,,,,,,,,,,,,,0.0,0.0,20297.0,6690.0,1614.0,,2487.0
2018-03-08,,,,,,,,,,,,,,,,,,,,,,,,,,,,,,,,,0.0,0.0,19642.0,7128.0,1982.0,,2566.0
2018-03-09,,,,,,,,,,,,,,,,,,,,,,,,,,,,,,,,,0.0,0.0,18511.0,7488.0,2784.0,,2739.0
2018-03-12,,,,,,,,,,,,,,,,,,,,,,,,,,,,,,,,,0.0,0.0,16248.0,8040.0,4275.0,,2821.0
2018-03-13,,,,,,,,,,,,,,,,,,,,,,,,,,,,,,,,,0.0,0.0,14193.0,8327.0,5517.0,,2912.0
2018-03-14,,,,,,,,,,,,,,,,,,,,,,,,,,,,,,,,,0.0,0.0,10959.0,9184.0,8009.0,,3134.0
2018-03-15,,,,,,,,,,,,,,,,,,,,,,,,,,,,,,,,,0.0,0.0,5879.0,9591.0,12926.0,,3257.0
2018-03-16,,,,,,,,,,,,,,,,,,,,,,,,,,,,,,,,,0.0,0.0,0.0,9801.0,15597.0,,3340.0
2018-03-19,,,,,,,,,,,,,,,,,,,,,,,,,,,,,,,,,0.0,0.0,0.0,9976.0,16741.0,81.0,3454.0
2018-03-20,,,,,,,,,,,,,,,,,,,,,,,,,,,,,,,,,0.0,0.0,0.0,9863.0,16953.0,163.0,3505.0
2018-03-21,,,,,,,,,,,,,,,,,,,,,,,,,,,,,,,,,0.0,0.0,0.0,10057.0,17742.0,174.0,3598.0
2018-03-22,,,,,,,,,,,,,,,,,,,,,,,,,,,,,,,,,0.0,0.0,0.0,9944.0,18300.0,292.0,3640.0
2018-03-23,,,,,,,,,,,,,,,,,,,,,,,,,,,,,,,,,0.0,0.0,0.0,10317.0,18999.0,498.0,3771.0
2018-03-26,,,,,,,,,,,,,,,,,,,,,,,,,,,,,,,,,0.0,0.0,0.0,10087.0,18669.0,511.0,3772.0
2018-03-27,,,,,,,,,,,,,,,,,,,,,,,,,,,,,,,,,,,,10145.0,19086.0,577.0,3916.0
2018-03-28,,,,,,,,,,,,,,,,,,,,,,,,,,,,,,,,,,,,10133.0,20060.0,622.0,3820.0
2018-03-29,,,,,,,,,,,,,,,,,,,,,,,,,,,,,,,,,,,,10204.0,20250.0,661.0,3812.0
2018-03-30,,,,,,,,,,,,,,,,,,,,,,,,,,,,,,,,,,,,10085.0,20118.0,710.0,3837.0
2018-04-02,,,,,,,,,,,,,,,,,,,,,,,,,,,,,,,,,,,,10247.0,20453.0,703.0,3899.0
2018-04-03,,,,,,,,,,,,,,,,,,,,,,,,,,,,,,,,,,,,10241.0,20526.0,919.0,3939.0
2018-04-04,,,,,,,,,,,,,,,,,,,,,,,,,,,,,,,,,,,,10267.0,20449.0,929.0,3980.0
2018-04-09,,,,,,,,,,,,,,,,,,,,,,,,,,,,,,,,,,,,10335.0,20545.0,1184.0,3982.0
2018-04-10,,,,,,,,,,,,,,,,,,,,,,,,,,,,,,,,,,,,10540.0,20238.0,1451.0,4108.0
2018-04-11,,,,,,,,,,,,,,,,,,,,,,,,,,,,,,,,,,,,10720.0,19112.0,1715.0,4218.0
2018-04-12,,,,,,,,,,,,,,,,,,,,,,,,,,,,,,,,,,,,10690.0,18608.0,2210.0,4249.0
2018-04-13,,,,,,,,,,,,,,,,,,,,,,,,,,,,,,,,,,,,10951.0,17716.0,2685.0,4262.0
