,NI1507.SHF,NI1508.SHF,NI1509.SHF,NI1510.SHF,NI1511.SHF,NI1512.SHF,NI1601.SHF,NI1602.SHF,NI1603.SHF,NI1604.SHF,NI1605.SHF,NI1606.SHF,NI1607.SHF,NI1608.SHF,NI1609.SHF,NI1610.SHF,NI1611.SHF,NI1612.SHF,NI1701.SHF,NI1702.SHF,NI1703.SHF,NI1704.SHF,NI1705.SHF,NI1706.SHF,NI1707.SHF,NI1708.SHF,NI1709.SHF,NI1710.SHF,NI1711.SHF,NI1712.SHF,NI1801.SHF,NI1802.SHF,NI1803.SHF,NI1804.SHF,NI1805.SHF,NI1806.SHF,NI1807.SHF,NI1808.SHF,NI1809.SHF,NI1810.SHF,NI1811.SHF,NI1812.SHF,NI1901.SHF,NI1902.SHF,NI1903.SHF
2015-03-27,101870.0,102710.0,102500.0,102800.0,103500.0,106660.0,107800.0,111190.0,100640.0,,,,,,,,,,,,,,,,,,,,,,,,,,,,,,,,,,,,
2015-03-30,99010.0,99200.0,100100.0,99070.0,97150.0,99170.0,99810.0,98730.0,99230.0,,,,,,,,,,,,,,,,,,,,,,,,,,,,,,,,,,,,
2015-03-31,98000.0,97170.0,98530.0,95580.0,97960.0,98360.0,98810.0,99180.0,96100.0,,,,,,,,,,,,,,,,,,,,,,,,,,,,,,,,,,,,
2015-04-01,93940.0,93840.0,93840.0,93430.0,94540.0,93660.0,95000.0,,,,,,,,,,,,,,,,,,,,,,,,,,,,,,,,,,,,,,
2015-04-02,92870.0,93090.0,93160.0,94870.0,94340.0,93870.0,94490.0,96600.0,97160.0,,,,,,,,,,,,,,,,,,,,,,,,,,,,,,,,,,,,
2015-04-03,96000.0,95550.0,95720.0,97260.0,,96180.0,95570.0,96510.0,97040.0,,,,,,,,,,,,,,,,,,,,,,,,,,,,,,,,,,,,
2015-04-07,97500.0,97220.0,96990.0,98340.0,97640.0,97930.0,98340.0,97800.0,97970.0,,,,,,,,,,,,,,,,,,,,,,,,,,,,,,,,,,,,
2015-04-08,94500.0,94410.0,94800.0,94870.0,94770.0,95110.0,95240.0,95300.0,95600.0,,,,,,,,,,,,,,,,,,,,,,,,,,,,,,,,,,,,
2015-04-09,94450.0,94100.0,94060.0,95460.0,94980.0,95000.0,94670.0,,95070.0,,,,,,,,,,,,,,,,,,,,,,,,,,,,,,,,,,,,
2015-04-10,94500.0,94150.0,93960.0,,93710.0,94400.0,94400.0,94130.0,95000.0,,,,,,,,,,,,,,,,,,,,,,,,,,,,,,,,,,,,
2015-04-13,94280.0,94240.0,94500.0,93280.0,94460.0,94000.0,94240.0,,94920.0,,,,,,,,,,,,,,,,,,,,,,,,,,,,,,,,,,,,
2015-04-14,94780.0,94170.0,94020.0,89090.0,94210.0,94720.0,95150.0,94220.0,95220.0,,,,,,,,,,,,,,,,,,,,,,,,,,,,,,,,,,,,
2015-04-15,92700.0,92200.0,92250.0,,92740.0,92900.0,93050.0,,93500.0,,,,,,,,,,,,,,,,,,,,,,,,,,,,,,,,,,,,
2015-04-16,94610.0,93800.0,93810.0,,94330.0,95000.0,94550.0,94720.0,95420.0,95060.0,,,,,,,,,,,,,,,,,,,,,,,,,,,,,,,,,,,
2015-04-17,96280.0,95350.0,95470.0,95010.0,95790.0,96340.0,95000.0,94830.0,95630.0,95590.0,,,,,,,,,,,,,,,,,,,,,,,,,,,,,,,,,,,
2015-04-20,95980.0,94750.0,94120.0,93750.0,,,94790.0,95400.0,95270.0,95220.0,,,,,,,,,,,,,,,,,,,,,,,,,,,,,,,,,,,
2015-04-21,95330.0,94200.0,93850.0,93810.0,93330.0,92910.0,93950.0,93840.0,94290.0,,,,,,,,,,,,,,,,,,,,,,,,,,,,,,,,,,,,
2015-04-22,95910.0,94960.0,94370.0,,94340.0,96190.0,94780.0,,94630.0,96960.0,,,,,,,,,,,,,,,,,,,,,,,,,,,,,,,,,,,
2015-04-23,96120.0,95270.0,94700.0,93890.0,94730.0,94710.0,96500.0,95100.0,95000.0,94680.0,,,,,,,,,,,,,,,,,,,,,,,,,,,,,,,,,,,
2015-04-24,95840.0,95130.0,94880.0,94410.0,95060.0,94650.0,94780.0,,94760.0,95460.0,,,,,,,,,,,,,,,,,,,,,,,,,,,,,,,,,,,
2015-04-27,98000.0,97900.0,96570.0,97040.0,96930.0,97390.0,96680.0,,96910.0,99540.0,,,,,,,,,,,,,,,,,,,,,,,,,,,,,,,,,,,
2015-04-28,102490.0,102000.0,101190.0,99500.0,102200.0,99560.0,100790.0,,101390.0,,,,,,,,,,,,,,,,,,,,,,,,,,,,,,,,,,,,
2015-04-29,102350.0,101250.0,101110.0,100870.0,100740.0,100860.0,100500.0,,100940.0,101560.0,,,,,,,,,,,,,,,,,,,,,,,,,,,,,,,,,,,
2015-04-30,101190.0,100350.0,99860.0,99730.0,99730.0,99890.0,100030.0,,101900.0,102020.0,,,,,,,,,,,,,,,,,,,,,,,,,,,,,,,,,,,
2015-05-04,106010.0,104700.0,104390.0,104860.0,104110.0,105310.0,102720.0,,104800.0,105250.0,,,,,,,,,,,,,,,,,,,,,,,,,,,,,,,,,,,
2015-05-05,107850.0,106440.0,106500.0,106580.0,107360.0,106890.0,107030.0,107130.0,106970.0,106660.0,,,,,,,,,,,,,,,,,,,,,,,,,,,,,,,,,,,
2015-05-06,110000.0,107170.0,106700.0,107590.0,107580.0,107570.0,108360.0,110660.0,108550.0,109750.0,,,,,,,,,,,,,,,,,,,,,,,,,,,,,,,,,,,
2015-05-07,114580.0,111000.0,110030.0,109600.0,108270.0,114520.0,109760.0,106270.0,110160.0,112090.0,,,,,,,,,,,,,,,,,,,,,,,,,,,,,,,,,,,
2015-05-08,113700.0,107170.0,106980.0,106050.0,105980.0,105950.0,106500.0,109970.0,106890.0,108790.0,,,,,,,,,,,,,,,,,,,,,,,,,,,,,,,,,,,
2015-05-11,111810.0,108590.0,108590.0,108640.0,109160.0,109000.0,107740.0,,108370.0,109090.0,,,,,,,,,,,,,,,,,,,,,,,,,,,,,,,,,,,
2015-05-12,113300.0,111030.0,110000.0,110050.0,107930.0,111590.0,108720.0,107560.0,109520.0,110080.0,,,,,,,,,,,,,,,,,,,,,,,,,,,,,,,,,,,
2015-05-13,112280.0,108180.0,108000.0,108610.0,,107660.0,107200.0,108200.0,107760.0,108190.0,,,,,,,,,,,,,,,,,,,,,,,,,,,,,,,,,,,
2015-05-14,112100.0,108380.0,108330.0,106170.0,105660.0,106800.0,107820.0,107740.0,107800.0,108390.0,,,,,,,,,,,,,,,,,,,,,,,,,,,,,,,,,,,
2015-05-15,108980.0,106080.0,106130.0,,105660.0,105570.0,106430.0,106050.0,104450.0,,,,,,,,,,,,,,,,,,,,,,,,,,,,,,,,,,,,
2015-05-18,109390.0,105760.0,105500.0,,106370.0,105790.0,105500.0,106510.0,106000.0,,106990.0,,,,,,,,,,,,,,,,,,,,,,,,,,,,,,,,,,
2015-05-19,108300.0,105610.0,105600.0,,104760.0,,105410.0,106100.0,105410.0,,,,,,,,,,,,,,,,,,,,,,,,,,,,,,,,,,,,
2015-05-20,105500.0,103550.0,103000.0,,99290.0,100360.0,102680.0,,101510.0,100580.0,99860.0,,,,,,,,,,,,,,,,,,,,,,,,,,,,,,,,,,
2015-05-21,100490.0,98500.0,98500.0,99510.0,98550.0,98810.0,98500.0,,99290.0,,99230.0,,,,,,,,,,,,,,,,,,,,,,,,,,,,,,,,,,
2015-05-22,100960.0,99380.0,99500.0,101200.0,100500.0,100120.0,99080.0,99500.0,99100.0,100670.0,99560.0,,,,,,,,,,,,,,,,,,,,,,,,,,,,,,,,,,
2015-05-25,98900.0,97500.0,97280.0,97170.0,,98980.0,96900.0,,97420.0,,,,,,,,,,,,,,,,,,,,,,,,,,,,,,,,,,,,
2015-05-26,99670.0,98530.0,97930.0,98470.0,99460.0,99080.0,97720.0,98810.0,99060.0,99000.0,99960.0,,,,,,,,,,,,,,,,,,,,,,,,,,,,,,,,,,
2015-05-27,99990.0,97960.0,97290.0,97780.0,,97650.0,97500.0,,97920.0,,,,,,,,,,,,,,,,,,,,,,,,,,,,,,,,,,,,
2015-05-28,100420.0,98360.0,97780.0,99080.0,,99110.0,97520.0,98270.0,97570.0,,100430.0,,,,,,,,,,,,,,,,,,,,,,,,,,,,,,,,,,
2015-05-29,101000.0,99850.0,99140.0,98550.0,97370.0,99290.0,98880.0,97260.0,99060.0,,99110.0,,,,,,,,,,,,,,,,,,,,,,,,,,,,,,,,,,
2015-06-01,98860.0,97460.0,97500.0,96720.0,,97560.0,97230.0,95550.0,97150.0,97690.0,,,,,,,,,,,,,,,,,,,,,,,,,,,,,,,,,,,
2015-06-02,98350.0,97550.0,97190.0,99210.0,98590.0,99490.0,97000.0,97270.0,97480.0,100070.0,99720.0,,,,,,,,,,,,,,,,,,,,,,,,,,,,,,,,,,
2015-06-03,100510.0,100000.0,100380.0,100220.0,103000.0,100220.0,99750.0,99900.0,100390.0,100900.0,101300.0,,,,,,,,,,,,,,,,,,,,,,,,,,,,,,,,,,
2015-06-04,99980.0,100400.0,99200.0,95010.0,,98710.0,99090.0,,99150.0,99900.0,98890.0,,,,,,,,,,,,,,,,,,,,,,,,,,,,,,,,,,
2015-06-05,98680.0,99180.0,98650.0,99200.0,,97370.0,98500.0,,99100.0,,99110.0,,,,,,,,,,,,,,,,,,,,,,,,,,,,,,,,,,
2015-06-08,98780.0,98570.0,98750.0,99170.0,99050.0,99340.0,97900.0,99740.0,99020.0,,99770.0,,,,,,,,,,,,,,,,,,,,,,,,,,,,,,,,,,
2015-06-09,101000.0,100690.0,100850.0,101970.0,101530.0,101680.0,100500.0,101110.0,101500.0,,102940.0,,,,,,,,,,,,,,,,,,,,,,,,,,,,,,,,,,
2015-06-10,101560.0,101210.0,101360.0,102390.0,100900.0,101210.0,101090.0,101540.0,101540.0,,102730.0,,,,,,,,,,,,,,,,,,,,,,,,,,,,,,,,,,
2015-06-11,101820.0,101850.0,101850.0,102000.0,102040.0,102030.0,101700.0,101470.0,102170.0,,102820.0,,,,,,,,,,,,,,,,,,,,,,,,,,,,,,,,,,
2015-06-12,101520.0,101210.0,101600.0,101510.0,99610.0,100920.0,101480.0,99600.0,99900.0,,101690.0,,,,,,,,,,,,,,,,,,,,,,,,,,,,,,,,,,
2015-06-15,98170.0,97950.0,98400.0,98820.0,,98000.0,98080.0,98250.0,98810.0,,99850.0,,,,,,,,,,,,,,,,,,,,,,,,,,,,,,,,,,
2015-06-16,97380.0,96940.0,97400.0,97760.0,97360.0,97620.0,97300.0,97050.0,97430.0,97000.0,98930.0,,,,,,,,,,,,,,,,,,,,,,,,,,,,,,,,,,
2015-06-17,96000.0,95970.0,96000.0,96070.0,98700.0,96330.0,96200.0,,95630.0,,98590.0,,,,,,,,,,,,,,,,,,,,,,,,,,,,,,,,,,
2015-06-18,96000.0,96080.0,96300.0,96460.0,96400.0,96490.0,96450.0,96890.0,96240.0,,97720.0,,,,,,,,,,,,,,,,,,,,,,,,,,,,,,,,,,
2015-06-19,95650.0,95700.0,96020.0,95950.0,,95500.0,96210.0,,95530.0,,97850.0,,,,,,,,,,,,,,,,,,,,,,,,,,,,,,,,,,
2015-06-23,93890.0,94360.0,94280.0,94930.0,,95460.0,94560.0,,,95730.0,96180.0,,,,,,,,,,,,,,,,,,,,,,,,,,,,,,,,,,
2015-06-24,94980.0,95200.0,95510.0,95750.0,,96230.0,95500.0,,96150.0,96290.0,100000.0,,,,,,,,,,,,,,,,,,,,,,,,,,,,,,,,,,
2015-06-25,95310.0,95600.0,96010.0,95890.0,,96260.0,96100.0,96440.0,96150.0,96250.0,97320.0,,,,,,,,,,,,,,,,,,,,,,,,,,,,,,,,,,
2015-06-26,94100.0,94140.0,94760.0,94580.0,,94530.0,95000.0,95270.0,95250.0,94780.0,96180.0,96000.0,,,,,,,,,,,,,,,,,,,,,,,,,,,,,,,,,
2015-06-29,93160.0,93270.0,93650.0,92750.0,92390.0,94730.0,94150.0,94190.0,94160.0,94540.0,95600.0,95100.0,,,,,,,,,,,,,,,,,,,,,,,,,,,,,,,,,
2015-06-30,89000.0,88000.0,88880.0,88890.0,88580.0,89370.0,89500.0,89850.0,90810.0,92400.0,92000.0,92220.0,,,,,,,,,,,,,,,,,,,,,,,,,,,,,,,,,
2015-07-01,84520.0,86630.0,87330.0,87260.0,86390.0,87280.0,87500.0,90580.0,88680.0,91650.0,89850.0,90020.0,,,,,,,,,,,,,,,,,,,,,,,,,,,,,,,,,
2015-07-02,87750.0,88070.0,88000.0,88180.0,89670.0,87570.0,88950.0,89130.0,90330.0,,91110.0,91690.0,,,,,,,,,,,,,,,,,,,,,,,,,,,,,,,,,
2015-07-03,89300.0,89540.0,89850.0,90490.0,90540.0,89140.0,90460.0,91650.0,92180.0,92900.0,92770.0,93000.0,,,,,,,,,,,,,,,,,,,,,,,,,,,,,,,,,
2015-07-06,86760.0,88770.0,89100.0,89320.0,89070.0,87780.0,89900.0,88760.0,90540.0,90820.0,91570.0,90890.0,,,,,,,,,,,,,,,,,,,,,,,,,,,,,,,,,
2015-07-07,84580.0,85270.0,85750.0,86500.0,86860.0,85760.0,86950.0,86800.0,87790.0,89140.0,87900.0,87970.0,,,,,,,,,,,,,,,,,,,,,,,,,,,,,,,,,
2015-07-08,81010.0,81320.0,82400.0,82200.0,82280.0,82010.0,82360.0,82390.0,82580.0,84260.0,86360.0,83800.0,,,,,,,,,,,,,,,,,,,,,,,,,,,,,,,,,
2015-07-09,77000.0,78000.0,75230.0,75680.0,80000.0,76390.0,75760.0,78280.0,78010.0,80050.0,80510.0,80000.0,,,,,,,,,,,,,,,,,,,,,,,,,,,,,,,,,
2015-07-10,82330.0,83500.0,84100.0,84930.0,84500.0,,84740.0,84660.0,,86010.0,85890.0,,,,,,,,,,,,,,,,,,,,,,,,,,,,,,,,,,
2015-07-13,81300.0,83900.0,84040.0,84250.0,84900.0,82910.0,84520.0,83910.0,85840.0,85810.0,85720.0,,,,,,,,,,,,,,,,,,,,,,,,,,,,,,,,,,
2015-07-14,85650.0,83700.0,84510.0,84870.0,85440.0,86360.0,85220.0,86330.0,87080.0,,85760.0,86800.0,,,,,,,,,,,,,,,,,,,,,,,,,,,,,,,,,
2015-07-15,85500.0,88740.0,84880.0,85290.0,86200.0,86350.0,85110.0,86160.0,86300.0,,88930.0,86100.0,,,,,,,,,,,,,,,,,,,,,,,,,,,,,,,,,
2015-07-16,,85030.0,86850.0,87110.0,87690.0,87010.0,87600.0,,88210.0,,87000.0,,85630.0,,,,,,,,,,,,,,,,,,,,,,,,,,,,,,,,
2015-07-17,,84710.0,84680.0,85620.0,85910.0,86900.0,85160.0,,87110.0,87250.0,88770.0,,,,,,,,,,,,,,,,,,,,,,,,,,,,,,,,,,
2015-07-20,,83600.0,84800.0,85400.0,,86240.0,85200.0,,86680.0,87770.0,87010.0,,,,,,,,,,,,,,,,,,,,,,,,,,,,,,,,,,
2015-07-21,,85950.0,85480.0,86190.0,87000.0,86300.0,85720.0,,86030.0,89870.0,88610.0,,89560.0,,,,,,,,,,,,,,,,,,,,,,,,,,,,,,,,
2015-07-22,,86620.0,87670.0,87500.0,87330.0,88160.0,87880.0,,88590.0,89600.0,89330.0,,89030.0,,,,,,,,,,,,,,,,,,,,,,,,,,,,,,,,
2015-07-23,,84710.0,85300.0,85210.0,85350.0,85070.0,85570.0,,85990.0,,85810.0,,,,,,,,,,,,,,,,,,,,,,,,,,,,,,,,,,
2015-07-24,,84160.0,84190.0,84690.0,83970.0,,84700.0,84520.0,85400.0,85770.0,86900.0,86030.0,,,,,,,,,,,,,,,,,,,,,,,,,,,,,,,,,
2015-07-27,,83490.0,83290.0,83630.0,84530.0,83580.0,83400.0,,85410.0,85240.0,85350.0,,,,,,,,,,,,,,,,,,,,,,,,,,,,,,,,,,
2015-07-28,,81370.0,81300.0,81430.0,81770.0,82580.0,81750.0,82650.0,82980.0,,,,86940.0,,,,,,,,,,,,,,,,,,,,,,,,,,,,,,,,
2015-07-29,,83570.0,83300.0,84140.0,84510.0,,84400.0,85000.0,85740.0,,85560.0,87460.0,86260.0,,,,,,,,,,,,,,,,,,,,,,,,,,,,,,,,
2015-07-30,,82750.0,83590.0,83910.0,83990.0,,84260.0,85370.0,84800.0,,85510.0,,,,,,,,,,,,,,,,,,,,,,,,,,,,,,,,,,
2015-07-31,,82260.0,82000.0,83090.0,82810.0,83000.0,82600.0,,83680.0,,85100.0,86840.0,,,,,,,,,,,,,,,,,,,,,,,,,,,,,,,,,
2015-08-03,,81660.0,82200.0,83110.0,83350.0,83190.0,83110.0,,84130.0,84150.0,84610.0,,,,,,,,,,,,,,,,,,,,,,,,,,,,,,,,,,
2015-08-04,,80700.0,80350.0,80990.0,81510.0,81110.0,81000.0,81890.0,81720.0,,80830.0,85580.0,,,,,,,,,,,,,,,,,,,,,,,,,,,,,,,,,
2015-08-05,,80400.0,81300.0,81640.0,82000.0,,81880.0,81190.0,82780.0,82480.0,83550.0,86240.0,83120.0,,,,,,,,,,,,,,,,,,,,,,,,,,,,,,,,
2015-08-06,,80450.0,81500.0,81640.0,,,82300.0,82590.0,82820.0,83000.0,83550.0,,85010.0,,,,,,,,,,,,,,,,,,,,,,,,,,,,,,,,
2015-08-07,,80000.0,80700.0,80950.0,80800.0,82030.0,81480.0,,82250.0,,83220.0,83810.0,,,,,,,,,,,,,,,,,,,,,,,,,,,,,,,,,
2015-08-10,,80400.0,80620.0,80860.0,82630.0,81200.0,81410.0,,83510.0,,,,,,,,,,,,,,,,,,,,,,,,,,,,,,,,,,,,
2015-08-11,,81930.0,82190.0,83000.0,83930.0,82890.0,83000.0,85420.0,83630.0,,85170.0,88360.0,,,,,,,,,,,,,,,,,,,,,,,,,,,,,,,,,
2015-08-12,,81100.0,81240.0,81490.0,81870.0,82570.0,82100.0,82380.0,82640.0,,83930.0,84330.0,,,,,,,,,,,,,,,,,,,,,,,,,,,,,,,,,
2015-08-13,,84000.0,82700.0,83200.0,84350.0,83900.0,83600.0,84580.0,84820.0,85300.0,85420.0,86220.0,86590.0,,,,,,,,,,,,,,,,,,,,,,,,,,,,,,,,
2015-08-14,,,82300.0,82870.0,82790.0,82470.0,83350.0,83960.0,84220.0,83220.0,,86050.0,,,,,,,,,,,,,,,,,,,,,,,,,,,,,,,,,
2015-08-17,,81400.0,81950.0,82480.0,,82790.0,82800.0,83460.0,84160.0,84540.0,,,,,,,,,,,,,,,,,,,,,,,,,,,,,,,,,,,
2015-08-18,,,82150.0,82300.0,82490.0,,82880.0,83600.0,83950.0,84090.0,84670.0,,,,,,,,,,,,,,,,,,,,,,,,,,,,,,,,,,
2015-08-19,,,80500.0,80550.0,80550.0,,81090.0,81880.0,81820.0,,82540.0,83210.0,,,,,,,,,,,,,,,,,,,,,,,,,,,,,,,,,
2015-08-20,,,80900.0,81010.0,81330.0,83060.0,81600.0,81180.0,82270.0,83300.0,81720.0,83570.0,,,,,,,,,,,,,,,,,,,,,,,,,,,,,,,,,
2015-08-21,,,80530.0,80650.0,80570.0,,81550.0,81650.0,81780.0,82570.0,83190.0,,,81660.0,,,,,,,,,,,,,,,,,,,,,,,,,,,,,,,
2015-08-24,,,79180.0,79260.0,78730.0,80010.0,80000.0,79690.0,80080.0,78490.0,80920.0,79580.0,,,,,,,,,,,,,,,,,,,,,,,,,,,,,,,,,
2015-08-25,,,73800.0,71220.0,73980.0,74600.0,74200.0,,76000.0,77160.0,76930.0,76050.0,,,,,,,,,,,,,,,,,,,,,,,,,,,,,,,,,
2015-08-26,,,75000.0,74800.0,74960.0,75740.0,75750.0,,76640.0,78160.0,76790.0,79780.0,,76610.0,,,,,,,,,,,,,,,,,,,,,,,,,,,,,,,
2015-08-27,,,73200.0,74100.0,74130.0,74600.0,74300.0,75190.0,75150.0,76110.0,76620.0,,,78270.0,,,,,,,,,,,,,,,,,,,,,,,,,,,,,,,
2015-08-28,,,75100.0,75590.0,75950.0,76490.0,76400.0,79000.0,77340.0,77840.0,78390.0,79940.0,,,,,,,,,,,,,,,,,,,,,,,,,,,,,,,,,
2015-08-31,,,76500.0,76640.0,76600.0,78630.0,78200.0,,78330.0,78840.0,79460.0,,,,,,,,,,,,,,,,,,,,,,,,,,,,,,,,,,
2015-09-01,,,76180.0,75190.0,75430.0,76110.0,76460.0,76790.0,77060.0,77740.0,77960.0,,,,,,,,,,,,,,,,,,,,,,,,,,,,,,,,,,
2015-09-02,,,74370.0,74660.0,75140.0,75840.0,76000.0,77050.0,76840.0,,77710.0,,,,,,,,,,,,,,,,,,,,,,,,,,,,,,,,,,
2015-09-07,,,74600.0,74380.0,76150.0,75670.0,76200.0,,77550.0,78080.0,78170.0,,,,,,,,,,,,,,,,,,,,,,,,,,,,,,,,,,
2015-09-08,,,75280.0,75530.0,75600.0,76320.0,76870.0,76750.0,77300.0,78080.0,78000.0,,,,,,,,,,,,,,,,,,,,,,,,,,,,,,,,,,
2015-09-09,,,75000.0,76390.0,76170.0,76710.0,77090.0,,77490.0,78520.0,78280.0,,,,,,,,,,,,,,,,,,,,,,,,,,,,,,,,,,
2015-09-10,,,76500.0,76840.0,76940.0,77410.0,78210.0,78400.0,78840.0,78950.0,79190.0,,,,,,,,,,,,,,,,,,,,,,,,,,,,,,,,,,
2015-09-11,,,77450.0,78490.0,78500.0,78470.0,79400.0,78450.0,79870.0,,80860.0,81100.0,,,,,,,,,,,,,,,,,,,,,,,,,,,,,,,,,
2015-09-14,,,78000.0,77810.0,78390.0,78630.0,79100.0,79690.0,79980.0,80510.0,80540.0,81510.0,80180.0,,,,,,,,,,,,,,,,,,,,,,,,,,,,,,,,
2015-09-15,,,76090.0,76120.0,76700.0,77200.0,77480.0,77550.0,78480.0,,79300.0,,,,,,,,,,,,,,,,,,,,,,,,,,,,,,,,,,
2015-09-16,,,,76500.0,77780.0,77230.0,77320.0,76710.0,78080.0,79400.0,79650.0,,,,79760.0,,,,,,,,,,,,,,,,,,,,,,,,,,,,,,
2015-09-17,,,,77450.0,77660.0,79280.0,78800.0,78930.0,79210.0,,79900.0,82330.0,,,79430.0,,,,,,,,,,,,,,,,,,,,,,,,,,,,,,
2015-09-18,,,,77070.0,77100.0,77500.0,78110.0,78070.0,79010.0,,79790.0,80160.0,79570.0,79480.0,82510.0,,,,,,,,,,,,,,,,,,,,,,,,,,,,,,
2015-09-21,,,,76210.0,77370.0,76820.0,77200.0,,78020.0,78220.0,78610.0,,,,79720.0,,,,,,,,,,,,,,,,,,,,,,,,,,,,,,
2015-09-22,,,,76660.0,77120.0,78620.0,77790.0,77610.0,78520.0,78300.0,79110.0,78310.0,,,80790.0,,,,,,,,,,,,,,,,,,,,,,,,,,,,,,
2015-09-23,,,,75550.0,75620.0,76320.0,76780.0,76620.0,77410.0,77110.0,77930.0,77930.0,79220.0,,79200.0,,,,,,,,,,,,,,,,,,,,,,,,,,,,,,
2015-09-24,,,,75940.0,76950.0,76640.0,76940.0,77320.0,77530.0,77580.0,78240.0,78960.0,78760.0,,,,,,,,,,,,,,,,,,,,,,,,,,,,,,,,
2015-09-25,,,,76650.0,75890.0,76550.0,76680.0,77190.0,76880.0,,78290.0,78570.0,,,80140.0,,,,,,,,,,,,,,,,,,,,,,,,,,,,,,
2015-09-28,,,,76400.0,76830.0,,77300.0,77660.0,77990.0,,78450.0,,,,,,,,,,,,,,,,,,,,,,,,,,,,,,,,,,
2015-09-29,,,,76150.0,76400.0,76300.0,77210.0,76610.0,77750.0,77250.0,78060.0,78860.0,78770.0,,,,,,,,,,,,,,,,,,,,,,,,,,,,,,,,
2015-09-30,,,,75120.0,75610.0,75760.0,76260.0,76800.0,76470.0,76220.0,76420.0,78150.0,,,,,,,,,,,,,,,,,,,,,,,,,,,,,,,,,
2015-10-08,,,,76000.0,77210.0,77360.0,78200.0,77900.0,78590.0,79200.0,80480.0,,,,,,,,,,,,,,,,,,,,,,,,,,,,,,,,,,
2015-10-09,,,,76670.0,76920.0,77110.0,77510.0,78510.0,78050.0,79720.0,78250.0,81000.0,80230.0,80480.0,79370.0,,,,,,,,,,,,,,,,,,,,,,,,,,,,,,
2015-10-12,,,,78800.0,79550.0,79320.0,81000.0,80900.0,81430.0,80380.0,81000.0,81810.0,,,80830.0,,,,,,,,,,,,,,,,,,,,,,,,,,,,,,
2015-10-13,,,,,78970.0,79520.0,80370.0,79850.0,80540.0,,80990.0,,,,81910.0,,,,,,,,,,,,,,,,,,,,,,,,,,,,,,
2015-10-14,,,,77900.0,78630.0,79090.0,79300.0,79900.0,79420.0,80500.0,80330.0,81110.0,,,81310.0,,,,,,,,,,,,,,,,,,,,,,,,,,,,,,
2015-10-15,,,,78600.0,78730.0,79190.0,79400.0,79780.0,79960.0,80150.0,80360.0,,,82630.0,81640.0,,,,,,,,,,,,,,,,,,,,,,,,,,,,,,
2015-10-16,,,,,79330.0,79640.0,80230.0,81650.0,80670.0,,80920.0,,81850.0,82500.0,81560.0,84200.0,,,,,,,,,,,,,,,,,,,,,,,,,,,,,
2015-10-19,,,,,79620.0,80000.0,80280.0,79500.0,80920.0,81120.0,81150.0,82340.0,,81420.0,82300.0,,,,,,,,,,,,,,,,,,,,,,,,,,,,,,
2015-10-20,,,,,78350.0,78900.0,79150.0,77470.0,79710.0,79340.0,80080.0,80090.0,,,79960.0,80670.0,,,,,,,,,,,,,,,,,,,,,,,,,,,,,
2015-10-21,,,,,77400.0,78100.0,78450.0,78970.0,78890.0,79300.0,79800.0,,,81670.0,,,,,,,,,,,,,,,,,,,,,,,,,,,,,,,
2015-10-22,,,,,77180.0,77850.0,78100.0,,78510.0,79940.0,79150.0,,,79620.0,,,,,,,,,,,,,,,,,,,,,,,,,,,,,,,
2015-10-23,,,,,78160.0,78480.0,78960.0,80000.0,79190.0,80260.0,79310.0,80000.0,,80510.0,,,,,,,,,,,,,,,,,,,,,,,,,,,,,,,
2015-10-26,,,,,78500.0,80020.0,79980.0,80030.0,80210.0,,81250.0,,,81050.0,,,,,,,,,,,,,,,,,,,,,,,,,,,,,,,
2015-10-27,,,,,78070.0,78360.0,78720.0,79170.0,79380.0,79310.0,79170.0,,,80960.0,80710.0,,,,,,,,,,,,,,,,,,,,,,,,,,,,,,
2015-10-28,,,,,78300.0,78740.0,79200.0,79390.0,79640.0,79880.0,80270.0,,,,81000.0,,,,,,,,,,,,,,,,,,,,,,,,,,,,,,
2015-10-29,,,,,78220.0,78360.0,79080.0,79690.0,79490.0,80050.0,79870.0,80420.0,,,80780.0,,,,,,,,,,,,,,,,,,,,,,,,,,,,,,
2015-10-30,,,,,78550.0,78650.0,79000.0,77710.0,79510.0,80020.0,80190.0,79200.0,,,80010.0,80540.0,,,,,,,,,,,,,,,,,,,,,,,,,,,,,
2015-11-02,,,,,,76780.0,77100.0,,77800.0,77870.0,78600.0,,,,,80020.0,,,,,,,,,,,,,,,,,,,,,,,,,,,,,
2015-11-03,,,,,76000.0,76330.0,76700.0,76760.0,77300.0,,77760.0,78350.0,,78560.0,,78360.0,,,,,,,,,,,,,,,,,,,,,,,,,,,,,
2015-11-04,,,,,,75960.0,76200.0,,76930.0,,77360.0,78060.0,,,,,,,,,,,,,,,,,,,,,,,,,,,,,,,,,
2015-11-05,,,,,,76020.0,76190.0,77110.0,76840.0,,77250.0,77090.0,,78510.0,77830.0,78110.0,,,,,,,,,,,,,,,,,,,,,,,,,,,,,
2015-11-06,,,,,74000.0,74590.0,75800.0,75190.0,75420.0,,75700.0,,,77240.0,77480.0,76340.0,,,,,,,,,,,,,,,,,,,,,,,,,,,,,
2015-11-09,,,,,74000.0,74690.0,74800.0,75870.0,75210.0,,75880.0,,,76820.0,77520.0,,,,,,,,,,,,,,,,,,,,,,,,,,,,,,
2015-11-10,,,,,72500.0,73740.0,74100.0,75400.0,74590.0,,74980.0,,,75800.0,76950.0,76090.0,,,,,,,,,,,,,,,,,,,,,,,,,,,,,
2015-11-11,,,,,,73140.0,73450.0,73820.0,74110.0,73890.0,74360.0,74860.0,,75330.0,,,,,,,,,,,,,,,,,,,,,,,,,,,,,,,
2015-11-12,,,,,71800.0,72630.0,73000.0,73250.0,73410.0,,73890.0,,,,75870.0,,,,,,,,,,,,,,,,,,,,,,,,,,,,,,
2015-11-13,,,,,72500.0,72300.0,72700.0,74870.0,73100.0,,73500.0,73670.0,,,75520.0,,,,,,,,,,,,,,,,,,,,,,,,,,,,,,
2015-11-16,,,,,72000.0,72690.0,72830.0,73560.0,73450.0,,74040.0,74560.0,75260.0,,75490.0,,,,,,,,,,,,,,,,,,,,,,,,,,,,,,
2015-11-17,,,,,,72950.0,73350.0,73650.0,73640.0,72520.0,74310.0,74510.0,,74390.0,75510.0,74000.0,,,,,,,,,,,,,,,,,,,,,,,,,,,,,
2015-11-18,,,,,,71220.0,71450.0,71530.0,71810.0,72620.0,72330.0,72750.0,,,73680.0,,,,,,,,,,,,,,,,,,,,,,,,,,,,,,
2015-11-19,,,,,,70320.0,70700.0,70980.0,71370.0,70940.0,71710.0,70650.0,,71940.0,72670.0,72350.0,,,,,,,,,,,,,,,,,,,,,,,,,,,,,
2015-11-20,,,,,,68990.0,69600.0,69590.0,70590.0,69560.0,70300.0,70650.0,,,71230.0,72730.0,,,,,,,,,,,,,,,,,,,,,,,,,,,,,
2015-11-23,,,,,,69990.0,69000.0,68410.0,69360.0,,70130.0,,,68020.0,70780.0,69000.0,68000.0,,,,,,,,,,,,,,,,,,,,,,,,,,,,
2015-11-24,,,,,,63540.0,64180.0,64370.0,64580.0,64310.0,65510.0,66740.0,,65770.0,66130.0,66150.0,,,,,,,,,,,,,,,,,,,,,,,,,,,,,
2015-11-25,,,,,,65300.0,64800.0,65460.0,65800.0,66720.0,65860.0,69630.0,70280.0,68960.0,66810.0,70710.0,,,,,,,,,,,,,,,,,,,,,,,,,,,,,
2015-11-26,,,,,,67170.0,67900.0,68110.0,68100.0,70040.0,69100.0,72070.0,72060.0,69420.0,70030.0,70420.0,,,,,,,,,,,,,,,,,,,,,,,,,,,,,
2015-11-27,,,,,,70410.0,70790.0,71290.0,70990.0,,71230.0,70970.0,,71850.0,73410.0,71500.0,,,,,,,,,,,,,,,,,,,,,,,,,,,,,
2015-11-30,,,,,,68200.0,68760.0,68480.0,67870.0,68710.0,69990.0,69550.0,,70310.0,70500.0,,71670.0,,,,,,,,,,,,,,,,,,,,,,,,,,,,
2015-12-01,,,,,,68770.0,68900.0,68680.0,69350.0,69930.0,69800.0,70270.0,,,71010.0,,72000.0,,,,,,,,,,,,,,,,,,,,,,,,,,,,
2015-12-02,,,,,,69300.0,69000.0,69830.0,69170.0,71030.0,70020.0,71100.0,,,70740.0,,72950.0,,,,,,,,,,,,,,,,,,,,,,,,,,,,
2015-12-03,,,,,,68950.0,69600.0,69380.0,70040.0,70590.0,70700.0,69670.0,70460.0,,71850.0,,72180.0,,,,,,,,,,,,,,,,,,,,,,,,,,,,
2015-12-04,,,,,,68150.0,68290.0,68910.0,68700.0,69780.0,69400.0,69740.0,,,70870.0,,,,,,,,,,,,,,,,,,,,,,,,,,,,,,
2015-12-07,,,,,,,70000.0,69200.0,70270.0,70630.0,70800.0,71500.0,,,72590.0,,73870.0,,,,,,,,,,,,,,,,,,,,,,,,,,,,
2015-12-08,,,,,,67800.0,70000.0,70080.0,70030.0,70320.0,71040.0,68700.0,70430.0,,71980.0,,73200.0,,,,,,,,,,,,,,,,,,,,,,,,,,,,
2015-12-09,,,,,,67400.0,67900.0,67390.0,67820.0,68800.0,69050.0,68500.0,68600.0,68490.0,69760.0,,70390.0,,,,,,,,,,,,,,,,,,,,,,,,,,,,
2015-12-10,,,,,,,68350.0,68990.0,69000.0,68680.0,69300.0,69300.0,,70380.0,70550.0,,70690.0,,,,,,,,,,,,,,,,,,,,,,,,,,,,
2015-12-11,,,,,,67100.0,67130.0,66010.0,67810.0,68010.0,68010.0,68560.0,,,69180.0,,70610.0,,,,,,,,,,,,,,,,,,,,,,,,,,,,
2015-12-14,,,,,,67900.0,68630.0,68750.0,69330.0,69240.0,69620.0,69740.0,,69870.0,70470.0,,71810.0,,,,,,,,,,,,,,,,,,,,,,,,,,,,
2015-12-15,,,,,,68100.0,68230.0,68670.0,68960.0,69450.0,69500.0,70080.0,,70590.0,70020.0,72010.0,72600.0,,,,,,,,,,,,,,,,,,,,,,,,,,,,
2015-12-16,,,,,,,68300.0,68900.0,69230.0,68800.0,69400.0,,71140.0,,70910.0,,,,,,,,,,,,,,,,,,,,,,,,,,,,,,
2015-12-17,,,,,,,69200.0,69680.0,69950.0,70560.0,70330.0,,71430.0,,71820.0,,,,,,,,,,,,,,,,,,,,,,,,,,,,,,
2015-12-18,,,,,,,68650.0,69040.0,69350.0,70470.0,69800.0,69720.0,70930.0,71070.0,71100.0,,71830.0,,,,,,,,,,,,,,,,,,,,,,,,,,,,
2015-12-21,,,,,,,69310.0,69580.0,70000.0,70720.0,70600.0,70010.0,,71110.0,71610.0,,,73010.0,,,,,,,,,,,,,,,,,,,,,,,,,,,
2015-12-22,,,,,,,69800.0,69960.0,70130.0,71280.0,71010.0,72030.0,,,72210.0,73680.0,,73590.0,,,,,,,,,,,,,,,,,,,,,,,,,,,
2015-12-23,,,,,,,69450.0,70620.0,70060.0,70500.0,70730.0,70980.0,70540.0,,72190.0,,72300.0,,,,,,,,,,,,,,,,,,,,,,,,,,,,
2015-12-24,,,,,,,68820.0,69030.0,69650.0,69930.0,70180.0,70560.0,71280.0,,71560.0,,,,,,,,,,,,,,,,,,,,,,,,,,,,,,
2015-12-25,,,,,,,68010.0,68480.0,69100.0,69120.0,69400.0,69940.0,,70190.0,70060.0,,,72080.0,,,,,,,,,,,,,,,,,,,,,,,,,,,
2015-12-28,,,,,,,67910.0,68260.0,68670.0,68480.0,69280.0,69330.0,,,70300.0,,,,,,,,,,,,,,,,,,,,,,,,,,,,,,
2015-12-29,,,,,,,66770.0,67070.0,67900.0,67990.0,68030.0,68390.0,,,69260.0,,,,,,,,,,,,,,,,,,,,,,,,,,,,,,
2015-12-30,,,,,,,67800.0,68130.0,68630.0,69530.0,69030.0,69970.0,,,70380.0,,,72660.0,,,,,,,,,,,,,,,,,,,,,,,,,,,
2015-12-31,,,,,,,68800.0,68830.0,69230.0,69680.0,70100.0,71080.0,,71060.0,71330.0,72300.0,71870.0,72720.0,,,,,,,,,,,,,,,,,,,,,,,,,,,
2016-01-04,,,,,,,69490.0,67710.0,69120.0,69960.0,70810.0,71220.0,,69830.0,71920.0,,71390.0,,,,,,,,,,,,,,,,,,,,,,,,,,,,
2016-01-05,,,,,,,67780.0,67800.0,68630.0,69040.0,69200.0,69230.0,,,70320.0,,,,,,,,,,,,,,,,,,,,,,,,,,,,,,
2016-01-06,,,,,,,68310.0,68450.0,69090.0,68790.0,69380.0,69350.0,68520.0,,70860.0,,,,,,,,,,,,,,,,,,,,,,,,,,,,,,
2016-01-07,,,,,,,67730.0,67860.0,68260.0,,69000.0,69250.0,69110.0,,70000.0,,,,,,,,,,,,,,,,,,,,,,,,,,,,,,
2016-01-08,,,,,,,66310.0,66740.0,66820.0,67080.0,67460.0,67800.0,68880.0,,68760.0,,,,,,,,,,,,,,,,,,,,,,,,,,,,,,
2016-01-11,,,,,,,66920.0,67110.0,67800.0,,67910.0,68730.0,,,70000.0,,,,,,,,,,,,,,,,,,,,,,,,,,,,,,
2016-01-12,,,,,,,65900.0,66120.0,66810.0,,67280.0,67870.0,67250.0,,67500.0,,,,,,,,,,,,,,,,,,,,,,,,,,,,,,
2016-01-13,,,,,,,64500.0,65000.0,65770.0,66160.0,66010.0,66440.0,67050.0,,67350.0,,68100.0,,,,,,,,,,,,,,,,,,,,,,,,,,,,
2016-01-14,,,,,,,64950.0,65340.0,65890.0,66270.0,66220.0,66460.0,,,66800.0,67830.0,,,,,,,,,,,,,,,,,,,,,,,,,,,,,
2016-01-15,,,,,,,66490.0,66380.0,66810.0,68660.0,67370.0,67720.0,69010.0,69760.0,68880.0,70060.0,,,,,,,,,,,,,,,,,,,,,,,,,,,,,
2016-01-18,,,,,,,,65810.0,67040.0,67360.0,67820.0,68300.0,69350.0,70110.0,68880.0,,,,71040.0,,,,,,,,,,,,,,,,,,,,,,,,,,
2016-01-19,,,,,,,,68110.0,68550.0,68950.0,69310.0,69800.0,70200.0,,70590.0,70000.0,71710.0,,72780.0,,,,,,,,,,,,,,,,,,,,,,,,,,
2016-01-20,,,,,,,,68800.0,69210.0,69810.0,70010.0,70160.0,69590.0,,71100.0,,72240.0,,71370.0,,,,,,,,,,,,,,,,,,,,,,,,,,
2016-01-21,,,,,,,,68400.0,68650.0,,69450.0,69480.0,,70660.0,70630.0,,,,72110.0,,,,,,,,,,,,,,,,,,,,,,,,,,
2016-01-22,,,,,,,,68410.0,68550.0,69220.0,69350.0,69740.0,,,70380.0,,,,72740.0,,,,,,,,,,,,,,,,,,,,,,,,,,
2016-01-25,,,,,,,,70260.0,69680.0,70170.0,70770.0,70780.0,69790.0,70410.0,71550.0,70840.0,,,,,,,,,,,,,,,,,,,,,,,,,,,,,
2016-01-26,,,,,,,,68250.0,68380.0,,69400.0,69750.0,70610.0,,70430.0,,,,71750.0,,,,,,,,,,,,,,,,,,,,,,,,,,
2016-01-27,,,,,,,,68750.0,69000.0,69360.0,69350.0,69750.0,70770.0,70480.0,70730.0,70160.0,,,72180.0,,,,,,,,,,,,,,,,,,,,,,,,,,
2016-01-28,,,,,,,,68500.0,69300.0,69790.0,70440.0,70660.0,71080.0,71300.0,71510.0,,,,72800.0,,,,,,,,,,,,,,,,,,,,,,,,,,
2016-01-29,,,,,,,,68400.0,69300.0,69370.0,69600.0,70030.0,70540.0,70600.0,70700.0,,71940.0,72160.0,72010.0,,,,,,,,,,,,,,,,,,,,,,,,,,
2016-02-01,,,,,,,,68800.0,69000.0,69420.0,69420.0,69270.0,70370.0,68980.0,70480.0,,,71880.0,72040.0,,,,,,,,,,,,,,,,,,,,,,,,,,
2016-02-02,,,,,,,,,68510.0,68550.0,68820.0,69000.0,,68700.0,69880.0,,,,71090.0,,,,,,,,,,,,,,,,,,,,,,,,,,
2016-02-03,,,,,,,,68000.0,68180.0,68520.0,69050.0,69210.0,,69340.0,70070.0,69950.0,,,71220.0,,,,,,,,,,,,,,,,,,,,,,,,,,
2016-02-04,,,,,,,,68800.0,68700.0,,68780.0,68960.0,,70080.0,69920.0,,,,71010.0,,,,,,,,,,,,,,,,,,,,,,,,,,
2016-02-05,,,,,,,,68000.0,68750.0,69450.0,69360.0,69730.0,,,70350.0,,,,71680.0,,,,,,,,,,,,,,,,,,,,,,,,,,
2016-02-15,,,,,,,,62400.0,63880.0,64460.0,64950.0,66390.0,,66500.0,64450.0,,,,68260.0,,,,,,,,,,,,,,,,,,,,,,,,,,
2016-02-16,,,,,,,,,65600.0,66320.0,66010.0,69940.0,,67180.0,67020.0,,,67770.0,69490.0,,,,,,,,,,,,,,,,,,,,,,,,,,
2016-02-17,,,,,,,,,65950.0,66200.0,66860.0,66920.0,67190.0,,67680.0,,,,68560.0,70480.0,,,,,,,,,,,,,,,,,,,,,,,,,
2016-02-18,,,,,,,,,65780.0,66520.0,66600.0,66970.0,,66880.0,67300.0,,,,68550.0,,,,,,,,,,,,,,,,,,,,,,,,,,
2016-02-19,,,,,,,,,66140.0,66530.0,66790.0,67210.0,,,67500.0,,,68750.0,68710.0,,,,,,,,,,,,,,,,,,,,,,,,,,
2016-02-22,,,,,,,,,66330.0,66960.0,67150.0,67330.0,,69200.0,68190.0,,,,69270.0,,,,,,,,,,,,,,,,,,,,,,,,,,
2016-02-23,,,,,,,,,68400.0,68840.0,69060.0,69380.0,,,69990.0,,,,71110.0,,,,,,,,,,,,,,,,,,,,,,,,,,
2016-02-24,,,,,,,,,67960.0,68240.0,69100.0,69050.0,69680.0,69790.0,70010.0,,,,71130.0,,,,,,,,,,,,,,,,,,,,,,,,,,
2016-02-25,,,,,,,,,67380.0,67940.0,68350.0,69070.0,68500.0,,69290.0,,,71500.0,70520.0,,,,,,,,,,,,,,,,,,,,,,,,,,
2016-02-26,,,,,,,,,66790.0,67470.0,67960.0,68150.0,68660.0,,69010.0,,,,70110.0,68270.0,,,,,,,,,,,,,,,,,,,,,,,,,
2016-02-29,,,,,,,,,66680.0,67390.0,67500.0,68360.0,68440.0,68500.0,68440.0,,,,69540.0,,,,,,,,,,,,,,,,,,,,,,,,,,
2016-03-01,,,,,,,,,66600.0,66590.0,67220.0,67320.0,,,68350.0,,,,69390.0,69920.0,,,,,,,,,,,,,,,,,,,,,,,,,
2016-03-02,,,,,,,,,67800.0,68200.0,68000.0,68100.0,,69320.0,68990.0,,,,70190.0,70800.0,,,,,,,,,,,,,,,,,,,,,,,,,
2016-03-03,,,,,,,,,68500.0,68800.0,69210.0,69440.0,,,70030.0,,,,71460.0,,,,,,,,,,,,,,,,,,,,,,,,,,
2016-03-04,,,,,,,,,69800.0,69440.0,69550.0,69660.0,70400.0,71390.0,70510.0,71220.0,71730.0,72330.0,71610.0,,,,,,,,,,,,,,,,,,,,,,,,,,
2016-03-07,,,,,,,,,71000.0,71400.0,71340.0,71700.0,73750.0,72260.0,72300.0,,74410.0,73480.0,73270.0,76000.0,,,,,,,,,,,,,,,,,,,,,,,,,
2016-03-08,,,,,,,,,72500.0,74200.0,73860.0,74760.0,75220.0,75650.0,74600.0,75760.0,75720.0,,75750.0,77820.0,,,,,,,,,,,,,,,,,,,,,,,,,
2016-03-09,,,,,,,,,,69700.0,71900.0,71590.0,,72100.0,72910.0,,,,73850.0,70340.0,,,,,,,,,,,,,,,,,,,,,,,,,
2016-03-10,,,,,,,,,68000.0,70010.0,69600.0,70000.0,,70280.0,70500.0,71040.0,,,72040.0,,,,,,,,,,,,,,,,,,,,,,,,,,
2016-03-11,,,,,,,,,,68620.0,69100.0,69290.0,69990.0,69290.0,70350.0,70510.0,,,71300.0,,,,,,,,,,,,,,,,,,,,,,,,,,
2016-03-14,,,,,,,,,,69030.0,69260.0,69480.0,,70660.0,70500.0,,,,71890.0,70790.0,,,,,,,,,,,,,,,,,,,,,,,,,
2016-03-15,,,,,,,,,68180.0,68320.0,69030.0,69380.0,,,70300.0,,,70560.0,71250.0,70300.0,,,,,,,,,,,,,,,,,,,,,,,,,
2016-03-16,,,,,,,,,,67570.0,67880.0,68270.0,,68930.0,69000.0,69340.0,,70060.0,70050.0,70050.0,,,,,,,,,,,,,,,,,,,,,,,,,
2016-03-17,,,,,,,,,,67680.0,67640.0,68530.0,69340.0,,68500.0,,,70330.0,69810.0,,,,,,,,,,,,,,,,,,,,,,,,,,
2016-03-18,,,,,,,,,,68100.0,68500.0,68860.0,70720.0,70460.0,69590.0,70240.0,71110.0,71210.0,71100.0,72080.0,,,,,,,,,,,,,,,,,,,,,,,,,
2016-03-21,,,,,,,,,,69030.0,69750.0,70050.0,69100.0,,70940.0,70700.0,,,72270.0,71700.0,71700.0,,,,,,,,,,,,,,,,,,,,,,,,
2016-03-22,,,,,,,,,,68220.0,68200.0,68700.0,69350.0,69790.0,69370.0,,,70700.0,71040.0,71420.0,,,,,,,,,,,,,,,,,,,,,,,,,
2016-03-23,,,,,,,,,,67830.0,68300.0,68350.0,,69760.0,69490.0,,,,70770.0,71400.0,,,,,,,,,,,,,,,,,,,,,,,,,
2016-03-24,,,,,,,,,,67870.0,68360.0,68420.0,,69390.0,69620.0,69380.0,,,70730.0,70690.0,,,,,,,,,,,,,,,,,,,,,,,,,
2016-03-25,,,,,,,,,,,67980.0,68440.0,,,69000.0,,,,70300.0,,71420.0,,,,,,,,,,,,,,,,,,,,,,,,
2016-03-28,,,,,,,,,,68000.0,68380.0,68740.0,68660.0,68970.0,69520.0,69690.0,,69840.0,70900.0,70860.0,,,,,,,,,,,,,,,,,,,,,,,,,
2016-03-29,,,,,,,,,,67680.0,68180.0,68330.0,68660.0,68580.0,69080.0,,69980.0,,70400.0,,71290.0,,,,,,,,,,,,,,,,,,,,,,,,
2016-03-30,,,,,,,,,,66800.0,68240.0,68000.0,,,69320.0,68660.0,,,70470.0,,,,,,,,,,,,,,,,,,,,,,,,,,
2016-03-31,,,,,,,,,,67330.0,66600.0,66970.0,66610.0,67210.0,67650.0,67310.0,,69320.0,68870.0,69820.0,,,,,,,,,,,,,,,,,,,,,,,,,
2016-04-01,,,,,,,,,,,66070.0,66540.0,67280.0,,67120.0,,,,68530.0,,,,,,,,,,,,,,,,,,,,,,,,,,
2016-04-05,,,,,,,,,,,66060.0,66440.0,,,67020.0,,,,68500.0,,69650.0,,,,,,,,,,,,,,,,,,,,,,,,
2016-04-06,,,,,,,,,,,65530.0,66590.0,66660.0,66960.0,66660.0,,67330.0,68220.0,68240.0,,69680.0,,,,,,,,,,,,,,,,,,,,,,,,
2016-04-07,,,,,,,,,,,66710.0,67210.0,,67880.0,67680.0,67870.0,68190.0,69140.0,68860.0,,,,,,,,,,,,,,,,,,,,,,,,,,
2016-04-08,,,,,,,,,,66000.0,66950.0,66820.0,66520.0,67180.0,67910.0,67710.0,,68380.0,68960.0,69090.0,,,,,,,,,,,,,,,,,,,,,,,,,
2016-04-11,,,,,,,,,,67350.0,66660.0,67250.0,67460.0,67520.0,67600.0,67880.0,,69050.0,68910.0,,69970.0,,,,,,,,,,,,,,,,,,,,,,,,
2016-04-12,,,,,,,,,,67380.0,67500.0,68110.0,67860.0,68460.0,68510.0,68790.0,68140.0,69640.0,69800.0,,70110.0,,,,,,,,,,,,,,,,,,,,,,,,
2016-04-13,,,,,,,,,,69480.0,67800.0,68450.0,68850.0,69300.0,69070.0,69890.0,69480.0,70030.0,70520.0,,71210.0,,,,,,,,,,,,,,,,,,,,,,,,
2016-04-14,,,,,,,,,,,69500.0,69640.0,70660.0,70500.0,70800.0,,71520.0,,72230.0,71840.0,72550.0,,,,,,,,,,,,,,,,,,,,,,,,
2016-04-15,,,,,,,,,,70000.0,69420.0,69920.0,69900.0,71110.0,70880.0,71670.0,72170.0,72010.0,72000.0,72680.0,72760.0,,,,,,,,,,,,,,,,,,,,,,,,
2016-04-18,,,,,,,,,,,68880.0,69460.0,69630.0,69380.0,70330.0,,,,71340.0,,,,,,,,,,,,,,,,,,,,,,,,,,
2016-04-19,,,,,,,,,,,69600.0,71080.0,70880.0,71510.0,71300.0,71930.0,,72520.0,72370.0,73210.0,73620.0,,,,,,,,,,,,,,,,,,,,,,,,
2016-04-20,,,,,,,,,,,69670.0,71000.0,71030.0,71400.0,71340.0,71850.0,72100.0,73220.0,72700.0,73050.0,73160.0,,,,,,,,,,,,,,,,,,,,,,,,
2016-04-21,,,,,,,,,,,70980.0,71350.0,71730.0,72060.0,72300.0,72750.0,73300.0,73290.0,73500.0,,74320.0,,,,,,,,,,,,,,,,,,,,,,,,
2016-04-22,,,,,,,,,,,73360.0,73950.0,73830.0,74060.0,75010.0,73820.0,71880.0,73790.0,75060.0,75550.0,75900.0,75430.0,,,,,,,,,,,,,,,,,,,,,,,
2016-04-25,,,,,,,,,,,70550.0,71060.0,71640.0,71760.0,72000.0,72480.0,71890.0,72880.0,73660.0,73000.0,73710.0,74370.0,,,,,,,,,,,,,,,,,,,,,,,
2016-04-26,,,,,,,,,,,70540.0,72100.0,71230.0,71510.0,71910.0,72100.0,,72950.0,73100.0,72600.0,,,,,,,,,,,,,,,,,,,,,,,,,
2016-04-27,,,,,,,,,,,70020.0,70930.0,70930.0,71500.0,71500.0,72300.0,72050.0,72850.0,72340.0,72420.0,73910.0,,,,,,,,,,,,,,,,,,,,,,,,
2016-04-28,,,,,,,,,,,71170.0,71170.0,71720.0,71770.0,72100.0,72670.0,73150.0,73250.0,72920.0,,,74370.0,,,,,,,,,,,,,,,,,,,,,,,
2016-04-29,,,,,,,,,,,70690.0,71330.0,71640.0,71860.0,72140.0,72400.0,73590.0,73020.0,73040.0,73720.0,74600.0,74630.0,,,,,,,,,,,,,,,,,,,,,,,
2016-05-03,,,,,,,,,,,71620.0,71900.0,72130.0,72740.0,73290.0,73340.0,74100.0,73590.0,74000.0,74060.0,,75940.0,,,,,,,,,,,,,,,,,,,,,,,
2016-05-04,,,,,,,,,,,74400.0,75100.0,74590.0,75430.0,75690.0,76550.0,76100.0,76880.0,76420.0,75920.0,,,,,,,,,,,,,,,,,,,,,,,,,
2016-05-05,,,,,,,,,,,73140.0,73440.0,74230.0,73990.0,74540.0,74640.0,,75990.0,75590.0,,,,,,,,,,,,,,,,,,,,,,,,,,
2016-05-06,,,,,,,,,,,71930.0,70940.0,72830.0,71510.0,73460.0,72780.0,71360.0,73750.0,74590.0,73000.0,72300.0,,,,,,,,,,,,,,,,,,,,,,,,
2016-05-09,,,,,,,,,,,69010.0,69320.0,70240.0,70950.0,70790.0,71410.0,,71740.0,71740.0,72400.0,71000.0,,,,,,,,,,,,,,,,,,,,,,,,
2016-05-10,,,,,,,,,,,67220.0,67520.0,67650.0,69170.0,68920.0,69280.0,,,69980.0,,,,,,,,,,,,,,,,,,,,,,,,,,
2016-05-11,,,,,,,,,,,67830.0,68450.0,69020.0,69190.0,69050.0,70000.0,,70220.0,69990.0,,71230.0,,,,,,,,,,,,,,,,,,,,,,,,
2016-05-12,,,,,,,,,,,67900.0,68150.0,,69560.0,69710.0,69680.0,70550.0,,70680.0,,,,,,,,,,,,,,,,,,,,,,,,,,
2016-05-13,,,,,,,,,,,67180.0,68840.0,70060.0,69600.0,70000.0,70090.0,69360.0,70830.0,70870.0,70190.0,,,,,,,,,,,,,,,,,,,,,,,,,
2016-05-16,,,,,,,,,,,66510.0,66930.0,67410.0,68100.0,68080.0,69250.0,,69140.0,69160.0,,,,,,,,,,,,,,,,,,,,,,,,,,
2016-05-17,,,,,,,,,,,,68240.0,68870.0,68950.0,68880.0,70220.0,69900.0,,69910.0,,71060.0,,71610.0,,,,,,,,,,,,,,,,,,,,,,
2016-05-18,,,,,,,,,,,,68020.0,69020.0,69270.0,69090.0,70090.0,70330.0,69860.0,70180.0,,,,71060.0,,,,,,,,,,,,,,,,,,,,,,
2016-05-19,,,,,,,,,,,,67090.0,67720.0,,68580.0,69220.0,69040.0,,69600.0,,,,70320.0,,,,,,,,,,,,,,,,,,,,,,
2016-05-20,,,,,,,,,,,,66900.0,67550.0,67750.0,68190.0,68390.0,,,69080.0,,,,70010.0,,,,,,,,,,,,,,,,,,,,,,
2016-05-23,,,,,,,,,,,,67370.0,67540.0,68060.0,68530.0,68160.0,68040.0,67880.0,69460.0,,69350.0,,70560.0,,,,,,,,,,,,,,,,,,,,,,
2016-05-24,,,,,,,,,,,,65460.0,66290.0,66710.0,66890.0,67360.0,,67590.0,68160.0,,68860.0,,69110.0,,,,,,,,,,,,,,,,,,,,,,
2016-05-25,,,,,,,,,,,,66000.0,66330.0,66590.0,67190.0,67910.0,67420.0,68330.0,68220.0,,68670.0,68160.0,69470.0,,,,,,,,,,,,,,,,,,,,,,
2016-05-26,,,,,,,,,,,,65990.0,66800.0,67000.0,67080.0,67660.0,,68490.0,68170.0,68850.0,,,69200.0,,,,,,,,,,,,,,,,,,,,,,
2016-05-27,,,,,,,,,,,,66380.0,66060.0,,67280.0,67430.0,,,68260.0,,,,69920.0,,,,,,,,,,,,,,,,,,,,,,
2016-05-30,,,,,,,,,,,,66350.0,66750.0,67190.0,67390.0,67850.0,,68350.0,68300.0,68890.0,69120.0,,69500.0,,,,,,,,,,,,,,,,,,,,,,
2016-05-31,,,,,,,,,,,,65450.0,66730.0,67210.0,67400.0,68010.0,68990.0,68590.0,68480.0,69810.0,69890.0,,69580.0,,,,,,,,,,,,,,,,,,,,,,
2016-06-01,,,,,,,,,,,,66210.0,67270.0,67820.0,68160.0,67450.0,68710.0,69030.0,69140.0,,,,70450.0,,,,,,,,,,,,,,,,,,,,,,
2016-06-02,,,,,,,,,,,,65170.0,66140.0,66940.0,66990.0,67760.0,67670.0,67940.0,68160.0,,,,69220.0,,,,,,,,,,,,,,,,,,,,,,
2016-06-03,,,,,,,,,,,,67640.0,66870.0,67220.0,67320.0,67930.0,68080.0,68360.0,68360.0,68070.0,,69670.0,69720.0,,,,,,,,,,,,,,,,,,,,,,
2016-06-06,,,,,,,,,,,,67010.0,67150.0,67770.0,68100.0,68500.0,,69720.0,69240.0,69230.0,68580.0,,70700.0,,,,,,,,,,,,,,,,,,,,,,
2016-06-07,,,,,,,,,,,,68400.0,68450.0,68890.0,69120.0,69710.0,69740.0,70250.0,70180.0,70550.0,70240.0,71760.0,71530.0,,,,,,,,,,,,,,,,,,,,,,
2016-06-08,,,,,,,,,,,,68000.0,67760.0,,68500.0,69450.0,,69460.0,69590.0,69910.0,,,70800.0,,,,,,,,,,,,,,,,,,,,,,
2016-06-13,,,,,,,,,,,,68990.0,69320.0,69470.0,69600.0,67010.0,70720.0,,71000.0,72590.0,,,71800.0,,,,,,,,,,,,,,,,,,,,,,
2016-06-14,,,,,,,,,,,,69200.0,69630.0,69980.0,70430.0,69930.0,70930.0,71030.0,71690.0,,,,72640.0,,,,,,,,,,,,,,,,,,,,,,
2016-06-15,,,,,,,,,,,,70000.0,69560.0,70100.0,70220.0,70950.0,,,71480.0,71970.0,,,72460.0,,,,,,,,,,,,,,,,,,,,,,
2016-06-16,,,,,,,,,,,,,71040.0,70630.0,71880.0,72120.0,72120.0,72800.0,73980.0,,73400.0,,74700.0,,,,,,,,,,,,,,,,,,,,,,
2016-06-17,,,,,,,,,,,,,69540.0,69630.0,70250.0,70590.0,71210.0,71640.0,71460.0,,71950.0,,72580.0,,,,,,,,,,,,,,,,,,,,,,
2016-06-20,,,,,,,,,,,,,70850.0,70900.0,71600.0,71380.0,71710.0,72480.0,72740.0,72080.0,73750.0,,73710.0,,,,,,,,,,,,,,,,,,,,,,
2016-06-21,,,,,,,,,,,,,72040.0,72070.0,72800.0,72870.0,,73590.0,73930.0,73900.0,74160.0,,74950.0,74920.0,,,,,,,,,,,,,,,,,,,,,
2016-06-22,,,,,,,,,,,,,71450.0,71560.0,72450.0,72600.0,71940.0,72790.0,73650.0,73700.0,,,74630.0,75260.0,,,,,,,,,,,,,,,,,,,,,
2016-06-23,,,,,,,,,,,,,72000.0,72270.0,72750.0,72850.0,72680.0,74030.0,74070.0,,74160.0,,75090.0,,,,,,,,,,,,,,,,,,,,,,
2016-06-24,,,,,,,,,,,,,71500.0,71880.0,72180.0,72710.0,71150.0,73050.0,73500.0,73700.0,72490.0,74180.0,74470.0,73440.0,,,,,,,,,,,,,,,,,,,,,
2016-06-27,,,,,,,,,,,,,69840.0,70310.0,70610.0,71030.0,71320.0,71810.0,71840.0,72360.0,72670.0,72990.0,73050.0,,,,,,,,,,,,,,,,,,,,,,
2016-06-28,,,,,,,,,,,,,70720.0,71380.0,71580.0,71930.0,72370.0,72590.0,72880.0,73080.0,73350.0,73530.0,73870.0,,,,,,,,,,,,,,,,,,,,,,
2016-06-29,,,,,,,,,,,,,71850.0,72190.0,72730.0,73930.0,,73800.0,74020.0,75000.0,,75970.0,75400.0,,,,,,,,,,,,,,,,,,,,,,
2016-06-30,,,,,,,,,,,,,72860.0,73430.0,73600.0,74730.0,75640.0,74910.0,75000.0,75660.0,,76980.0,76250.0,77010.0,,,,,,,,,,,,,,,,,,,,,
2016-07-01,,,,,,,,,,,,,72930.0,73530.0,74730.0,74480.0,75410.0,75850.0,76260.0,75660.0,75620.0,,77250.0,,,,,,,,,,,,,,,,,,,,,,
2016-07-04,,,,,,,,,,,,,77290.0,75200.0,75700.0,79200.0,77000.0,78680.0,77100.0,80000.0,80940.0,,78410.0,,,,,,,,,,,,,,,,,,,,,,
2016-07-05,,,,,,,,,,,,,81050.0,82520.0,80950.0,83660.0,81990.0,81820.0,82020.0,81490.0,83820.0,,84380.0,85010.0,,,,,,,,,,,,,,,,,,,,,
2016-07-06,,,,,,,,,,,,,,80010.0,80660.0,77320.0,81320.0,82790.0,82100.0,79160.0,82510.0,80190.0,83690.0,,,,,,,,,,,,,,,,,,,,,,
2016-07-07,,,,,,,,,,,,,79000.0,76530.0,77410.0,78500.0,78490.0,78550.0,78540.0,79090.0,80240.0,79870.0,80080.0,80590.0,,,,,,,,,,,,,,,,,,,,,
2016-07-08,,,,,,,,,,,,,,76810.0,77480.0,78350.0,79170.0,79090.0,79110.0,79720.0,80230.0,,80300.0,79500.0,,,,,,,,,,,,,,,,,,,,,
2016-07-11,,,,,,,,,,,,,76800.0,77030.0,77510.0,77940.0,78240.0,79360.0,79690.0,79210.0,79540.0,,80600.0,80500.0,,,,,,,,,,,,,,,,,,,,,
2016-07-12,,,,,,,,,,,,,,79190.0,79450.0,80760.0,80780.0,81070.0,80880.0,81550.0,,,82340.0,82560.0,,,,,,,,,,,,,,,,,,,,,
2016-07-13,,,,,,,,,,,,,81390.0,80880.0,81400.0,82050.0,82000.0,82480.0,82980.0,83410.0,84000.0,,84100.0,,,,,,,,,,,,,,,,,,,,,,
2016-07-14,,,,,,,,,,,,,79300.0,80880.0,80800.0,81230.0,82230.0,80980.0,82450.0,83200.0,82700.0,83560.0,83000.0,,,,,,,,,,,,,,,,,,,,,,
2016-07-15,,,,,,,,,,,,,,80900.0,81590.0,82160.0,,82010.0,83090.0,,,,84400.0,84010.0,,,,,,,,,,,,,,,,,,,,,
2016-07-18,,,,,,,,,,,,,,81300.0,81610.0,82140.0,,83040.0,83320.0,83030.0,,,84690.0,84630.0,,,,,,,,,,,,,,,,,,,,,
2016-07-19,,,,,,,,,,,,,,80610.0,81000.0,82000.0,82210.0,81760.0,82510.0,84000.0,84660.0,,83960.0,,,,,,,,,,,,,,,,,,,,,,
2016-07-20,,,,,,,,,,,,,,81160.0,81750.0,,82010.0,83020.0,83400.0,83900.0,83660.0,,84730.0,84960.0,,,,,,,,,,,,,,,,,,,,,
2016-07-21,,,,,,,,,,,,,,81260.0,81080.0,81870.0,81760.0,82220.0,82500.0,82850.0,,,83930.0,,,,,,,,,,,,,,,,,,,,,,
2016-07-22,,,,,,,,,,,,,,82310.0,82880.0,83900.0,83830.0,84800.0,84470.0,85180.0,,,85830.0,85990.0,,,,,,,,,,,,,,,,,,,,,
2016-07-25,,,,,,,,,,,,,,79500.0,81600.0,82660.0,82380.0,82260.0,83000.0,81940.0,,,84310.0,83810.0,,,,,,,,,,,,,,,,,,,,,
2016-07-26,,,,,,,,,,,,,,79900.0,80700.0,80530.0,80750.0,80220.0,82200.0,82450.0,82100.0,,83500.0,,,,,,,,,,,,,,,,,,,,,,
2016-07-27,,,,,,,,,,,,,,80150.0,79310.0,79950.0,81030.0,80320.0,80790.0,81540.0,82340.0,82490.0,82250.0,83860.0,,,,,,,,,,,,,,,,,,,,,
2016-07-28,,,,,,,,,,,,,,79450.0,79920.0,80020.0,,81340.0,81490.0,81820.0,82770.0,,82700.0,83730.0,,,,,,,,,,,,,,,,,,,,,
2016-07-29,,,,,,,,,,,,,,80500.0,81500.0,81840.0,81420.0,81810.0,83100.0,82330.0,83010.0,82900.0,84580.0,83730.0,,,,,,,,,,,,,,,,,,,,,
2016-08-01,,,,,,,,,,,,,,80280.0,80680.0,80760.0,,81590.0,82100.0,,83950.0,,83300.0,85600.0,83450.0,,,,,,,,,,,,,,,,,,,,
2016-08-02,,,,,,,,,,,,,,81500.0,82200.0,82500.0,83220.0,83600.0,83760.0,83930.0,84750.0,85150.0,85130.0,,85190.0,,,,,,,,,,,,,,,,,,,,
2016-08-03,,,,,,,,,,,,,,83000.0,83380.0,83770.0,84420.0,84700.0,85290.0,85540.0,85610.0,,86560.0,85760.0,,,,,,,,,,,,,,,,,,,,,
2016-08-04,,,,,,,,,,,,,,82300.0,82300.0,82560.0,82970.0,82600.0,84010.0,84080.0,83000.0,,85460.0,84500.0,,,,,,,,,,,,,,,,,,,,,
2016-08-05,,,,,,,,,,,,,,,80150.0,81200.0,82330.0,81640.0,81600.0,82380.0,,,83150.0,,,,,,,,,,,,,,,,,,,,,,
2016-08-08,,,,,,,,,,,,,,82280.0,81040.0,81380.0,,83220.0,82700.0,,,,84010.0,,,,,,,,,,,,,,,,,,,,,,
2016-08-09,,,,,,,,,,,,,,81800.0,82700.0,83380.0,,83530.0,84400.0,84040.0,,,85580.0,86190.0,,,,,,,,,,,,,,,,,,,,,
2016-08-10,,,,,,,,,,,,,,81710.0,81850.0,82430.0,,,83450.0,83880.0,,,84720.0,,,,,,,,,,,,,,,,,,,,,,
2016-08-11,,,,,,,,,,,,,,,82710.0,83200.0,82890.0,84000.0,84500.0,84990.0,,,85990.0,,,,,,,,,,,,,,,,,,,,,,
2016-08-12,,,,,,,,,,,,,,81000.0,81760.0,82030.0,82590.0,82900.0,83300.0,83690.0,,,84570.0,85250.0,,,,,,,,,,,,,,,,,,,,,
2016-08-15,,,,,,,,,,,,,,79050.0,80750.0,81000.0,81710.0,80670.0,82080.0,83490.0,82830.0,,83990.0,,,,,,,,,,,,,,,,,,,,,,
2016-08-16,,,,,,,,,,,,,,,79620.0,80200.0,81340.0,81350.0,81310.0,81860.0,,,82420.0,,,,,,,,,,,,,,,,,,,,,,
2016-08-17,,,,,,,,,,,,,,,79710.0,80130.0,80360.0,80450.0,81380.0,80630.0,,,82770.0,,,,,,,,,,,,,,,,,,,,,,
2016-08-18,,,,,,,,,,,,,,,79580.0,79710.0,80230.0,,81050.0,82070.0,81880.0,,82460.0,,,,,,,,,,,,,,,,,,,,,,
2016-08-19,,,,,,,,,,,,,,,79920.0,79950.0,80710.0,80990.0,81530.0,,82060.0,,83020.0,,,,,,,,,,,,,,,,,,,,,,
2016-08-22,,,,,,,,,,,,,,,79560.0,80110.0,,80870.0,81400.0,80190.0,,,82720.0,,83360.0,,,,,,,,,,,,,,,,,,,,
2016-08-23,,,,,,,,,,,,,,,79000.0,79550.0,80430.0,,80520.0,80940.0,81940.0,,82030.0,,,,,,,,,,,,,,,,,,,,,,
2016-08-24,,,,,,,,,,,,,,,78720.0,80090.0,,80790.0,81270.0,81330.0,,,82650.0,,,,,,,,,,,,,,,,,,,,,,
2016-08-25,,,,,,,,,,,,,,,79380.0,79860.0,77400.0,80170.0,81120.0,78330.0,,,82450.0,,,81060.0,,,,,,,,,,,,,,,,,,,
2016-08-26,,,,,,,,,,,,,,,76660.0,77680.0,,77920.0,77900.0,,,,79150.0,80250.0,,80650.0,,,,,,,,,,,,,,,,,,,
2016-08-29,,,,,,,,,,,,,,,76950.0,77030.0,,78080.0,78310.0,78590.0,,,79600.0,,,,,,,,,,,,,,,,,,,,,,
2016-08-30,,,,,,,,,,,,,,,77010.0,77390.0,78310.0,78000.0,78610.0,79120.0,,,79850.0,,,,,,,,,,,,,,,,,,,,,,
2016-08-31,,,,,,,,,,,,,,,76570.0,77060.0,77560.0,78150.0,77980.0,78540.0,,,79210.0,80160.0,,,,,,,,,,,,,,,,,,,,,
2016-09-01,,,,,,,,,,,,,,,76620.0,77260.0,78090.0,77930.0,78000.0,78560.0,,,79340.0,,,,,,,,,,,,,,,,,,,,,,
2016-09-02,,,,,,,,,,,,,,,77170.0,78610.0,79010.0,78180.0,78530.0,80400.0,,,79890.0,81140.0,,80500.0,,,,,,,,,,,,,,,,,,,
2016-09-05,,,,,,,,,,,,,,,78540.0,79300.0,79820.0,79760.0,80020.0,,,80820.0,80600.0,,,,,,,,,,,,,,,,,,,,,,
2016-09-06,,,,,,,,,,,,,,,78870.0,78890.0,79520.0,79820.0,80370.0,,,,81570.0,,,,,,,,,,,,,,,,,,,,,,
2016-09-07,,,,,,,,,,,,,,,79310.0,79380.0,80910.0,80610.0,80910.0,,,,82280.0,,,,,,,,,,,,,,,,,,,,,,
2016-09-08,,,,,,,,,,,,,,,79770.0,80100.0,80470.0,80860.0,81150.0,80620.0,,82110.0,82250.0,,,,,,,,,,,,,,,,,,,,,,
2016-09-09,,,,,,,,,,,,,,,79850.0,79940.0,80190.0,80870.0,81400.0,,,,82560.0,,,,,,,,,,,,,,,,,,,,,,
2016-09-12,,,,,,,,,,,,,,,79900.0,80120.0,80300.0,79120.0,81400.0,,,,82740.0,,,81000.0,,,,,,,,,,,,,,,,,,,
2016-09-13,,,,,,,,,,,,,,,78150.0,78400.0,,78450.0,78820.0,79000.0,,,80330.0,,,,,,,,,,,,,,,,,,,,,,
2016-09-14,,,,,,,,,,,,,,,77200.0,78000.0,77590.0,77870.0,79190.0,79490.0,79140.0,,80470.0,,,,,,,,,,,,,,,,,,,,,,
2016-09-19,,,,,,,,,,,,,,,76810.0,77640.0,78100.0,78500.0,77990.0,,79680.0,,79270.0,,,,,,,,,,,,,,,,,,,,,,
2016-09-20,,,,,,,,,,,,,,,,78290.0,78730.0,79070.0,79100.0,79980.0,,,80280.0,,,,82600.0,,,,,,,,,,,,,,,,,,
2016-09-21,,,,,,,,,,,,,,,,79260.0,79590.0,,80690.0,76900.0,,,81990.0,,,,,,,,,,,,,,,,,,,,,,
2016-09-22,,,,,,,,,,,,,,,,79840.0,79930.0,80930.0,80850.0,81100.0,81980.0,82090.0,82300.0,84020.0,83620.0,,83120.0,,,,,,,,,,,,,,,,,,
2016-09-23,,,,,,,,,,,,,,,,81140.0,81280.0,81250.0,82260.0,82600.0,,82570.0,83610.0,84130.0,,,84950.0,,,,,,,,,,,,,,,,,,
2016-09-26,,,,,,,,,,,,,,,,81540.0,81470.0,81950.0,82660.0,82810.0,,,83880.0,84000.0,,,84970.0,,,,,,,,,,,,,,,,,,
2016-09-27,,,,,,,,,,,,,,,,79800.0,80940.0,81340.0,81550.0,81830.0,,,82780.0,,,,84320.0,,,,,,,,,,,,,,,,,,
2016-09-28,,,,,,,,,,,,,,,,82010.0,81200.0,82120.0,82880.0,82630.0,,,84100.0,,,,84520.0,,,,,,,,,,,,,,,,,,
2016-09-29,,,,,,,,,,,,,,,,80490.0,81230.0,81710.0,81920.0,83730.0,,,83260.0,,,82440.0,84680.0,,,,,,,,,,,,,,,,,,
2016-09-30,,,,,,,,,,,,,,,,79040.0,80260.0,81170.0,81800.0,,,,83770.0,,,,84570.0,,,,,,,,,,,,,,,,,,
2016-10-10,,,,,,,,,,,,,,,,79600.0,,81090.0,80720.0,,,,82020.0,,,,83740.0,,,,,,,,,,,,,,,,,,
2016-10-11,,,,,,,,,,,,,,,,82500.0,81860.0,81050.0,81470.0,82790.0,82300.0,83350.0,82790.0,,,84910.0,84550.0,,,,,,,,,,,,,,,,,,
2016-10-12,,,,,,,,,,,,,,,,,81450.0,81950.0,82490.0,82880.0,,,83800.0,,,,85260.0,,,,,,,,,,,,,,,,,,
2016-10-13,,,,,,,,,,,,,,,,81000.0,81160.0,82280.0,82760.0,82810.0,,,84320.0,,,84830.0,85410.0,,,,,,,,,,,,,,,,,,
2016-10-14,,,,,,,,,,,,,,,,81600.0,,81420.0,81090.0,81580.0,82390.0,,82660.0,,82740.0,,83940.0,,,,,,,,,,,,,,,,,,
2016-10-17,,,,,,,,,,,,,,,,,81140.0,81540.0,81700.0,82580.0,83980.0,,83040.0,,,,84340.0,,,,,,,,,,,,,,,,,,
2016-10-18,,,,,,,,,,,,,,,,,,80890.0,81950.0,82300.0,82700.0,82750.0,83540.0,,83240.0,83890.0,84760.0,84380.0,,,,,,,,,,,,,,,,,
2016-10-19,,,,,,,,,,,,,,,,,80000.0,81650.0,81700.0,82320.0,82660.0,,83160.0,,,82960.0,84710.0,,,,,,,,,,,,,,,,,,
2016-10-20,,,,,,,,,,,,,,,,,79930.0,80050.0,80650.0,81000.0,82660.0,,82350.0,81810.0,82780.0,83120.0,83440.0,84320.0,,,,,,,,,,,,,,,,,
2016-10-21,,,,,,,,,,,,,,,,,79500.0,79470.0,80400.0,80050.0,81210.0,,81920.0,,,,83180.0,,,,,,,,,,,,,,,,,,
2016-10-24,,,,,,,,,,,,,,,,,78960.0,79550.0,79280.0,79640.0,,81490.0,80840.0,,,83200.0,82160.0,,,,,,,,,,,,,,,,,,
2016-10-25,,,,,,,,,,,,,,,,,81480.0,80750.0,80200.0,81430.0,83270.0,,81800.0,,,,83220.0,85600.0,,,,,,,,,,,,,,,,,
2016-10-26,,,,,,,,,,,,,,,,,81600.0,81580.0,81700.0,81900.0,82040.0,81630.0,83000.0,83180.0,82960.0,83680.0,84430.0,,,,,,,,,,,,,,,,,,
2016-10-27,,,,,,,,,,,,,,,,,80930.0,82220.0,80950.0,81990.0,81750.0,82360.0,82350.0,,,,83800.0,,,,,,,,,,,,,,,,,,
2016-10-28,,,,,,,,,,,,,,,,,80980.0,81960.0,81600.0,82490.0,83480.0,83180.0,82960.0,,84460.0,,84080.0,,,,,,,,,,,,,,,,,,
2016-10-31,,,,,,,,,,,,,,,,,80170.0,82010.0,82650.0,82640.0,83350.0,,83920.0,,84760.0,,85180.0,86150.0,,,,,,,,,,,,,,,,,
2016-11-01,,,,,,,,,,,,,,,,,,83610.0,83910.0,83760.0,,85000.0,85250.0,85040.0,85580.0,85830.0,86660.0,87340.0,,,,,,,,,,,,,,,,,
2016-11-02,,,,,,,,,,,,,,,,,,81770.0,83410.0,84210.0,85200.0,,84830.0,85330.0,,,86340.0,,,,,,,,,,,,,,,,,,
2016-11-03,,,,,,,,,,,,,,,,,,82240.0,82700.0,82910.0,83780.0,,84000.0,85260.0,,,85280.0,86440.0,,,,,,,,,,,,,,,,,
2016-11-04,,,,,,,,,,,,,,,,,,83160.0,83500.0,83800.0,84530.0,,84900.0,85260.0,,,86370.0,,,,,,,,,,,,,,,,,,
2016-11-07,,,,,,,,,,,,,,,,,86600.0,83790.0,82980.0,83180.0,88300.0,85310.0,84420.0,85360.0,89820.0,90000.0,85620.0,88000.0,,,,,,,,,,,,,,,,,
2016-11-08,,,,,,,,,,,,,,,,,,87360.0,87930.0,88210.0,89720.0,88540.0,89490.0,89500.0,88970.0,90320.0,91090.0,90970.0,,,,,,,,,,,,,,,,,
2016-11-09,,,,,,,,,,,,,,,,,90000.0,89210.0,89450.0,89800.0,90900.0,90710.0,90980.0,91070.0,,,92510.0,,,,,,,,,,,,,,,,,,
2016-11-10,,,,,,,,,,,,,,,,,94070.0,92010.0,92000.0,91960.0,94490.0,96550.0,93080.0,94610.0,,93900.0,94650.0,97000.0,,,,,,,,,,,,,,,,,
2016-11-11,,,,,,,,,,,,,,,,,95600.0,94310.0,95800.0,93590.0,95120.0,96920.0,96990.0,96860.0,,95770.0,98420.0,98040.0,,,,,,,,,,,,,,,,,
2016-11-14,,,,,,,,,,,,,,,,,91000.0,97110.0,96100.0,95890.0,100100.0,91310.0,97510.0,97190.0,98250.0,92500.0,98990.0,99150.0,,,,,,,,,,,,,,,,,
2016-11-15,,,,,,,,,,,,,,,,,90500.0,90890.0,91340.0,91800.0,92020.0,92780.0,93100.0,93630.0,93510.0,96020.0,94850.0,93000.0,,,,,,,,,,,,,,,,,
2016-11-16,,,,,,,,,,,,,,,,,,,90890.0,91340.0,91950.0,93230.0,92440.0,94130.0,93290.0,,93600.0,,,,,,,,,,,,,,,,,,
2016-11-17,,,,,,,,,,,,,,,,,,91560.0,91830.0,93000.0,92810.0,93240.0,93500.0,93550.0,,94250.0,94510.0,94670.0,,,,,,,,,,,,,,,,,
2016-11-18,,,,,,,,,,,,,,,,,,91450.0,91490.0,90960.0,91390.0,93260.0,93050.0,93580.0,,92130.0,94990.0,94830.0,94480.0,,,,,,,,,,,,,,,,
2016-11-21,,,,,,,,,,,,,,,,,,90430.0,90720.0,86000.0,91120.0,,92320.0,90600.0,92180.0,91770.0,93820.0,94120.0,93000.0,,,,,,,,,,,,,,,,
2016-11-22,,,,,,,,,,,,,,,,,,91090.0,91600.0,92310.0,92480.0,92580.0,93100.0,93150.0,,95480.0,94650.0,96280.0,,,,,,,,,,,,,,,,,
2016-11-23,,,,,,,,,,,,,,,,,,92700.0,93110.0,93080.0,94050.0,94270.0,94300.0,94980.0,,94670.0,95810.0,,,,,,,,,,,,,,,,,,
2016-11-24,,,,,,,,,,,,,,,,,,92210.0,92780.0,94900.0,95510.0,95200.0,94180.0,95340.0,,98070.0,95340.0,97500.0,99750.0,,,,,,,,,,,,,,,,
2016-11-25,,,,,,,,,,,,,,,,,,95000.0,94690.0,95340.0,95520.0,,96340.0,96740.0,,97640.0,97770.0,98930.0,97630.0,,,,,,,,,,,,,,,,
2016-11-28,,,,,,,,,,,,,,,,,,92370.0,94990.0,94950.0,96060.0,,96550.0,97000.0,96660.0,97470.0,97920.0,100750.0,,,,,,,,,,,,,,,,,
2016-11-29,,,,,,,,,,,,,,,,,,95500.0,96850.0,96870.0,96770.0,98160.0,98500.0,98900.0,,99220.0,100000.0,99150.0,,,,,,,,,,,,,,,,,
2016-11-30,,,,,,,,,,,,,,,,,,92800.0,93350.0,93640.0,94550.0,93320.0,95010.0,94610.0,,93820.0,96580.0,96640.0,96690.0,,,,,,,,,,,,,,,,
2016-12-01,,,,,,,,,,,,,,,,,,90000.0,90300.0,91360.0,91620.0,91460.0,91890.0,93200.0,90570.0,94040.0,94010.0,,,,,,,,,,,,,,,,,,
2016-12-02,,,,,,,,,,,,,,,,,,90000.0,91400.0,92100.0,,,92960.0,,,92910.0,94550.0,94690.0,,,,,,,,,,,,,,,,,
2016-12-05,,,,,,,,,,,,,,,,,,93790.0,90700.0,91790.0,,95070.0,92500.0,96060.0,,93350.0,93900.0,,,,,,,,,,,,,,,,,,
2016-12-06,,,,,,,,,,,,,,,,,,93050.0,94570.0,99630.0,96080.0,,96200.0,96900.0,,97490.0,97510.0,96240.0,,,,,,,,,,,,,,,,,
2016-12-07,,,,,,,,,,,,,,,,,,94000.0,93810.0,93850.0,95850.0,,95350.0,,,96770.0,96620.0,,,,,,,,,,,,,,,,,,
2016-12-08,,,,,,,,,,,,,,,,,,,95390.0,95520.0,96430.0,,96660.0,,,,98060.0,97000.0,,,,,,,,,,,,,,,,,
2016-12-09,,,,,,,,,,,,,,,,,,92000.0,93530.0,94210.0,92700.0,95320.0,95350.0,94470.0,,,96260.0,96500.0,,,,,,,,,,,,,,,,,
2016-12-12,,,,,,,,,,,,,,,,,,94000.0,93740.0,94340.0,94960.0,101710.0,95150.0,95520.0,,,96400.0,97600.0,97600.0,,,,,,,,,,,,,,,,
2016-12-13,,,,,,,,,,,,,,,,,,93000.0,92270.0,93410.0,94830.0,95000.0,94650.0,95090.0,,,95900.0,,,,,,,,,,,,,,,,,,
2016-12-14,,,,,,,,,,,,,,,,,,94800.0,94460.0,94530.0,,96310.0,96230.0,97190.0,,,97420.0,,,,,,,,,,,,,,,,,,
2016-12-15,,,,,,,,,,,,,,,,,,93000.0,93830.0,94440.0,95080.0,95560.0,96390.0,96040.0,,,97720.0,,,,,,,,,,,,,,,,,,
2016-12-16,,,,,,,,,,,,,,,,,,,93770.0,94270.0,94910.0,,95200.0,95750.0,,97150.0,96870.0,,,,,,,,,,,,,,,,,,
2016-12-19,,,,,,,,,,,,,,,,,,,93030.0,93950.0,94920.0,94660.0,94500.0,94650.0,,,96190.0,,,,,,,,,,,,,,,,,,
2016-12-20,,,,,,,,,,,,,,,,,,,91590.0,91620.0,92350.0,92380.0,93000.0,93610.0,,,94550.0,,,94910.0,,,,,,,,,,,,,,,
2016-12-21,,,,,,,,,,,,,,,,,,,92350.0,91440.0,92120.0,92700.0,92510.0,92690.0,,,93960.0,,,94860.0,,,,,,,,,,,,,,,
2016-12-22,,,,,,,,,,,,,,,,,,,90830.0,89600.0,92100.0,92310.0,92490.0,92720.0,,,93880.0,93900.0,,,,,,,,,,,,,,,,,
2016-12-23,,,,,,,,,,,,,,,,,,,88210.0,88850.0,89790.0,,89800.0,89960.0,,,91330.0,,,,,,,,,,,,,,,,,,
2016-12-26,,,,,,,,,,,,,,,,,,,88250.0,88780.0,84000.0,87850.0,89940.0,89400.0,,,91010.0,88000.0,,89640.0,,,,,,,,,,,,,,,
2016-12-27,,,,,,,,,,,,,,,,,,,82620.0,83170.0,84200.0,84590.0,84320.0,84960.0,,85480.0,85550.0,86300.0,87930.0,87080.0,,,,,,,,,,,,,,,
2016-12-28,,,,,,,,,,,,,,,,,,,84560.0,84400.0,85010.0,,85500.0,86460.0,,,86720.0,,90480.0,,,,,,,,,,,,,,,,
2016-12-29,,,,,,,,,,,,,,,,,,,84100.0,85130.0,85310.0,85690.0,85850.0,85720.0,,,87390.0,,88500.0,87700.0,,,,,,,,,,,,,,,
2016-12-30,,,,,,,,,,,,,,,,,,,84000.0,85130.0,,85060.0,85850.0,85910.0,,85980.0,87300.0,,88290.0,90100.0,,,,,,,,,,,,,,,
2017-01-03,,,,,,,,,,,,,,,,,,,83890.0,84940.0,86010.0,85470.0,85560.0,86450.0,,,87490.0,,88650.0,,,,,,,,,,,,,,,,
2017-01-04,,,,,,,,,,,,,,,,,,,84440.0,85170.0,85570.0,85560.0,86250.0,83940.0,,,87540.0,,,85660.0,,,,,,,,,,,,,,,
2017-01-05,,,,,,,,,,,,,,,,,,,83280.0,84980.0,84040.0,85250.0,84710.0,85880.0,,,86400.0,,,87980.0,,,,,,,,,,,,,,,
2017-01-06,,,,,,,,,,,,,,,,,,,83800.0,84000.0,84420.0,,85300.0,85550.0,,,86660.0,,,,,,,,,,,,,,,,,,
2017-01-09,,,,,,,,,,,,,,,,,,,83310.0,84040.0,84070.0,85440.0,85050.0,86520.0,,,86340.0,,,,,,,,,,,,,,,,,,
2017-01-10,,,,,,,,,,,,,,,,,,,84470.0,85740.0,85400.0,85850.0,86180.0,86380.0,,,86980.0,89210.0,89640.0,,,,,,,,,,,,,,,,
2017-01-11,,,,,,,,,,,,,,,,,,,86100.0,86700.0,87070.0,,87560.0,88230.0,,,88710.0,90010.0,,,,,,,,,,,,,,,,,
2017-01-12,,,,,,,,,,,,,,,,,,,85220.0,,86620.0,85730.0,87310.0,87830.0,87130.0,,88940.0,89450.0,,,,,,,,,,,,,,,,,
2017-01-13,,,,,,,,,,,,,,,,,,,83200.0,83630.0,85130.0,83650.0,83590.0,86080.0,87170.0,,85490.0,,,88700.0,,,,,,,,,,,,,,,
2017-01-16,,,,,,,,,,,,,,,,,,,85380.0,85850.0,84890.0,86810.0,85150.0,86800.0,86740.0,,86720.0,,88880.0,,,,,,,,,,,,,,,,
2017-01-17,,,,,,,,,,,,,,,,,,,,85020.0,86410.0,,86370.0,87150.0,87020.0,,88000.0,,88500.0,,77330.0,,,,,,,,,,,,,,
2017-01-18,,,,,,,,,,,,,,,,,,,,83900.0,85000.0,84480.0,85400.0,85260.0,85210.0,,86980.0,87450.0,,87730.0,88500.0,,,,,,,,,,,,,,
2017-01-19,,,,,,,,,,,,,,,,,,,,83800.0,84430.0,85030.0,85220.0,85760.0,85600.0,,86570.0,,,,87950.0,,,,,,,,,,,,,,
2017-01-20,,,,,,,,,,,,,,,,,,,,83160.0,83480.0,84520.0,84500.0,84400.0,84580.0,,86150.0,,,,87690.0,,,,,,,,,,,,,,
2017-01-23,,,,,,,,,,,,,,,,,,,,81220.0,82650.0,82650.0,82000.0,83550.0,84020.0,,83450.0,,85140.0,,84940.0,,,,,,,,,,,,,,
2017-01-24,,,,,,,,,,,,,,,,,,,,80750.0,81600.0,82880.0,82420.0,83060.0,83260.0,,83970.0,,,,84990.0,,,,,,,,,,,,,,
2017-01-25,,,,,,,,,,,,,,,,,,,,80560.0,81450.0,82410.0,82650.0,82680.0,82550.0,83670.0,84020.0,,,,85670.0,,,,,,,,,,,,,,
2017-01-26,,,,,,,,,,,,,,,,,,,,81000.0,81330.0,80910.0,81220.0,,,82990.0,82870.0,,,,84870.0,,,,,,,,,,,,,,
2017-02-03,,,,,,,,,,,,,,,,,,,,82950.0,84930.0,84350.0,85800.0,85670.0,,,87010.0,86390.0,,,88690.0,,,,,,,,,,,,,,
2017-02-06,,,,,,,,,,,,,,,,,,,,,85510.0,85340.0,84910.0,85900.0,86090.0,86230.0,86470.0,,,87930.0,86800.0,,,,,,,,,,,,,,
2017-02-07,,,,,,,,,,,,,,,,,,,,,85390.0,85740.0,86300.0,86480.0,,87220.0,87950.0,88250.0,,,89710.0,,,,,,,,,,,,,,
2017-02-08,,,,,,,,,,,,,,,,,,,,84500.0,85510.0,85810.0,86320.0,86730.0,,86630.0,87910.0,88220.0,,88290.0,89440.0,,,,,,,,,,,,,,
2017-02-09,,,,,,,,,,,,,,,,,,,,,86130.0,87000.0,87050.0,87210.0,86700.0,,88820.0,88740.0,,,91180.0,,,,,,,,,,,,,,
2017-02-10,,,,,,,,,,,,,,,,,,,,,85720.0,85550.0,86850.0,86980.0,,87340.0,88560.0,,,,90000.0,,,,,,,,,,,,,,
2017-02-13,,,,,,,,,,,,,,,,,,,,87500.0,86430.0,87730.0,86980.0,88630.0,,90620.0,88550.0,,,,90360.0,,,,,,,,,,,,,,
2017-02-14,,,,,,,,,,,,,,,,,,,,88000.0,88700.0,89090.0,89380.0,89990.0,,91700.0,91140.0,,,91160.0,92720.0,,,,,,,,,,,,,,
2017-02-15,,,,,,,,,,,,,,,,,,,,,89330.0,89220.0,90480.0,89770.0,89830.0,91190.0,92030.0,91990.0,,,93810.0,,,,,,,,,,,,,,
2017-02-16,,,,,,,,,,,,,,,,,,,,,89230.0,89280.0,89760.0,89450.0,92900.0,,91400.0,92150.0,,92650.0,92860.0,,,,,,,,,,,,,,
2017-02-17,,,,,,,,,,,,,,,,,,,,,89870.0,90380.0,90500.0,91360.0,,92000.0,92120.0,92650.0,93630.0,93260.0,93680.0,,,,,,,,,,,,,,
2017-02-20,,,,,,,,,,,,,,,,,,,,,90000.0,90930.0,90890.0,92050.0,,,92470.0,,93430.0,93590.0,94240.0,93510.0,,,,,,,,,,,,,
2017-02-21,,,,,,,,,,,,,,,,,,,,,89920.0,91800.0,91830.0,91900.0,92510.0,92640.0,93330.0,93330.0,,94470.0,94950.0,93540.0,,,,,,,,,,,,,
2017-02-22,,,,,,,,,,,,,,,,,,,,,89480.0,,91660.0,90900.0,91990.0,92020.0,93180.0,,,93530.0,95010.0,95010.0,,,,,,,,,,,,,
2017-02-23,,,,,,,,,,,,,,,,,,,,,89130.0,89500.0,89640.0,89750.0,90300.0,,91270.0,92080.0,92780.0,92580.0,93080.0,,,,,,,,,,,,,,
2017-02-24,,,,,,,,,,,,,,,,,,,,,87890.0,88630.0,88800.0,88430.0,,90240.0,90610.0,90850.0,91110.0,92090.0,92370.0,,,,,,,,,,,,,,
2017-02-27,,,,,,,,,,,,,,,,,,,,,88170.0,88410.0,89000.0,90640.0,92390.0,,90730.0,91160.0,,92250.0,92570.0,,,,,,,,,,,,,,
2017-02-28,,,,,,,,,,,,,,,,,,,,,90010.0,90510.0,90940.0,91220.0,91930.0,92000.0,92630.0,93130.0,92920.0,94220.0,94430.0,,,,,,,,,,,,,,
2017-03-01,,,,,,,,,,,,,,,,,,,,,90400.0,90500.0,90800.0,90920.0,90650.0,91520.0,92600.0,,,94320.0,94150.0,,,,,,,,,,,,,,
2017-03-02,,,,,,,,,,,,,,,,,,,,,,89960.0,91270.0,92150.0,,92850.0,92920.0,93720.0,,,94870.0,,,,,,,,,,,,,,
2017-03-03,,,,,,,,,,,,,,,,,,,,,,90430.0,90880.0,90920.0,,,92650.0,,,,94300.0,,,,,,,,,,,,,,
2017-03-06,,,,,,,,,,,,,,,,,,,,,,90620.0,90850.0,91910.0,,,92490.0,93360.0,,94710.0,94260.0,,,,,,,,,,,,,,
2017-03-07,,,,,,,,,,,,,,,,,,,,,89900.0,90340.0,91050.0,91190.0,91460.0,92200.0,92790.0,93420.0,,93730.0,94380.0,,,,,,,,,,,,,,
2017-03-08,,,,,,,,,,,,,,,,,,,,,,90410.0,91000.0,90900.0,,91930.0,92670.0,,,91950.0,94360.0,,,,,,,,,,,,,,
2017-03-09,,,,,,,,,,,,,,,,,,,,,,87520.0,87980.0,88440.0,85490.0,86000.0,89730.0,90000.0,,89130.0,91800.0,,,,,,,,,,,,,,
2017-03-10,,,,,,,,,,,,,,,,,,,,,,84410.0,83910.0,85120.0,,85720.0,85630.0,,87470.0,87050.0,87600.0,,,,,,,,,,,,,,
2017-03-13,,,,,,,,,,,,,,,,,,,,,83610.0,82660.0,83850.0,84700.0,,86290.0,85510.0,,,87640.0,87200.0,,,,,,,,,,,,,,
2017-03-14,,,,,,,,,,,,,,,,,,,,,77760.0,84060.0,84160.0,84590.0,85310.0,,85820.0,86430.0,,87270.0,87730.0,,,,,,,,,,,,,,
2017-03-15,,,,,,,,,,,,,,,,,,,,,,84060.0,84200.0,84630.0,85160.0,,85900.0,,,87030.0,87760.0,89230.0,,,,,,,,,,,,,
2017-03-16,,,,,,,,,,,,,,,,,,,,,,85170.0,85080.0,85640.0,86500.0,86640.0,86810.0,88220.0,,88830.0,88690.0,89470.0,89520.0,,,,,,,,,,,,
2017-03-17,,,,,,,,,,,,,,,,,,,,,,85150.0,85480.0,85880.0,,,87220.0,,,88070.0,88850.0,,89360.0,,,,,,,,,,,,
2017-03-20,,,,,,,,,,,,,,,,,,,,,,84800.0,84820.0,85070.0,85770.0,85890.0,86430.0,,,88070.0,87700.0,,89100.0,,,,,,,,,,,,
2017-03-21,,,,,,,,,,,,,,,,,,,,,,84210.0,84450.0,84370.0,,86370.0,86190.0,87000.0,,87400.0,87810.0,,,,,,,,,,,,,,
2017-03-22,,,,,,,,,,,,,,,,,,,,,,83630.0,84190.0,84420.0,83810.0,84730.0,85900.0,86470.0,,87290.0,87620.0,,,,,,,,,,,,,,
2017-03-23,,,,,,,,,,,,,,,,,,,,,,82590.0,82500.0,83170.0,83990.0,84240.0,84130.0,,,86420.0,85980.0,,,,,,,,,,,,,,
2017-03-24,,,,,,,,,,,,,,,,,,,,,,82370.0,82810.0,83460.0,,84570.0,84400.0,85510.0,,85440.0,85980.0,,,,,,,,,,,,,,
2017-03-27,,,,,,,,,,,,,,,,,,,,,,81000.0,82400.0,83180.0,83380.0,83980.0,84010.0,,,85320.0,85680.0,,86320.0,,,,,,,,,,,,
2017-03-28,,,,,,,,,,,,,,,,,,,,,,80530.0,80500.0,81950.0,82040.0,81840.0,82100.0,,82820.0,83110.0,83830.0,84340.0,,,,,,,,,,,,,
2017-03-29,,,,,,,,,,,,,,,,,,,,,,82520.0,80900.0,82440.0,81170.0,83260.0,82600.0,,84560.0,83560.0,84460.0,,84950.0,,,,,,,,,,,,
2017-03-30,,,,,,,,,,,,,,,,,,,,,,,82400.0,82650.0,,,84050.0,,,85550.0,86000.0,,,,,,,,,,,,,,
2017-03-31,,,,,,,,,,,,,,,,,,,,,,81730.0,82410.0,83450.0,83580.0,84080.0,84250.0,85820.0,86010.0,85950.0,85790.0,,,,,,,,,,,,,,
2017-04-05,,,,,,,,,,,,,,,,,,,,,,82500.0,82650.0,84650.0,83610.0,85140.0,84600.0,,,86680.0,85800.0,,,,,,,,,,,,,,
2017-04-06,,,,,,,,,,,,,,,,,,,,,,,84500.0,85380.0,85560.0,85950.0,86250.0,86370.0,,,87990.0,,,,,,,,,,,,,,
2017-04-07,,,,,,,,,,,,,,,,,,,,,,,84950.0,85380.0,85360.0,85100.0,86750.0,85750.0,,88090.0,88600.0,,,,,,,,,,,,,,
2017-04-10,,,,,,,,,,,,,,,,,,,,,,,82250.0,83160.0,83220.0,83810.0,84000.0,84910.0,,84900.0,85510.0,,86490.0,,,,,,,,,,,,
2017-04-11,,,,,,,,,,,,,,,,,,,,,,,83410.0,83890.0,84700.0,84750.0,85300.0,,,86040.0,86890.0,,,,,,,,,,,,,,
2017-04-12,,,,,,,,,,,,,,,,,,,,,,81880.0,83440.0,84410.0,81850.0,82800.0,85130.0,82970.0,85950.0,86900.0,86910.0,,,,,,,,,,,,,,
2017-04-13,,,,,,,,,,,,,,,,,,,,,,,80050.0,80970.0,81210.0,81600.0,81600.0,82720.0,,83150.0,83340.0,83100.0,,,,,,,,,,,,,
2017-04-14,,,,,,,,,,,,,,,,,,,,,,,80100.0,80890.0,80350.0,81820.0,81710.0,82560.0,,82170.0,83540.0,,,,,,,,,,,,,,
2017-04-17,,,,,,,,,,,,,,,,,,,,,,,79020.0,80730.0,,80650.0,80700.0,82180.0,,82320.0,82810.0,,83550.0,,,,,,,,,,,,
2017-04-18,,,,,,,,,,,,,,,,,,,,,,,78950.0,80070.0,80550.0,80290.0,80800.0,81440.0,,82220.0,82500.0,82900.0,82640.0,,,,,,,,,,,,
2017-04-19,,,,,,,,,,,,,,,,,,,,,,,78470.0,79070.0,79410.0,78270.0,80180.0,79980.0,,81480.0,82060.0,,81170.0,81140.0,,,,,,,,,,,
2017-04-20,,,,,,,,,,,,,,,,,,,,,,,77500.0,78450.0,78610.0,78820.0,79350.0,79910.0,78760.0,80930.0,80940.0,,81620.0,,,,,,,,,,,,
2017-04-21,,,,,,,,,,,,,,,,,,,,,,,77590.0,78490.0,78700.0,79450.0,79350.0,79970.0,80550.0,80680.0,81400.0,,81910.0,,,,,,,,,,,,
2017-04-24,,,,,,,,,,,,,,,,,,,,,,,77750.0,77460.0,78380.0,78490.0,79700.0,79310.0,79930.0,80480.0,81290.0,,,,,,,,,,,,,,
2017-04-25,,,,,,,,,,,,,,,,,,,,,,,76720.0,77300.0,77080.0,77580.0,78570.0,78680.0,,79960.0,80270.0,,,,,,,,,,,,,,
2017-04-26,,,,,,,,,,,,,,,,,,,,,,,75960.0,76740.0,77280.0,77520.0,77860.0,,78750.0,79260.0,79610.0,,,,,,,,,,,,,,
2017-04-27,,,,,,,,,,,,,,,,,,,,,,,76280.0,76620.0,76800.0,77540.0,78050.0,78790.0,79140.0,79300.0,79700.0,,79810.0,,,,,,,,,,,,
2017-04-28,,,,,,,,,,,,,,,,,,,,,,,76150.0,76110.0,78070.0,78500.0,77800.0,82050.0,,79270.0,79560.0,,,,,,,,,,,,,,
2017-05-02,,,,,,,,,,,,,,,,,,,,,,,77540.0,78360.0,79260.0,79050.0,79600.0,80570.0,,80930.0,81200.0,,,,,,,,,,,,,,
2017-05-03,,,,,,,,,,,,,,,,,,,,,,,78140.0,78500.0,78920.0,79360.0,80010.0,80380.0,,81300.0,81690.0,,,82180.0,,,,,,,,,,,
2017-05-04,,,,,,,,,,,,,,,,,,,,,,,76710.0,76650.0,76300.0,77510.0,78800.0,79220.0,,79830.0,80580.0,,,,,,,,,,,,,,
2017-05-05,,,,,,,,,,,,,,,,,,,,,,,74180.0,74760.0,74410.0,75340.0,76020.0,75460.0,,77210.0,77780.0,,77900.0,,,,,,,,,,,,
2017-05-08,,,,,,,,,,,,,,,,,,,,,,,73550.0,75100.0,75340.0,75010.0,75090.0,76950.0,77650.0,77610.0,76660.0,78600.0,78230.0,,,,,,,,,,,,
2017-05-09,,,,,,,,,,,,,,,,,,,,,,,74230.0,74570.0,75040.0,75980.0,76090.0,,77290.0,77440.0,77810.0,,,,,,,,,,,,,,
2017-05-10,,,,,,,,,,,,,,,,,,,,,,,75010.0,75960.0,75280.0,76620.0,76800.0,,,78400.0,78360.0,,,,,,,,,,,,,,
2017-05-11,,,,,,,,,,,,,,,,,,,,,,,74100.0,75210.0,75610.0,75090.0,76800.0,,76760.0,78200.0,78490.0,,78400.0,,,,,,,,,,,,
2017-05-12,,,,,,,,,,,,,,,,,,,,,,,75500.0,76190.0,76500.0,76430.0,77580.0,76990.0,77780.0,79040.0,79260.0,79330.0,,,,,,,,,,,,,
2017-05-15,,,,,,,,,,,,,,,,,,,,,,,75300.0,75300.0,76050.0,76610.0,77460.0,77830.0,78080.0,78490.0,79000.0,,,80790.0,,,,,,,,,,,
2017-05-16,,,,,,,,,,,,,,,,,,,,,,,,76020.0,76410.0,76540.0,77470.0,77820.0,77630.0,78620.0,79110.0,78570.0,,78900.0,80500.0,,,,,,,,,,
2017-05-17,,,,,,,,,,,,,,,,,,,,,,,,75270.0,75800.0,76060.0,76210.0,77100.0,77670.0,77830.0,77850.0,,79300.0,78790.0,79470.0,,,,,,,,,,
2017-05-18,,,,,,,,,,,,,,,,,,,,,,,,75470.0,74500.0,75580.0,76750.0,,78170.0,78510.0,78470.0,,,79500.0,80000.0,,,,,,,,,,
2017-05-19,,,,,,,,,,,,,,,,,,,,,,,,75000.0,74970.0,74670.0,75230.0,75400.0,76200.0,76760.0,76970.0,,,78100.0,78560.0,,,,,,,,,,
2017-05-22,,,,,,,,,,,,,,,,,,,,,,,,75380.0,77000.0,75950.0,76550.0,77370.0,79130.0,78020.0,78030.0,79150.0,80290.0,81000.0,80130.0,,,,,,,,,,
2017-05-23,,,,,,,,,,,,,,,,,,,,,,,,76500.0,77630.0,77500.0,78150.0,78670.0,78970.0,79250.0,79510.0,,80180.0,,81650.0,,,,,,,,,,
2017-05-24,,,,,,,,,,,,,,,,,,,,,,,,76200.0,76810.0,77050.0,77750.0,,,78490.0,79160.0,79380.0,78600.0,80490.0,80890.0,,,,,,,,,,
2017-05-25,,,,,,,,,,,,,,,,,,,,,,,,74750.0,75330.0,75900.0,76340.0,76690.0,,77510.0,77900.0,,,,79390.0,,,,,,,,,,
2017-05-26,,,,,,,,,,,,,,,,,,,,,,,,74880.0,75210.0,75180.0,75790.0,,,76500.0,77450.0,,,,79090.0,,,,,,,,,,
2017-05-31,,,,,,,,,,,,,,,,,,,,,,,,74250.0,74830.0,74570.0,75200.0,76410.0,76840.0,76680.0,76510.0,,,,78840.0,,,,,,,,,,
2017-06-01,,,,,,,,,,,,,,,,,,,,,,,,72680.0,72020.0,72570.0,72930.0,73630.0,,74170.0,74360.0,,75630.0,,76000.0,,,,,,,,,,
2017-06-02,,,,,,,,,,,,,,,,,,,,,,,,,72370.0,72410.0,73170.0,,73510.0,74170.0,74610.0,,75480.0,75110.0,76410.0,,,,,,,,,,
2017-06-05,,,,,,,,,,,,,,,,,,,,,,,,,72880.0,72540.0,72020.0,73880.0,74360.0,74210.0,73710.0,,75150.0,,75330.0,,,,,,,,,,
2017-06-06,,,,,,,,,,,,,,,,,,,,,,,,70760.0,72110.0,72750.0,73010.0,,,74350.0,74580.0,,,,76170.0,,,,,,,,,,
2017-06-07,,,,,,,,,,,,,,,,,,,,,,,,,72230.0,72570.0,72900.0,,,74890.0,74650.0,75360.0,75940.0,,76040.0,,,,,,,,,,
2017-06-08,,,,,,,,,,,,,,,,,,,,,,,,,72660.0,72400.0,73480.0,,,73730.0,75060.0,,75700.0,,76610.0,,,,,,,,,,
2017-06-09,,,,,,,,,,,,,,,,,,,,,,,,,71600.0,72760.0,73010.0,73270.0,,74600.0,74730.0,,75590.0,,76180.0,,,,,,,,,,
2017-06-12,,,,,,,,,,,,,,,,,,,,,,,,,72330.0,72640.0,73200.0,74500.0,,74480.0,74650.0,,76300.0,,76260.0,,,,,,,,,,
2017-06-13,,,,,,,,,,,,,,,,,,,,,,,,,71800.0,73350.0,73880.0,,74680.0,74520.0,75390.0,76110.0,75290.0,75480.0,77150.0,,,,,,,,,,
2017-06-14,,,,,,,,,,,,,,,,,,,,,,,,71300.0,71830.0,72180.0,72430.0,72470.0,,,74060.0,73900.0,75220.0,,75810.0,,,,,,,,,,
2017-06-15,,,,,,,,,,,,,,,,,,,,,,,,,72650.0,72680.0,73090.0,,,74700.0,74690.0,75240.0,75580.0,,76500.0,,,,,,,,,,
2017-06-16,,,,,,,,,,,,,,,,,,,,,,,,,,72960.0,73250.0,73980.0,74760.0,74450.0,74720.0,75200.0,,,76410.0,77090.0,,,,,,,,,
2017-06-19,,,,,,,,,,,,,,,,,,,,,,,,,72500.0,73600.0,73790.0,74360.0,73580.0,75020.0,75310.0,75890.0,,,76930.0,,,,,,,,,,
2017-06-20,,,,,,,,,,,,,,,,,,,,,,,,,73640.0,74270.0,74050.0,74710.0,75600.0,75430.0,75430.0,76630.0,77130.0,77680.0,77220.0,,,,,,,,,,
2017-06-21,,,,,,,,,,,,,,,,,,,,,,,,,73780.0,73670.0,74360.0,73880.0,74830.0,75510.0,75990.0,76180.0,76530.0,,77380.0,,,,,,,,,,
2017-06-22,,,,,,,,,,,,,,,,,,,,,,,,,73700.0,74120.0,74250.0,74890.0,74880.0,75580.0,75610.0,,76530.0,76680.0,77200.0,,,,,,,,,,
2017-06-23,,,,,,,,,,,,,,,,,,,,,,,,,74210.0,74750.0,74150.0,75240.0,,75980.0,75550.0,,,77240.0,76890.0,,,,,,,,,,
2017-06-26,,,,,,,,,,,,,,,,,,,,,,,,,74710.0,75260.0,75600.0,75600.0,75990.0,,76950.0,,77600.0,,78290.0,78130.0,,,,,,,,,
2017-06-27,,,,,,,,,,,,,,,,,,,,,,,,,73590.0,74630.0,75350.0,75470.0,,76320.0,76760.0,,,77460.0,78260.0,78050.0,,,,,,,,,
2017-06-28,,,,,,,,,,,,,,,,,,,,,,,,,73910.0,75220.0,75270.0,75810.0,,77010.0,76790.0,,78420.0,78290.0,78280.0,79550.0,,,,,,,,,
2017-06-29,,,,,,,,,,,,,,,,,,,,,,,,,74800.0,,75710.0,76010.0,,77250.0,77170.0,,78530.0,,78460.0,,,,,,,,,,
2017-06-30,,,,,,,,,,,,,,,,,,,,,,,,,74900.0,75700.0,76700.0,77170.0,,77260.0,78190.0,,,,79500.0,,,,,,,,,,
2017-07-03,,,,,,,,,,,,,,,,,,,,,,,,,,77230.0,76570.0,76990.0,77780.0,78610.0,78100.0,,,,79340.0,,,,,,,,,,
2017-07-04,,,,,,,,,,,,,,,,,,,,,,,,,,76600.0,77330.0,82100.0,,76600.0,78640.0,78610.0,78030.0,,80030.0,,,,,,,,,,
2017-07-05,,,,,,,,,,,,,,,,,,,,,,,,,,75000.0,75120.0,75950.0,76540.0,76470.0,76600.0,,,,78050.0,,,,,,,,,,
2017-07-06,,,,,,,,,,,,,,,,,,,,,,,,,,74880.0,74930.0,75140.0,,76270.0,76490.0,,,,77730.0,,,,,,,,,,
2017-07-07,,,,,,,,,,,,,,,,,,,,,,,,,,75110.0,75080.0,,,75570.0,76620.0,,,,78180.0,,,,,,,,,,
2017-07-10,,,,,,,,,,,,,,,,,,,,,,,,,,74000.0,74300.0,74690.0,75050.0,75330.0,75800.0,,,,77200.0,,,,,,,,,,
2017-07-11,,,,,,,,,,,,,,,,,,,,,,,,,,73470.0,73380.0,73920.0,74300.0,74670.0,74800.0,75650.0,76030.0,,76230.0,,,,,,,,,,
2017-07-12,,,,,,,,,,,,,,,,,,,,,,,,,75000.0,74210.0,74270.0,75280.0,75500.0,75470.0,75780.0,76740.0,,,77190.0,,,,,,,,,,
2017-07-13,,,,,,,,,,,,,,,,,,,,,,,,,,75950.0,75800.0,76670.0,76660.0,77270.0,77150.0,77230.0,78060.0,78110.0,78480.0,78910.0,,,,,,,,,
2017-07-14,,,,,,,,,,,,,,,,,,,,,,,,,,76050.0,76110.0,76810.0,,77250.0,77330.0,77840.0,78000.0,78410.0,78550.0,78620.0,,,,,,,,,
2017-07-17,,,,,,,,,,,,,,,,,,,,,,,,,78000.0,77870.0,77020.0,77500.0,78670.0,77870.0,77880.0,79800.0,79020.0,79210.0,79260.0,79740.0,,,,,,,,,
2017-07-18,,,,,,,,,,,,,,,,,,,,,,,,,,78910.0,79220.0,79530.0,79980.0,79960.0,80210.0,80510.0,,81200.0,81000.0,81630.0,81800.0,,,,,,,,
2017-07-19,,,,,,,,,,,,,,,,,,,,,,,,,,79090.0,79150.0,79730.0,79580.0,80300.0,80100.0,,81330.0,81630.0,81000.0,81730.0,,,,,,,,,
2017-07-20,,,,,,,,,,,,,,,,,,,,,,,,,,78510.0,80050.0,80070.0,80140.0,80720.0,81050.0,80750.0,80960.0,81880.0,81800.0,81920.0,,,,,,,,,
2017-07-21,,,,,,,,,,,,,,,,,,,,,,,,,,,78930.0,79440.0,,79740.0,80010.0,79690.0,80360.0,81200.0,81260.0,81470.0,81340.0,,,,,,,,
2017-07-24,,,,,,,,,,,,,,,,,,,,,,,,,,77800.0,78950.0,79220.0,79400.0,79820.0,80050.0,80280.0,80900.0,,81390.0,80740.0,80880.0,,,,,,,,
2017-07-25,,,,,,,,,,,,,,,,,,,,,,,,,,78900.0,78940.0,79690.0,81630.0,80330.0,80140.0,,83110.0,,81600.0,,,,,,,,,,
2017-07-26,,,,,,,,,,,,,,,,,,,,,,,,,,79790.0,81300.0,81770.0,81870.0,82130.0,82610.0,,83620.0,,83770.0,85130.0,,,,,,,,,
2017-07-27,,,,,,,,,,,,,,,,,,,,,,,,,,,81300.0,81500.0,81830.0,82170.0,82700.0,83120.0,83740.0,83610.0,83920.0,84600.0,,,,,,,,,
2017-07-28,,,,,,,,,,,,,,,,,,,,,,,,,,83380.0,82050.0,82770.0,82560.0,84160.0,83600.0,,85000.0,,84890.0,,85480.0,,,,,,,,
2017-07-31,,,,,,,,,,,,,,,,,,,,,,,,,,82850.0,82850.0,83380.0,82960.0,83990.0,84330.0,,85390.0,,85670.0,,86200.0,,,,,,,,
2017-08-01,,,,,,,,,,,,,,,,,,,,,,,,,,,82800.0,83240.0,83400.0,83800.0,84320.0,84910.0,85310.0,,85620.0,86060.0,85560.0,,,,,,,,
2017-08-02,,,,,,,,,,,,,,,,,,,,,,,,,,,82340.0,82820.0,83340.0,83260.0,83810.0,84090.0,83980.0,84760.0,84800.0,85440.0,,,,,,,,,
2017-08-03,,,,,,,,,,,,,,,,,,,,,,,,,,,82350.0,83100.0,83290.0,83600.0,83750.0,85820.0,85030.0,85510.0,85170.0,,86320.0,,,,,,,,
2017-08-04,,,,,,,,,,,,,,,,,,,,,,,,,,,83050.0,83600.0,83430.0,83950.0,84300.0,84600.0,,,85990.0,,,,,,,,,,
2017-08-07,,,,,,,,,,,,,,,,,,,,,,,,,,,83550.0,83730.0,83660.0,84110.0,85140.0,,85990.0,,86670.0,,86770.0,,,,,,,,
2017-08-08,,,,,,,,,,,,,,,,,,,,,,,,,,,83390.0,83670.0,84030.0,84080.0,84940.0,,,85910.0,86270.0,,87330.0,,,,,,,,
2017-08-09,,,,,,,,,,,,,,,,,,,,,,,,,,,82880.0,83490.0,83630.0,83950.0,84510.0,88020.0,86070.0,,85880.0,,88280.0,,,,,,,,
2017-08-10,,,,,,,,,,,,,,,,,,,,,,,,,,,86450.0,87060.0,87300.0,87660.0,88100.0,87950.0,88910.0,89450.0,89620.0,,,,,,,,,,
2017-08-11,,,,,,,,,,,,,,,,,,,,,,,,,,,86360.0,86800.0,86910.0,87850.0,87920.0,,,89940.0,89280.0,89950.0,90300.0,,,,,,,,
2017-08-14,,,,,,,,,,,,,,,,,,,,,,,,,,,85210.0,85950.0,85850.0,86100.0,86750.0,,,87830.0,88210.0,,,,,,,,,,
2017-08-15,,,,,,,,,,,,,,,,,,,,,,,,,,,84690.0,84740.0,84950.0,85380.0,86030.0,,,,87450.0,86700.0,,,,,,,,,
2017-08-16,,,,,,,,,,,,,,,,,,,,,,,,,,,83780.0,83790.0,84490.0,,85100.0,,,,86470.0,86820.0,,86930.0,,,,,,,
2017-08-17,,,,,,,,,,,,,,,,,,,,,,,,,,,84580.0,85960.0,85930.0,85790.0,86180.0,88450.0,,89270.0,87500.0,,,88780.0,,,,,,,
2017-08-18,,,,,,,,,,,,,,,,,,,,,,,,,,,86090.0,86630.0,86880.0,87400.0,87590.0,87610.0,88010.0,,88980.0,,89630.0,,,,,,,,
2017-08-21,,,,,,,,,,,,,,,,,,,,,,,,,,,87100.0,87860.0,87400.0,90210.0,88350.0,,,92190.0,89680.0,,91310.0,93760.0,,,,,,,
2017-08-22,,,,,,,,,,,,,,,,,,,,,,,,,,,89790.0,89770.0,90220.0,90540.0,91400.0,92460.0,92820.0,93310.0,92790.0,,,,,,,,,,
2017-08-23,,,,,,,,,,,,,,,,,,,,,,,,,,,91990.0,92150.0,91480.0,92010.0,93200.0,92410.0,93570.0,94380.0,94500.0,93260.0,94600.0,94000.0,,,,,,,
2017-08-24,,,,,,,,,,,,,,,,,,,,,,,,,,,91700.0,92050.0,91050.0,92310.0,92780.0,,95900.0,94270.0,94030.0,,,,,,,,,,
2017-08-25,,,,,,,,,,,,,,,,,,,,,,,,,,,92770.0,93090.0,93060.0,93960.0,94120.0,,94630.0,95580.0,95360.0,95730.0,96100.0,,,,,,,,
2017-08-28,,,,,,,,,,,,,,,,,,,,,,,,,,,93140.0,94000.0,91000.0,93580.0,94130.0,,93220.0,94170.0,95400.0,93790.0,,,,,,,,,
2017-08-29,,,,,,,,,,,,,,,,,,,,,,,,,,,91510.0,93840.0,92530.0,95050.0,93490.0,94680.0,94970.0,,94870.0,,,,,,,,,,
2017-08-30,,,,,,,,,,,,,,,,,,,,,,,,,,,93590.0,93960.0,93060.0,94010.0,94600.0,,94220.0,,95930.0,,,,,,,,,,
2017-08-31,,,,,,,,,,,,,,,,,,,,,,,,,,,92000.0,92000.0,92120.0,92450.0,93000.0,,94150.0,94490.0,93990.0,,,,,,,,,,
2017-09-01,,,,,,,,,,,,,,,,,,,,,,,,,,,92290.0,93140.0,92630.0,93200.0,93700.0,93980.0,94950.0,95110.0,94830.0,95620.0,,,,,,,,,
2017-09-04,,,,,,,,,,,,,,,,,,,,,,,,,,,93810.0,94340.0,94010.0,94280.0,95210.0,95540.0,,,96210.0,96990.0,,,,,,,,,
2017-09-05,,,,,,,,,,,,,,,,,,,,,,,,,,,95070.0,95840.0,95330.0,96100.0,96380.0,96730.0,97000.0,,97610.0,,,,,,,,,,
2017-09-06,,,,,,,,,,,,,,,,,,,,,,,,,,,95200.0,95640.0,95470.0,95800.0,96480.0,96470.0,,,97790.0,97780.0,98000.0,94430.0,,,,,,,
2017-09-07,,,,,,,,,,,,,,,,,,,,,,,,,,,94130.0,94400.0,95360.0,94100.0,95100.0,95510.0,95800.0,95680.0,96220.0,96390.0,96260.0,97870.0,,,,,,,
2017-09-08,,,,,,,,,,,,,,,,,,,,,,,,,,,94200.0,93690.0,93940.0,93960.0,95410.0,94800.0,95500.0,96000.0,96530.0,96030.0,96540.0,97430.0,,,,,,,
2017-09-11,,,,,,,,,,,,,,,,,,,,,,,,,,,90650.0,90830.0,90230.0,90850.0,92500.0,91390.0,91890.0,92600.0,93490.0,,92500.0,91580.0,,,,,,,
2017-09-12,,,,,,,,,,,,,,,,,,,,,,,,,,,91230.0,90660.0,91000.0,91760.0,91390.0,92210.0,92430.0,92420.0,92450.0,,92830.0,92610.0,,,,,,,
2017-09-13,,,,,,,,,,,,,,,,,,,,,,,,,,,90730.0,92800.0,91680.0,90890.0,91490.0,92970.0,92260.0,,92670.0,94780.0,,,,,,,,,
2017-09-14,,,,,,,,,,,,,,,,,,,,,,,,,,,89210.0,90200.0,89740.0,90980.0,91230.0,90530.0,92100.0,91850.0,92200.0,92240.0,91310.0,90910.0,,,,,,,
2017-09-15,,,,,,,,,,,,,,,,,,,,,,,,,,,88300.0,88420.0,88180.0,88790.0,89420.0,89240.0,89890.0,89120.0,90400.0,,,90790.0,,,,,,,
2017-09-18,,,,,,,,,,,,,,,,,,,,,,,,,,,,87620.0,87640.0,87780.0,87530.0,87000.0,88600.0,,88490.0,,89820.0,89380.0,90490.0,,,,,,
2017-09-19,,,,,,,,,,,,,,,,,,,,,,,,,,,,88420.0,88330.0,88170.0,88530.0,88660.0,89090.0,,89420.0,,89700.0,90790.0,90660.0,,,,,,
2017-09-20,,,,,,,,,,,,,,,,,,,,,,,,,,,,86500.0,88110.0,86820.0,87350.0,89550.0,87150.0,87690.0,88210.0,90220.0,,90220.0,87970.0,,,,,,
2017-09-21,,,,,,,,,,,,,,,,,,,,,,,,,,,,89210.0,88230.0,89960.0,90200.0,89240.0,90960.0,90800.0,90830.0,90920.0,90810.0,89870.0,92090.0,,,,,,
2017-09-22,,,,,,,,,,,,,,,,,,,,,,,,,,,,87130.0,86950.0,87290.0,87570.0,,88140.0,,88240.0,,87800.0,,90000.0,,,,,,
2017-09-25,,,,,,,,,,,,,,,,,,,,,,,,,,,,83210.0,83420.0,83910.0,84010.0,84000.0,84280.0,85040.0,84800.0,85550.0,84910.0,85990.0,86200.0,,,,,,
2017-09-26,,,,,,,,,,,,,,,,,,,,,,,,,,,,83670.0,83650.0,83780.0,83800.0,84650.0,84830.0,,84580.0,85550.0,85600.0,86030.0,85960.0,,,,,,
2017-09-27,,,,,,,,,,,,,,,,,,,,,,,,,,,,84400.0,83800.0,83780.0,84100.0,84630.0,84740.0,85070.0,84840.0,,85180.0,86360.0,86060.0,,,,,,
2017-09-28,,,,,,,,,,,,,,,,,,,,,,,,,,,,84490.0,83560.0,84520.0,85040.0,84700.0,85310.0,85390.0,85360.0,85640.0,85380.0,86470.0,86630.0,,,,,,
2017-09-29,,,,,,,,,,,,,,,,,,,,,,,,,,,,82900.0,83010.0,84330.0,83500.0,,83940.0,82680.0,83550.0,84710.0,,85320.0,84860.0,,,,,,
2017-10-09,,,,,,,,,,,,,,,,,,,,,,,,,,,,,85100.0,85770.0,85500.0,,85710.0,87100.0,85750.0,,,,87000.0,,,,,,
2017-10-10,,,,,,,,,,,,,,,,,,,,,,,,,,,,86860.0,87310.0,87260.0,87310.0,,87350.0,88000.0,87760.0,,88510.0,,88360.0,,,,,,
2017-10-11,,,,,,,,,,,,,,,,,,,,,,,,,,,,87870.0,88100.0,87460.0,87650.0,88300.0,87850.0,,87980.0,,,89140.0,88830.0,,,,,,
2017-10-12,,,,,,,,,,,,,,,,,,,,,,,,,,,,,88960.0,88620.0,88050.0,88200.0,88250.0,,88550.0,91110.0,89880.0,90240.0,88460.0,,,,,,
2017-10-13,,,,,,,,,,,,,,,,,,,,,,,,,,,,,91520.0,91260.0,90230.0,90430.0,90390.0,90490.0,90450.0,91900.0,,92840.0,91390.0,,,,,,
2017-10-16,,,,,,,,,,,,,,,,,,,,,,,,,,,,93000.0,93000.0,92500.0,93020.0,92940.0,92840.0,93830.0,93300.0,,,,93680.0,,,,,,
2017-10-17,,,,,,,,,,,,,,,,,,,,,,,,,,,,,94300.0,93530.0,94000.0,94700.0,94070.0,94760.0,94490.0,95350.0,95020.0,95960.0,94920.0,,,,,,
2017-10-18,,,,,,,,,,,,,,,,,,,,,,,,,,,,,93650.0,92820.0,93700.0,94180.0,93920.0,93370.0,94130.0,94550.0,,95710.0,94900.0,,,,,,
2017-10-19,,,,,,,,,,,,,,,,,,,,,,,,,,,,,94450.0,94520.0,94610.0,93680.0,94860.0,94200.0,95200.0,,94050.0,95350.0,95770.0,94220.0,,,,,
2017-10-20,,,,,,,,,,,,,,,,,,,,,,,,,,,,,95340.0,93480.0,94100.0,97000.0,94110.0,97130.0,94490.0,94650.0,95990.0,98500.0,95400.0,98500.0,,,,,
2017-10-23,,,,,,,,,,,,,,,,,,,,,,,,,,,,,95540.0,96020.0,97450.0,97100.0,97380.0,,97860.0,95000.0,98250.0,95360.0,98700.0,98880.0,,,,,
2017-10-24,,,,,,,,,,,,,,,,,,,,,,,,,,,,,94220.0,94860.0,95000.0,,94860.0,96590.0,95300.0,96760.0,,,95680.0,95460.0,,,,,
2017-10-25,,,,,,,,,,,,,,,,,,,,,,,,,,,,,96300.0,96320.0,96450.0,96200.0,96580.0,,97000.0,97370.0,97600.0,,97770.0,,,,,,
2017-10-26,,,,,,,,,,,,,,,,,,,,,,,,,,,,,95780.0,94950.0,95740.0,95280.0,95750.0,,96120.0,95910.0,,,96600.0,97410.0,,,,,
2017-10-27,,,,,,,,,,,,,,,,,,,,,,,,,,,,,93990.0,95330.0,95680.0,,95770.0,94730.0,96240.0,95310.0,94240.0,,96820.0,,,,,,
2017-10-30,,,,,,,,,,,,,,,,,,,,,,,,,,,,,93670.0,92540.0,91940.0,92950.0,92210.0,93190.0,92560.0,93730.0,93570.0,93330.0,93480.0,,,,,,
2017-10-31,,,,,,,,,,,,,,,,,,,,,,,,,,,,,92900.0,92940.0,92830.0,92890.0,92850.0,,93460.0,93630.0,93860.0,,94240.0,,,,,,
2017-11-01,,,,,,,,,,,,,,,,,,,,,,,,,,,,,,95050.0,95100.0,94960.0,95020.0,95720.0,95700.0,95990.0,95860.0,98200.0,96610.0,98200.0,,,,,
2017-11-02,,,,,,,,,,,,,,,,,,,,,,,,,,,,,,100680.0,101100.0,101930.0,101160.0,101420.0,101550.0,102000.0,101800.0,102210.0,101210.0,102000.0,,,,,
2017-11-03,,,,,,,,,,,,,,,,,,,,,,,,,,,,,,100920.0,100990.0,101000.0,102530.0,101530.0,101700.0,101920.0,101880.0,101280.0,102290.0,100870.0,,,,,
2017-11-06,,,,,,,,,,,,,,,,,,,,,,,,,,,,,101810.0,100770.0,101150.0,100870.0,101230.0,102400.0,101800.0,101510.0,101880.0,,102410.0,103880.0,,,,,
2017-11-07,,,,,,,,,,,,,,,,,,,,,,,,,,,,,,102750.0,103220.0,102920.0,103180.0,103510.0,103850.0,103510.0,103720.0,,104400.0,102930.0,,,,,
2017-11-08,,,,,,,,,,,,,,,,,,,,,,,,,,,,,100200.0,101860.0,102630.0,101960.0,102640.0,,103200.0,102860.0,103200.0,102260.0,103830.0,102100.0,,,,,
2017-11-09,,,,,,,,,,,,,,,,,,,,,,,,,,,,,,101010.0,100990.0,101370.0,101370.0,99020.0,101640.0,102170.0,101720.0,101000.0,102350.0,103000.0,,,,,
2017-11-10,,,,,,,,,,,,,,,,,,,,,,,,,,,,,,98780.0,98680.0,,98820.0,99920.0,99080.0,99380.0,99390.0,,100090.0,100360.0,,,,,
2017-11-13,,,,,,,,,,,,,,,,,,,,,,,,,,,,,,99330.0,99460.0,99380.0,99460.0,99280.0,100170.0,98800.0,99860.0,,100820.0,100760.0,,,,,
2017-11-14,,,,,,,,,,,,,,,,,,,,,,,,,,,,,,99430.0,99190.0,99310.0,99610.0,99690.0,100300.0,100000.0,100410.0,100990.0,100960.0,101160.0,,,,,
2017-11-15,,,,,,,,,,,,,,,,,,,,,,,,,,,,,94220.0,98930.0,98800.0,95760.0,99320.0,99850.0,99600.0,99830.0,99880.0,98430.0,100500.0,100440.0,,,,,
2017-11-16,,,,,,,,,,,,,,,,,,,,,,,,,,,,,,93130.0,93380.0,92800.0,94120.0,93970.0,94060.0,,94460.0,95340.0,95300.0,,95520.0,,,,
2017-11-17,,,,,,,,,,,,,,,,,,,,,,,,,,,,,,93300.0,93400.0,93510.0,94200.0,93040.0,94280.0,93740.0,94550.0,,95190.0,93840.0,,,,,
2017-11-20,,,,,,,,,,,,,,,,,,,,,,,,,,,,,,92890.0,92500.0,93000.0,92850.0,92370.0,92980.0,93430.0,92910.0,93730.0,94060.0,,,,,,
2017-11-21,,,,,,,,,,,,,,,,,,,,,,,,,,,,,,93500.0,93350.0,93380.0,93500.0,,93780.0,93750.0,93930.0,94570.0,94900.0,96300.0,,,,,
2017-11-22,,,,,,,,,,,,,,,,,,,,,,,,,,,,,,94900.0,93810.0,94830.0,94090.0,,94400.0,,94860.0,,95240.0,96730.0,,,,,
2017-11-23,,,,,,,,,,,,,,,,,,,,,,,,,,,,,,94370.0,94090.0,94500.0,94810.0,95110.0,94800.0,96680.0,95430.0,96100.0,96250.0,,,,,,
2017-11-24,,,,,,,,,,,,,,,,,,,,,,,,,,,,,,96230.0,93550.0,93080.0,93630.0,,94370.0,94410.0,93900.0,97780.0,95090.0,97050.0,,,,,
2017-11-27,,,,,,,,,,,,,,,,,,,,,,,,,,,,,,96240.0,95800.0,95480.0,96470.0,95830.0,96810.0,94430.0,96960.0,,97410.0,98030.0,97700.0,,,,
2017-11-28,,,,,,,,,,,,,,,,,,,,,,,,,,,,,,93850.0,93400.0,93000.0,93580.0,93720.0,93980.0,95010.0,94340.0,94840.0,95000.0,,93210.0,,,,
2017-11-29,,,,,,,,,,,,,,,,,,,,,,,,,,,,,,90770.0,91400.0,91620.0,92060.0,92020.0,92050.0,92150.0,92600.0,,92820.0,,92710.0,,,,
2017-11-30,,,,,,,,,,,,,,,,,,,,,,,,,,,,,,89930.0,90550.0,90810.0,91270.0,91200.0,91590.0,92010.0,91910.0,89870.0,92340.0,,,,,,
2017-12-01,,,,,,,,,,,,,,,,,,,,,,,,,,,,,,,90370.0,89710.0,91050.0,91010.0,91300.0,90660.0,91730.0,90900.0,91990.0,,,,,,
2017-12-04,,,,,,,,,,,,,,,,,,,,,,,,,,,,,,91460.0,88960.0,89290.0,89870.0,,89660.0,89450.0,90380.0,,90640.0,,92640.0,,,,
2017-12-05,,,,,,,,,,,,,,,,,,,,,,,,,,,,,,89000.0,91550.0,91500.0,91860.0,92300.0,92370.0,92030.0,92490.0,92500.0,93260.0,,,,,,
2017-12-06,,,,,,,,,,,,,,,,,,,,,,,,,,,,,,,89600.0,89200.0,90010.0,88050.0,90400.0,90350.0,90810.0,88300.0,91320.0,91200.0,90010.0,,,,
2017-12-07,,,,,,,,,,,,,,,,,,,,,,,,,,,,,,,87110.0,87340.0,87830.0,,88000.0,87420.0,88100.0,,88690.0,,89090.0,,,,
2017-12-08,,,,,,,,,,,,,,,,,,,,,,,,,,,,,,88800.0,86610.0,87480.0,87430.0,88800.0,87550.0,88390.0,87760.0,89200.0,88530.0,,90110.0,,,,
2017-12-11,,,,,,,,,,,,,,,,,,,,,,,,,,,,,,,88350.0,87300.0,88920.0,,89200.0,88050.0,89470.0,,89500.0,,,,,,
2017-12-12,,,,,,,,,,,,,,,,,,,,,,,,,,,,,,,87420.0,88540.0,87770.0,,88160.0,,88430.0,,89180.0,90950.0,,,,,
2017-12-13,,,,,,,,,,,,,,,,,,,,,,,,,,,,,,,89070.0,89340.0,90060.0,90340.0,89850.0,90420.0,89960.0,89420.0,90600.0,91250.0,,,,,
2017-12-14,,,,,,,,,,,,,,,,,,,,,,,,,,,,,,,89360.0,88650.0,89650.0,89170.0,89900.0,90100.0,90220.0,91300.0,90690.0,91680.0,,,,,
2017-12-15,,,,,,,,,,,,,,,,,,,,,,,,,,,,,,,89270.0,89200.0,89520.0,89640.0,89450.0,89820.0,89860.0,90260.0,89850.0,90560.0,,,,,
2017-12-18,,,,,,,,,,,,,,,,,,,,,,,,,,,,,,,90390.0,89670.0,90010.0,,90380.0,91440.0,91300.0,94040.0,91110.0,,92920.0,93210.0,,,
2017-12-19,,,,,,,,,,,,,,,,,,,,,,,,,,,,,,,93110.0,92720.0,93390.0,93910.0,93800.0,94130.0,94170.0,95180.0,94440.0,94540.0,,95750.0,,,
2017-12-20,,,,,,,,,,,,,,,,,,,,,,,,,,,,,,,94240.0,94230.0,94290.0,,94800.0,,94960.0,95320.0,95280.0,,95320.0,95820.0,,,
2017-12-21,,,,,,,,,,,,,,,,,,,,,,,,,,,,,,,94880.0,95460.0,95760.0,95430.0,95730.0,96880.0,95850.0,95930.0,96240.0,96760.0,96960.0,,,,
2017-12-22,,,,,,,,,,,,,,,,,,,,,,,,,,,,,,,95280.0,95530.0,96010.0,,96110.0,94970.0,96260.0,,96220.0,95530.0,,,,,
2017-12-25,,,,,,,,,,,,,,,,,,,,,,,,,,,,,,,94890.0,96170.0,95460.0,96300.0,95940.0,96610.0,96240.0,,96540.0,96930.0,97620.0,97570.0,,,
2017-12-26,,,,,,,,,,,,,,,,,,,,,,,,,,,,,,,94050.0,93970.0,93850.0,94430.0,95080.0,94930.0,95490.0,95760.0,95870.0,95480.0,,,,,
2017-12-27,,,,,,,,,,,,,,,,,,,,,,,,,,,,,,,94630.0,95910.0,95690.0,95810.0,95720.0,95650.0,96090.0,95760.0,96600.0,96230.0,,,,,
2017-12-28,,,,,,,,,,,,,,,,,,,,,,,,,,,,,,,94000.0,94530.0,94310.0,95780.0,94940.0,95720.0,95430.0,95530.0,95740.0,96100.0,98270.0,96510.0,,,
2017-12-29,,,,,,,,,,,,,,,,,,,,,,,,,,,,,,,96500.0,95810.0,96080.0,96100.0,96560.0,96700.0,96890.0,97900.0,97700.0,97550.0,98410.0,98100.0,,,
2018-01-02,,,,,,,,,,,,,,,,,,,,,,,,,,,,,,,97670.0,97960.0,98340.0,,99000.0,,97970.0,99300.0,99000.0,98900.0,99610.0,,,,
2018-01-03,,,,,,,,,,,,,,,,,,,,,,,,,,,,,,,98470.0,99830.0,99190.0,,99820.0,100220.0,100000.0,99600.0,100420.0,99950.0,99770.0,100450.0,,,
2018-01-04,,,,,,,,,,,,,,,,,,,,,,,,,,,,,,,97560.0,97000.0,97770.0,98050.0,98690.0,98560.0,99200.0,98820.0,99410.0,99360.0,99070.0,,,,
2018-01-05,,,,,,,,,,,,,,,,,,,,,,,,,,,,,,,98110.0,99050.0,99110.0,98840.0,99540.0,99660.0,100010.0,,100250.0,,,,,,
2018-01-08,,,,,,,,,,,,,,,,,,,,,,,,,,,,,,,97150.0,97300.0,98300.0,97030.0,98340.0,98240.0,99010.0,97960.0,99240.0,,,98600.0,,,
2018-01-09,,,,,,,,,,,,,,,,,,,,,,,,,,,,,,,97120.0,98720.0,98630.0,97970.0,98330.0,99590.0,98770.0,98650.0,99190.0,99680.0,100120.0,,,,
2018-01-10,,,,,,,,,,,,,,,,,,,,,,,,,,,,,,,99080.0,99810.0,98700.0,99990.0,99240.0,,99670.0,99980.0,100060.0,101100.0,101600.0,,,,
2018-01-11,,,,,,,,,,,,,,,,,,,,,,,,,,,,,,,99350.0,100820.0,101020.0,,102000.0,102430.0,102210.0,102310.0,102860.0,102580.0,,,,,
2018-01-12,,,,,,,,,,,,,,,,,,,,,,,,,,,,,,,98690.0,95070.0,100430.0,100610.0,101250.0,101600.0,101780.0,102150.0,102220.0,101980.0,100680.0,,,,
2018-01-15,,,,,,,,,,,,,,,,,,,,,,,,,,,,,,,97210.0,99030.0,98720.0,99110.0,99250.0,99460.0,99590.0,,100340.0,100170.0,,101200.0,,,
2018-01-16,,,,,,,,,,,,,,,,,,,,,,,,,,,,,,,,99190.0,99320.0,99640.0,100350.0,100300.0,100860.0,,101140.0,100670.0,101220.0,101350.0,101860.0,,
2018-01-17,,,,,,,,,,,,,,,,,,,,,,,,,,,,,,,,97390.0,96310.0,96040.0,96980.0,98000.0,97640.0,98280.0,98000.0,98420.0,98370.0,,99130.0,,
2018-01-18,,,,,,,,,,,,,,,,,,,,,,,,,,,,,,,,95680.0,95910.0,96540.0,96880.0,97170.0,97450.0,,97850.0,,,98120.0,99170.0,,
2018-01-19,,,,,,,,,,,,,,,,,,,,,,,,,,,,,,,,95790.0,96500.0,96680.0,97060.0,96450.0,97500.0,,97900.0,98630.0,,,99190.0,,
2018-01-22,,,,,,,,,,,,,,,,,,,,,,,,,,,,,,,,96240.0,95760.0,98400.0,97500.0,97530.0,97850.0,,98220.0,98360.0,,,99670.0,,
2018-01-23,,,,,,,,,,,,,,,,,,,,,,,,,,,,,,,,97730.0,98280.0,98100.0,98680.0,,99170.0,98060.0,99290.0,99580.0,98610.0,100200.0,100350.0,,
2018-01-24,,,,,,,,,,,,,,,,,,,,,,,,,,,,,,,,98000.0,99000.0,98500.0,99230.0,99400.0,99960.0,99750.0,99990.0,100380.0,,100500.0,101090.0,,
2018-01-25,,,,,,,,,,,,,,,,,,,,,,,,,,,,,,,,99010.0,99320.0,93180.0,99980.0,100830.0,100340.0,104120.0,100700.0,100200.0,,104700.0,101560.0,,
2018-01-26,,,,,,,,,,,,,,,,,,,,,,,,,,,,,,,,104000.0,103740.0,104340.0,104360.0,104950.0,104890.0,105060.0,104900.0,105370.0,105630.0,104900.0,105800.0,,
2018-01-29,,,,,,,,,,,,,,,,,,,,,,,,,,,,,,,,103630.0,103890.0,103790.0,104730.0,104330.0,105110.0,105100.0,105400.0,105080.0,105520.0,,105950.0,,
2018-01-30,,,,,,,,,,,,,,,,,,,,,,,,,,,,,,,,105000.0,105250.0,105290.0,105800.0,106610.0,106220.0,106350.0,106580.0,105940.0,106980.0,,107000.0,,
2018-01-31,,,,,,,,,,,,,,,,,,,,,,,,,,,,,,,,103200.0,103200.0,104020.0,104000.0,104300.0,104500.0,102430.0,104890.0,103050.0,103690.0,,105520.0,,
2018-02-01,,,,,,,,,,,,,,,,,,,,,,,,,,,,,,,,101600.0,101840.0,102350.0,102750.0,102740.0,103070.0,,104000.0,,,103770.0,104660.0,,
2018-02-02,,,,,,,,,,,,,,,,,,,,,,,,,,,,,,,,,101750.0,102750.0,102260.0,103020.0,102790.0,105000.0,103230.0,,106300.0,106250.0,104180.0,,
2018-02-05,,,,,,,,,,,,,,,,,,,,,,,,,,,,,,,,,103590.0,104130.0,104400.0,104120.0,104660.0,102110.0,105000.0,102370.0,,105690.0,106300.0,,
2018-02-06,,,,,,,,,,,,,,,,,,,,,,,,,,,,,,,,,101420.0,103640.0,102480.0,103270.0,103190.0,103020.0,103430.0,103280.0,104880.0,103740.0,104280.0,,
2018-02-07,,,,,,,,,,,,,,,,,,,,,,,,,,,,,,,,101640.0,101410.0,102750.0,101380.0,101830.0,101860.0,103020.0,102080.0,103390.0,,103280.0,103560.0,,
2018-02-08,,,,,,,,,,,,,,,,,,,,,,,,,,,,,,,,,99560.0,100150.0,102090.0,102470.0,102580.0,102980.0,103050.0,102390.0,101000.0,,104350.0,,
2018-02-09,,,,,,,,,,,,,,,,,,,,,,,,,,,,,,,,,99670.0,,100460.0,101280.0,101190.0,101970.0,101290.0,101970.0,100530.0,,102260.0,,
2018-02-12,,,,,,,,,,,,,,,,,,,,,,,,,,,,,,,,,99290.0,99550.0,99000.0,99270.0,99380.0,99720.0,99580.0,99900.0,100120.0,100950.0,101430.0,,
2018-02-13,,,,,,,,,,,,,,,,,,,,,,,,,,,,,,,,,99350.0,101160.0,99620.0,100160.0,100140.0,101030.0,100400.0,100550.0,100660.0,102090.0,101360.0,,
2018-02-14,,,,,,,,,,,,,,,,,,,,,,,,,,,,,,,,,100420.0,100750.0,101220.0,103830.0,101680.0,,101900.0,102000.0,101910.0,103870.0,102980.0,,
2018-02-22,,,,,,,,,,,,,,,,,,,,,,,,,,,,,,,,,102550.0,103220.0,103860.0,103830.0,104120.0,,106500.0,111260.0,104220.0,104890.0,105960.0,,
2018-02-23,,,,,,,,,,,,,,,,,,,,,,,,,,,,,,,,,102930.0,103610.0,103170.0,104100.0,103560.0,104380.0,103810.0,104680.0,104850.0,105670.0,105420.0,,
2018-02-26,,,,,,,,,,,,,,,,,,,,,,,,,,,,,,,,,104140.0,104890.0,105200.0,105370.0,105590.0,105850.0,105950.0,107250.0,105970.0,106800.0,107000.0,,
2018-02-27,,,,,,,,,,,,,,,,,,,,,,,,,,,,,,,,,104760.0,105240.0,105600.0,106010.0,106100.0,106220.0,106310.0,105840.0,107250.0,,107310.0,,
2018-02-28,,,,,,,,,,,,,,,,,,,,,,,,,,,,,,,,,103990.0,104880.0,105680.0,105940.0,106150.0,105710.0,106560.0,106390.0,,106000.0,107830.0,,
2018-03-01,,,,,,,,,,,,,,,,,,,,,,,,,,,,,,,,,103880.0,104190.0,104950.0,105020.0,105450.0,105060.0,105730.0,,105000.0,,106970.0,,
2018-03-02,,,,,,,,,,,,,,,,,,,,,,,,,,,,,,,,,,,103630.0,103580.0,103900.0,102560.0,104500.0,104230.0,103690.0,104770.0,105410.0,,
2018-03-05,,,,,,,,,,,,,,,,,,,,,,,,,,,,,,,,,102080.0,,102210.0,102630.0,102650.0,,103100.0,103530.0,,104000.0,104430.0,103680.0,
2018-03-06,,,,,,,,,,,,,,,,,,,,,,,,,,,,,,,,,101620.0,102400.0,101560.0,101940.0,102030.0,,102200.0,102630.0,,103520.0,103520.0,,
2018-03-07,,,,,,,,,,,,,,,,,,,,,,,,,,,,,,,,,101320.0,,102930.0,103650.0,103510.0,103780.0,103890.0,103930.0,,104550.0,104960.0,,
2018-03-08,,,,,,,,,,,,,,,,,,,,,,,,,,,,,,,,,101850.0,102140.0,101770.0,102550.0,102180.0,102310.0,102500.0,101300.0,,,104010.0,104600.0,
2018-03-09,,,,,,,,,,,,,,,,,,,,,,,,,,,,,,,,,,100550.0,100730.0,101090.0,101150.0,101250.0,101590.0,101420.0,,,102700.0,102710.0,
2018-03-12,,,,,,,,,,,,,,,,,,,,,,,,,,,,,,,,,103200.0,101450.0,101210.0,103000.0,101540.0,101910.0,102030.0,102230.0,103080.0,,103080.0,102710.0,
2018-03-13,,,,,,,,,,,,,,,,,,,,,,,,,,,,,,,,,102800.0,,103760.0,104150.0,104300.0,,104790.0,,,,105830.0,106580.0,
2018-03-14,,,,,,,,,,,,,,,,,,,,,,,,,,,,,,,,,103100.0,104280.0,104250.0,,104680.0,104510.0,105090.0,105200.0,105560.0,,105820.0,106660.0,
2018-03-15,,,,,,,,,,,,,,,,,,,,,,,,,,,,,,,,,,,104660.0,104800.0,105220.0,105320.0,105710.0,104590.0,,,106670.0,107390.0,
2018-03-16,,,,,,,,,,,,,,,,,,,,,,,,,,,,,,,,,,,103040.0,102930.0,103610.0,103000.0,104000.0,104050.0,104020.0,,105290.0,104760.0,
2018-03-19,,,,,,,,,,,,,,,,,,,,,,,,,,,,,,,,,,99880.0,103200.0,103160.0,103750.0,103950.0,104290.0,103210.0,102860.0,,105400.0,104390.0,
2018-03-20,,,,,,,,,,,,,,,,,,,,,,,,,,,,,,,,,,100300.0,101620.0,108600.0,102010.0,102350.0,102540.0,102600.0,,,104080.0,,
2018-03-21,,,,,,,,,,,,,,,,,,,,,,,,,,,,,,,,,,101300.0,102320.0,101780.0,102750.0,102510.0,103260.0,102500.0,102940.0,,104530.0,103620.0,
2018-03-22,,,,,,,,,,,,,,,,,,,,,,,,,,,,,,,,,,101490.0,100770.0,100230.0,101200.0,101100.0,101890.0,101500.0,,,103250.0,103330.0,104560.0
2018-03-23,,,,,,,,,,,,,,,,,,,,,,,,,,,,,,,,,,102300.0,100800.0,100670.0,101100.0,100110.0,101540.0,100080.0,97890.0,,102800.0,100980.0,103560.0
2018-03-26,,,,,,,,,,,,,,,,,,,,,,,,,,,,,,,,,,100120.0,98060.0,98560.0,98500.0,99170.0,99000.0,99300.0,100000.0,,100520.0,100530.0,100440.0
2018-03-27,,,,,,,,,,,,,,,,,,,,,,,,,,,,,,,,,,96770.0,95900.0,96200.0,96200.0,,96780.0,97150.0,,98620.0,98080.0,,100000.0
2018-03-28,,,,,,,,,,,,,,,,,,,,,,,,,,,,,,,,,,,97050.0,98180.0,97500.0,97530.0,97830.0,,97000.0,,99240.0,,
2018-03-29,,,,,,,,,,,,,,,,,,,,,,,,,,,,,,,,,,96490.0,96520.0,97230.0,96990.0,97310.0,97610.0,98020.0,,99510.0,98680.0,99360.0,
2018-03-30,,,,,,,,,,,,,,,,,,,,,,,,,,,,,,,,,,,98330.0,98520.0,98800.0,98630.0,99210.0,99600.0,99090.0,,100310.0,100380.0,100110.0
2018-04-02,,,,,,,,,,,,,,,,,,,,,,,,,,,,,,,,,,,99290.0,100000.0,99710.0,100380.0,99980.0,100420.0,101810.0,102240.0,101160.0,102760.0,102920.0
2018-04-03,,,,,,,,,,,,,,,,,,,,,,,,,,,,,,,,,,,100340.0,100060.0,100500.0,100850.0,100850.0,101770.0,,,101740.0,102380.0,
2018-04-04,,,,,,,,,,,,,,,,,,,,,,,,,,,,,,,,,,,100470.0,,100870.0,101060.0,101110.0,101540.0,,,102250.0,102140.0,101020.0
2018-04-09,,,,,,,,,,,,,,,,,,,,,,,,,,,,,,,,,,,99500.0,99260.0,99730.0,,100410.0,99320.0,,,101810.0,,
