,VOLUME,OI
2010-01-04,488932.0,69171.0
2010-01-05,647784.0,71305.0
2010-01-06,534648.0,74806.0
2010-01-07,861896.0,76636.0
2010-01-08,1479472.0,96270.0
2010-01-11,953166.0,96692.0
2010-01-12,1097928.0,99060.0
2010-01-13,1219774.0,103047.0
2010-01-14,794178.0,97960.0
2010-01-15,1053678.0,101899.0
2010-01-18,674758.0,87013.0
2010-01-19,920174.0,87383.0
2010-01-20,1042078.0,90830.0
2010-01-21,1028470.0,95203.0
2010-01-22,1121418.0,80041.0
2010-01-25,854140.0,83563.0
2010-01-26,969658.0,90254.0
2010-01-27,1294600.0,86107.0
2010-01-28,1286068.0,82900.0
2010-01-29,1299400.0,86230.0
2010-02-01,1365602.0,85895.0
2010-02-02,1102952.0,79691.0
2010-02-03,1118430.0,77373.0
2010-02-04,1131588.0,82024.0
2010-02-05,864188.0,78517.0
2010-02-08,983534.0,80174.0
2010-02-09,1314612.0,67966.0
2010-02-10,886374.0,63157.0
2010-02-11,842212.0,54789.0
2010-02-12,562840.0,47644.0
2010-02-22,545730.0,54048.0
2010-02-23,805256.0,73508.0
2010-02-24,770894.0,72341.0
2010-02-25,1013566.0,68522.0
2010-02-26,800010.0,61810.0
2010-03-01,461810.0,50571.0
2010-03-02,283054.0,39328.0
2010-03-03,965052.0,74692.0
2010-03-04,1386924.0,85557.0
2010-03-05,1443940.0,81707.0
2010-03-08,1303526.0,93652.0
2010-03-09,1549044.0,84092.0
2010-03-10,1536088.0,92097.0
2010-03-11,1844336.0,96186.0
2010-03-12,1904120.0,109747.0
2010-03-15,1421434.0,110222.0
2010-03-16,1671028.0,97754.0
2010-03-17,1525368.0,96347.0
2010-03-18,2106720.0,96744.0
2010-03-19,1888218.0,99297.0
2010-03-22,1563526.0,110616.0
2010-03-23,1613446.0,115943.0
2010-03-24,1765806.0,105733.0
2010-03-25,2148578.0,134185.0
2010-03-26,1779104.0,117623.0
2010-03-29,1250220.0,106481.0
2010-03-30,1471900.0,112709.0
2010-03-31,1411118.0,114810.0
2010-04-01,1289730.0,117138.0
2010-04-02,1554770.0,125062.0
2010-04-06,1978332.0,120832.0
2010-04-07,1522958.0,118984.0
2010-04-08,1546022.0,113125.0
2010-04-09,1225726.0,111716.0
2010-04-12,1397534.0,120631.0
2010-04-13,1554306.0,118263.0
2010-04-14,1478366.0,130169.0
2010-04-15,1227764.0,126673.0
2010-04-16,1329844.0,120376.0
2010-04-19,1266110.0,102905.0
2010-04-20,1209152.0,110675.0
2010-04-21,1242970.0,115686.0
2010-04-22,1195978.0,109553.0
2010-04-23,1193808.0,103517.0
2010-04-26,937722.0,105287.0
2010-04-27,1307734.0,106551.0
2010-04-28,1088882.0,93802.0
2010-04-29,975602.0,98877.0
2010-04-30,1633172.0,97058.0
2010-05-04,1278518.0,100776.0
2010-05-05,1102834.0,100976.0
2010-05-06,1636910.0,106001.0
2010-05-07,1771780.0,99557.0
2010-05-10,1330768.0,102113.0
2010-05-11,1529468.0,106327.0
2010-05-12,1687132.0,97033.0
2010-05-13,1400292.0,103173.0
2010-05-14,1827884.0,114692.0
2010-05-17,1805398.0,121165.0
2010-05-18,1968388.0,119417.0
2010-05-19,1937424.0,109923.0
2010-05-20,2016672.0,105303.0
2010-05-21,1759712.0,92765.0
2010-05-24,1713848.0,98514.0
2010-05-25,1893326.0,113080.0
2010-05-26,1460636.0,101222.0
2010-05-27,1599604.0,116987.0
2010-05-28,1225714.0,105539.0
2010-05-31,1757102.0,119314.0
2010-06-01,1345206.0,116280.0
2010-06-02,1855194.0,100734.0
2010-06-03,1698688.0,98842.0
2010-06-04,2020140.0,105366.0
2010-06-07,425814.0,104672.0
2010-06-08,1695586.0,106033.0
2010-06-09,1749494.0,102190.0
2010-06-10,1389060.0,86205.0
2010-06-11,756430.0,80895.0
2010-06-17,384338.0,72803.0
2010-06-18,669722.0,78537.0
2010-06-21,676854.0,61634.0
2010-06-22,406568.0,54460.0
2010-06-23,1964146.0,86037.0
2010-06-24,1833954.0,85051.0
2010-06-25,1998480.0,96472.0
2010-06-28,1596924.0,89816.0
2010-06-29,1493090.0,94562.0
2010-06-30,1957516.0,109702.0
2010-07-01,2261658.0,109056.0
2010-07-02,1872050.0,96606.0
2010-07-05,1679826.0,99039.0
2010-07-06,1798124.0,103817.0
2010-07-07,1382440.0,113625.0
2010-07-08,1151932.0,102871.0
2010-07-09,992828.0,95905.0
2010-07-12,1548418.0,123992.0
2010-07-13,1564514.0,121714.0
2010-07-14,1982560.0,112737.0
2010-07-15,1558124.0,111498.0
2010-07-16,1438134.0,101010.0
2010-07-19,1186982.0,99654.0
2010-07-20,1277378.0,108343.0
2010-07-21,1109256.0,99350.0
2010-07-22,1616782.0,115283.0
2010-07-23,1324110.0,107194.0
2010-07-26,1153752.0,96284.0
2010-07-27,1418004.0,79861.0
2010-07-28,1163602.0,91832.0
2010-07-29,763180.0,86616.0
2010-07-30,425532.0,81605.0
2010-08-02,1363124.0,105470.0
2010-08-03,1393860.0,100018.0
2010-08-04,1429158.0,136291.0
2010-08-05,1910132.0,122972.0
2010-08-06,1639690.0,114681.0
2010-08-09,1088150.0,115377.0
2010-08-10,1396162.0,129129.0
2010-08-11,1167240.0,131194.0
2010-08-12,1342300.0,134957.0
2010-08-13,1041098.0,136074.0
2010-08-16,1092708.0,118084.0
2010-08-17,1319932.0,147565.0
2010-08-18,1009254.0,143196.0
2010-08-19,1011694.0,156101.0
2010-08-20,1105640.0,130109.0
2010-08-23,1086510.0,136727.0
2010-08-24,1341658.0,116788.0
2010-08-25,1320038.0,122651.0
2010-08-26,880610.0,124572.0
2010-08-27,867488.0,121733.0
2010-08-30,1012108.0,127367.0
2010-08-31,986414.0,123823.0
2010-09-01,1100210.0,119260.0
2010-09-02,979594.0,125306.0
2010-09-03,763414.0,122442.0
2010-09-06,606486.0,115394.0
2010-09-07,573742.0,113703.0
2010-09-08,688308.0,106864.0
2010-09-09,1150246.0,84163.0
2010-09-10,846420.0,64679.0
2010-09-13,428218.0,54303.0
2010-09-14,1263440.0,89400.0
2010-09-15,1150998.0,88850.0
2010-09-16,1184168.0,88122.0
2010-09-17,1108378.0,96400.0
2010-09-20,750136.0,88356.0
2010-09-21,895418.0,87432.0
2010-09-27,681732.0,76449.0
2010-09-28,663152.0,74427.0
2010-09-29,853708.0,80441.0
2010-09-30,619218.0,62289.0
2010-10-08,680234.0,72911.0
2010-10-11,439044.0,92546.0
2010-10-12,1204656.0,116163.0
2010-10-13,1284732.0,133223.0
2010-10-14,1353342.0,130142.0
2010-10-15,1277568.0,136221.0
2010-10-18,1337880.0,151668.0
2010-10-19,1669618.0,139641.0
2010-10-20,1215064.0,119447.0
2010-10-21,1298376.0,82356.0
2010-10-22,770466.0,66364.0
2010-10-25,331992.0,58292.0
2010-10-26,232654.0,42473.0
2010-10-27,926076.0,79630.0
2010-10-28,1029146.0,94027.0
2010-10-29,1092554.0,81668.0
2010-11-01,838276.0,82521.0
2010-11-02,1137318.0,94083.0
2010-11-03,970398.0,99696.0
2010-11-04,1005736.0,121259.0
2010-11-05,23752.0,118319.0
2010-11-08,1284394.0,93916.0
2010-11-09,1156516.0,93959.0
2010-11-10,1224884.0,103156.0
2010-11-11,1839010.0,110936.0
2010-11-12,34184.0,104748.0
2010-11-15,908158.0,67274.0
2010-11-16,1566152.0,72949.0
2010-11-17,652188.0,70274.0
2010-11-18,1475294.0,70853.0
2010-11-19,1333210.0,83698.0
2010-11-22,1420122.0,83065.0
2010-11-23,432588.0,74199.0
2010-11-24,1614414.0,75866.0
2010-11-25,1540782.0,93933.0
2010-11-26,764610.0,81464.0
2010-11-29,1252166.0,71438.0
2010-11-30,1363902.0,70290.0
2010-12-01,1364886.0,69501.0
2010-12-02,784486.0,68965.0
2010-12-03,1202768.0,62872.0
2010-12-06,780806.0,68410.0
2010-12-07,683698.0,71254.0
2010-12-08,896800.0,67903.0
2010-12-09,1005452.0,73346.0
2010-12-10,905474.0,90865.0
2010-12-13,573706.0,89980.0
2010-12-14,881230.0,82449.0
2010-12-15,933480.0,85732.0
2010-12-16,926854.0,85722.0
2010-12-17,1013342.0,94499.0
2010-12-20,1102432.0,96386.0
2010-12-21,1172788.0,105937.0
2010-12-22,1060490.0,99809.0
2010-12-23,932074.0,97226.0
2010-12-24,998258.0,96616.0
2010-12-27,858082.0,96451.0
2010-12-28,1052220.0,99834.0
2010-12-29,704566.0,87171.0
2010-12-30,757010.0,82317.0
2010-12-31,596546.0,82773.0
2011-01-04,602190.0,98540.0
2011-01-05,798046.0,119593.0
2011-01-06,550824.0,110533.0
2011-01-07,1042374.0,95881.0
2011-01-10,753260.0,99406.0
2011-01-11,700912.0,101590.0
2011-01-12,577978.0,98059.0
2011-01-13,843840.0,108171.0
2011-01-14,771396.0,114793.0
2011-01-17,657014.0,113277.0
2011-01-18,726428.0,107973.0
2011-01-19,772250.0,126200.0
2011-01-20,788972.0,125600.0
2011-01-21,734228.0,118440.0
2011-01-24,541502.0,109789.0
2011-01-25,625752.0,96129.0
2011-01-26,722902.0,90772.0
2011-01-27,630734.0,92820.0
2011-01-28,610376.0,100062.0
2011-01-31,502578.0,89532.0
2011-02-01,416200.0,80608.0
2011-02-09,279152.0,80465.0
2011-02-10,398552.0,87199.0
2011-02-11,517500.0,89905.0
2011-02-14,444090.0,91165.0
2011-02-15,535802.0,92701.0
2011-02-16,613876.0,87207.0
2011-02-17,616396.0,85657.0
2011-02-18,728602.0,80904.0
2011-02-21,526410.0,75701.0
2011-02-22,890908.0,79662.0
2011-02-23,650698.0,83699.0
2011-02-24,713246.0,82129.0
2011-02-25,552060.0,80515.0
2011-02-28,841458.0,86313.0
2011-03-01,668122.0,86400.0
2011-03-02,678674.0,77299.0
2011-03-03,736334.0,77975.0
2011-03-04,865002.0,81725.0
2011-03-07,606840.0,73579.0
2011-03-08,475334.0,64010.0
2011-03-09,715848.0,62802.0
2011-03-10,556588.0,65341.0
2011-03-11,565728.0,66972.0
2011-03-14,239096.0,61661.0
2011-03-15,762066.0,58252.0
2011-03-16,496334.0,44879.0
2011-03-17,297320.0,34025.0
2011-03-18,635322.0,70898.0
2011-03-21,706296.0,77111.0
2011-03-22,716314.0,91782.0
2011-03-23,738558.0,95494.0
2011-03-24,671336.0,94941.0
2011-03-25,780720.0,99507.0
2011-03-28,700386.0,88932.0
2011-03-29,721670.0,91218.0
2011-03-30,681794.0,90786.0
2011-03-31,725718.0,83350.0
2011-04-01,716894.0,80461.0
2011-04-06,597070.0,85534.0
2011-04-07,448114.0,82604.0
2011-04-08,581410.0,92490.0
2011-04-11,501028.0,94290.0
2011-04-12,495298.0,88187.0
2011-04-13,696270.0,91895.0
2011-04-14,756046.0,88290.0
2011-04-15,785688.0,90673.0
2011-04-18,594112.0,97341.0
2011-04-19,723180.0,101034.0
2011-04-20,656158.0,102518.0
2011-04-21,810902.0,104344.0
2011-04-22,798786.0,91601.0
2011-04-25,803154.0,110437.0
2011-04-26,630100.0,106353.0
2011-04-27,948158.0,119216.0
2011-04-28,1034828.0,113727.0
2011-04-29,882804.0,110884.0
2011-05-03,615168.0,120565.0
2011-05-04,713980.0,119268.0
2011-05-05,624970.0,119784.0
2011-05-06,758522.0,114477.0
2011-05-09,810162.0,121433.0
2011-05-10,1064864.0,128699.0
2011-05-11,959274.0,126536.0
2011-05-12,1036668.0,126266.0
2011-05-13,1160468.0,128683.0
2011-05-16,1206316.0,133266.0
2011-05-17,1417500.0,132097.0
2011-05-18,1117568.0,125706.0
2011-05-19,1317480.0,129334.0
2011-05-20,1133846.0,124090.0
2011-05-23,1116118.0,132390.0
2011-05-24,1035226.0,126160.0
2011-05-25,1340364.0,139655.0
2011-05-26,843434.0,127954.0
2011-05-27,895292.0,124883.0
2011-05-30,888114.0,132533.0
2011-05-31,954418.0,126784.0
2011-06-01,868440.0,133226.0
2011-06-02,819608.0,136538.0
2011-06-03,785558.0,133794.0
2011-06-07,928656.0,141781.0
2011-06-08,1183430.0,137544.0
2011-06-09,1026794.0,137163.0
2011-06-10,1127020.0,131042.0
2011-06-13,841496.0,134959.0
2011-06-14,923864.0,136783.0
2011-06-15,729052.0,144136.0
2011-06-16,727526.0,139911.0
2011-06-17,837580.0,143957.0
2011-06-20,657304.0,141038.0
2011-06-21,919616.0,131377.0
2011-06-22,996880.0,126811.0
2011-06-23,740296.0,119133.0
2011-06-24,795818.0,112412.0
2011-06-27,710182.0,97635.0
2011-06-28,640176.0,101112.0
2011-06-29,589466.0,92250.0
2011-06-30,445968.0,77087.0
2011-07-01,293676.0,69226.0
2011-07-04,235330.0,57093.0
2011-07-05,136792.0,48407.0
2011-07-06,576604.0,95988.0
2011-07-07,549814.0,100740.0
2011-07-08,722946.0,95114.0
2011-07-11,660250.0,103825.0
2011-07-12,836750.0,116390.0
2011-07-13,598124.0,105908.0
2011-07-14,740012.0,118102.0
2011-07-15,733334.0,114464.0
2011-07-18,694106.0,115187.0
2011-07-19,831876.0,121188.0
2011-07-20,805276.0,119562.0
2011-07-21,736124.0,118030.0
2011-07-22,708164.0,122744.0
2011-07-25,584164.0,119415.0
2011-07-26,627160.0,120515.0
2011-07-27,488564.0,111724.0
2011-07-28,613366.0,106630.0
2011-07-29,649288.0,104598.0
2011-08-01,452436.0,100256.0
2011-08-02,447532.0,100804.0
2011-08-03,452264.0,102184.0
2011-08-04,503444.0,107062.0
2011-08-05,679676.0,97561.0
2011-08-08,601052.0,104716.0
2011-08-09,655500.0,108559.0
2011-08-10,571418.0,99683.0
2011-08-11,818658.0,119246.0
2011-08-12,580486.0,113392.0
2011-08-15,464684.0,109424.0
2011-08-16,547854.0,106357.0
2011-08-17,574662.0,98235.0
2011-08-18,670662.0,107365.0
2011-08-19,619524.0,104743.0
2011-08-22,618204.0,109845.0
2011-08-23,785022.0,103781.0
2011-08-24,549236.0,100003.0
2011-08-25,667608.0,95198.0
2011-08-26,693914.0,94538.0
2011-08-29,422704.0,93778.0
2011-08-30,656430.0,98037.0
2011-08-31,405940.0,97703.0
2011-09-01,515462.0,93701.0
2011-09-02,457812.0,89048.0
2011-09-05,600012.0,100741.0
2011-09-06,726168.0,104073.0
2011-09-07,665958.0,97081.0
2011-09-08,463086.0,92511.0
2011-09-09,668824.0,89811.0
2011-09-13,645890.0,91174.0
2011-09-14,869178.0,99224.0
2011-09-15,934794.0,102151.0
2011-09-16,869932.0,99432.0
2011-09-19,816088.0,123637.0
2011-09-20,847960.0,126136.0
2011-09-21,1216294.0,118197.0
2011-09-22,951298.0,119218.0
2011-09-23,1032314.0,116376.0
2011-09-26,1009508.0,121689.0
2011-09-27,1208360.0,111314.0
2011-09-28,1349048.0,107550.0
2011-09-29,1009050.0,93507.0
2011-09-30,830976.0,79069.0
2011-10-10,628098.0,91648.0
2011-10-11,894610.0,103481.0
2011-10-12,1199724.0,105404.0
2011-10-13,920870.0,105056.0
2011-10-14,973986.0,108626.0
2011-10-17,888866.0,115707.0
2011-10-18,860548.0,116666.0
2011-10-19,1577760.0,126506.0
2011-10-20,159068.0,118268.0
2011-10-21,1704606.0,116324.0
2011-10-24,1634484.0,103785.0
2011-10-25,1647730.0,90365.0
2011-10-26,1778906.0,92483.0
2011-10-27,1520888.0,104112.0
2011-10-28,1038164.0,86779.0
2011-10-31,1308420.0,90254.0
2011-11-01,1576532.0,104684.0
2011-11-02,1480452.0,96552.0
2011-11-03,1424472.0,103695.0
2011-11-04,1872798.0,101648.0
2011-11-07,1525654.0,94540.0
2011-11-08,1717638.0,104028.0
2011-11-09,1883714.0,112088.0
2011-11-10,66006.0,104565.0
2011-11-11,1222478.0,99221.0
2011-11-14,803666.0,82286.0
2011-11-15,676792.0,64209.0
2011-11-16,462994.0,40150.0
2011-11-17,1407516.0,115203.0
2011-11-18,1480756.0,107252.0
2011-11-21,991402.0,118352.0
2011-11-22,1093834.0,112993.0
2011-11-23,1185612.0,124298.0
2011-11-24,1522826.0,118335.0
2011-11-25,1048050.0,115489.0
2011-11-28,1066832.0,107121.0
2011-11-29,1010714.0,112025.0
2011-11-30,994148.0,105349.0
2011-12-01,875178.0,96096.0
2011-12-02,727912.0,97155.0
2011-12-05,702138.0,99770.0
2011-12-06,639788.0,102798.0
2011-12-07,904120.0,132104.0
2011-12-08,808000.0,124774.0
2011-12-09,858258.0,113861.0
2011-12-12,774842.0,121736.0
2011-12-13,675208.0,122324.0
2011-12-14,763152.0,124994.0
2011-12-15,802240.0,113053.0
2011-12-16,729626.0,111859.0
2011-12-19,856574.0,122150.0
2011-12-20,1019290.0,122058.0
2011-12-21,834038.0,125711.0
2011-12-22,807196.0,122100.0
2011-12-23,653258.0,124467.0
2011-12-26,708640.0,130791.0
2011-12-27,672678.0,125111.0
2011-12-28,820242.0,137540.0
2011-12-29,609326.0,144289.0
2011-12-30,900810.0,143044.0
2012-01-04,1041404.0,180144.0
2012-01-05,1379086.0,137810.0
2012-01-06,1079326.0,138309.0
2012-01-09,802694.0,131154.0
2012-01-10,1148338.0,133806.0
2012-01-11,892958.0,141947.0
2012-01-12,764826.0,138594.0
2012-01-13,905794.0,128641.0
2012-01-16,994962.0,138074.0
2012-01-17,987238.0,117295.0
2012-01-18,904424.0,122393.0
2012-01-19,691746.0,114655.0
2012-01-20,813664.0,101596.0
2012-01-30,709538.0,108357.0
2012-01-31,902154.0,132993.0
2012-02-01,839718.0,126100.0
2012-02-02,948060.0,128745.0
2012-02-03,907510.0,141215.0
2012-02-06,732270.0,156436.0
2012-02-07,923590.0,151740.0
2012-02-08,908670.0,155893.0
2012-02-09,1193292.0,148221.0
2012-02-10,1280318.0,146248.0
2012-02-13,1035634.0,146964.0
2012-02-14,841280.0,140879.0
2012-02-15,962208.0,151004.0
2012-02-16,1177450.0,128555.0
2012-02-17,1107382.0,121367.0
2012-02-20,820810.0,120217.0
2012-02-21,1037500.0,139957.0
2012-02-22,812664.0,131485.0
2012-02-23,896040.0,132467.0
2012-02-24,1188410.0,135135.0
2012-02-27,943974.0,138124.0
2012-02-28,919798.0,137607.0
2012-02-29,911940.0,147114.0
2012-03-01,1153982.0,140411.0
2012-03-02,992222.0,130298.0
2012-03-05,898460.0,135952.0
2012-03-06,762548.0,125369.0
2012-03-07,579940.0,120261.0
2012-03-08,719672.0,127590.0
2012-03-09,881416.0,118020.0
2012-03-12,782348.0,125156.0
2012-03-13,692742.0,130548.0
2012-03-14,828712.0,116325.0
2012-03-15,787794.0,101206.0
2012-03-16,864470.0,102511.0
2012-03-19,692274.0,107626.0
2012-03-20,836980.0,102302.0
2012-03-21,771674.0,102917.0
2012-03-22,752606.0,98532.0
2012-03-23,551662.0,90250.0
2012-03-26,444600.0,85797.0
2012-03-27,390820.0,78685.0
2012-03-28,394544.0,72619.0
2012-03-29,392142.0,59740.0
2012-03-30,231472.0,41217.0
2012-04-05,129944.0,31647.0
2012-04-06,57256.0,25091.0
2012-04-09,373554.0,49968.0
2012-04-10,426484.0,50111.0
2012-04-11,324418.0,49360.0
2012-04-12,264748.0,49911.0
2012-04-13,291592.0,57603.0
2012-04-16,231518.0,54904.0
2012-04-17,213928.0,55523.0
2012-04-18,336042.0,51582.0
2012-04-19,255832.0,54407.0
2012-04-20,228632.0,49777.0
2012-04-23,281512.0,50523.0
2012-04-24,383878.0,51463.0
2012-04-25,187698.0,51670.0
2012-04-26,238076.0,51801.0
2012-04-27,183412.0,47466.0
2012-05-02,180066.0,49127.0
2012-05-03,234692.0,53745.0
2012-05-04,210012.0,50149.0
2012-05-07,199598.0,51460.0
2012-05-08,251088.0,52680.0
2012-05-09,331954.0,56253.0
2012-05-10,303752.0,57815.0
2012-05-11,382616.0,61413.0
2012-05-14,450344.0,63022.0
2012-05-15,516002.0,61212.0
2012-05-16,519100.0,64893.0
2012-05-17,537142.0,62747.0
2012-05-18,741588.0,60193.0
2012-05-21,453832.0,61608.0
2012-05-22,395428.0,60654.0
2012-05-23,399582.0,62905.0
2012-05-24,571932.0,68266.0
2012-05-25,502174.0,64580.0
2012-05-28,431426.0,63813.0
2012-05-29,454528.0,66869.0
2012-05-30,538506.0,61842.0
2012-05-31,407690.0,62863.0
2012-06-01,643298.0,66843.0
2012-06-04,631090.0,71779.0
2012-06-05,603200.0,73016.0
2012-06-06,818118.0,67225.0
2012-06-07,625110.0,67471.0
2012-06-08,754542.0,72002.0
2012-06-11,598726.0,64989.0
2012-06-12,493474.0,67667.0
2012-06-13,473566.0,69544.0
2012-06-14,716710.0,71764.0
2012-06-15,757266.0,63648.0
2012-06-18,570294.0,65657.0
2012-06-19,527570.0,68917.0
2012-06-20,474914.0,67703.0
2012-06-21,490800.0,66588.0
2012-06-25,502490.0,68268.0
2012-06-26,505836.0,68153.0
2012-06-27,523418.0,68784.0
2012-06-28,478322.0,65632.0
2012-06-29,635082.0,63782.0
2012-07-02,423692.0,64168.0
2012-07-03,663660.0,65700.0
2012-07-04,601822.0,66195.0
2012-07-05,541222.0,67751.0
2012-07-06,580966.0,62355.0
2012-07-09,513804.0,63608.0
2012-07-10,665534.0,61191.0
2012-07-11,564610.0,52840.0
2012-07-12,492216.0,52517.0
2012-07-13,499480.0,60407.0
2012-07-16,423296.0,54989.0
2012-07-17,452862.0,53017.0
2012-07-18,355996.0,47636.0
2012-07-19,321862.0,39911.0
2012-07-20,184986.0,30796.0
2012-07-23,151988.0,23331.0
2012-07-24,582946.0,62044.0
2012-07-25,521602.0,67834.0
2012-07-26,523844.0,67183.0
2012-07-27,577652.0,64929.0
2012-07-30,578136.0,67102.0
2012-07-31,565116.0,65705.0
2012-08-01,684434.0,65512.0
2012-08-02,526090.0,67052.0
2012-08-03,464090.0,62615.0
2012-08-06,376444.0,64374.0
2012-08-07,472234.0,64008.0
2012-08-08,557568.0,88930.0
2012-08-09,658930.0,78443.0
2012-08-10,649730.0,79616.0
2012-08-13,708770.0,99945.0
2012-08-14,980012.0,93942.0
2012-08-15,897504.0,90832.0
2012-08-16,589166.0,86802.0
2012-08-17,567716.0,82877.0
2012-08-20,582112.0,84432.0
2012-08-21,617160.0,82842.0
2012-08-22,616802.0,84626.0
2012-08-23,755972.0,84250.0
2012-08-24,467550.0,78043.0
2012-08-27,640978.0,79932.0
2012-08-28,478596.0,73574.0
2012-08-29,760192.0,71848.0
2012-08-30,674842.0,70630.0
2012-08-31,535842.0,67391.0
2012-09-03,514022.0,70304.0
2012-09-04,624102.0,71084.0
2012-09-05,461442.0,70334.0
2012-09-06,570480.0,69338.0
2012-09-07,797706.0,72775.0
2012-09-10,582098.0,80175.0
2012-09-11,665750.0,86632.0
2012-09-12,616124.0,82333.0
2012-09-13,525246.0,78490.0
2012-09-14,739466.0,70739.0
2012-09-17,482020.0,70855.0
2012-09-18,765218.0,74197.0
2012-09-19,589136.0,69805.0
2012-09-20,624360.0,63677.0
2012-09-21,615222.0,59073.0
2012-09-24,545496.0,56080.0
2012-09-25,436422.0,56225.0
2012-09-26,585518.0,59512.0
2012-09-27,467108.0,51001.0
2012-09-28,471974.0,53398.0
2012-10-08,418372.0,54782.0
2012-10-09,783646.0,81341.0
2012-10-10,437728.0,80229.0
2012-10-11,690178.0,78374.0
2012-10-12,689760.0,74538.0
2012-10-15,596134.0,72873.0
2012-10-16,464738.0,74543.0
2012-10-17,518234.0,73507.0
2012-10-18,430630.0,77167.0
2012-10-19,620314.0,74414.0
2012-10-22,420820.0,76398.0
2012-10-23,651720.0,74676.0
2012-10-24,573930.0,79507.0
2012-10-25,621708.0,81063.0
2012-10-26,574294.0,70785.0
2012-10-29,539926.0,63914.0
2012-10-30,410808.0,59369.0
2012-10-31,352988.0,57202.0
2012-11-01,217316.0,44173.0
2012-11-02,120540.0,37004.0
2012-11-05,590808.0,58600.0
2012-11-06,509652.0,62715.0
2012-11-07,617396.0,62471.0
2012-11-08,450834.0,61423.0
2012-11-09,655312.0,63135.0
2012-11-12,566716.0,65002.0
2012-11-13,494848.0,66749.0
2012-11-14,524756.0,67428.0
2012-11-15,662768.0,69680.0
2012-11-16,582352.0,70833.0
2012-11-19,472888.0,71668.0
2012-11-20,441654.0,71946.0
2012-11-21,477554.0,72434.0
2012-11-22,367234.0,73311.0
2012-11-23,476782.0,68479.0
2012-11-26,379600.0,71037.0
2012-11-27,522872.0,78206.0
2012-11-28,420754.0,78204.0
2012-11-29,477212.0,76731.0
2012-11-30,484664.0,73500.0
2012-12-03,484704.0,75030.0
2012-12-04,387188.0,77674.0
2012-12-05,474872.0,80963.0
2012-12-06,410356.0,77350.0
2012-12-07,446196.0,75114.0
2012-12-10,442204.0,79374.0
2012-12-11,340050.0,76627.0
2012-12-12,456584.0,81338.0
2012-12-13,375636.0,76847.0
2012-12-14,578958.0,83798.0
2012-12-17,546292.0,87263.0
2012-12-18,474066.0,82513.0
2012-12-19,339142.0,81388.0
2012-12-20,408876.0,70857.0
2012-12-21,397064.0,69389.0
2012-12-24,263482.0,73868.0
2012-12-25,419250.0,73588.0
2012-12-26,243194.0,73576.0
2012-12-27,420328.0,76693.0
2012-12-28,312534.0,76388.0
2012-12-31,315864.0,71405.0
2013-01-04,253494.0,71172.0
2013-01-07,378260.0,73104.0
2013-01-08,358170.0,70640.0
2013-01-09,310256.0,69866.0
2013-01-10,280448.0,72556.0
2013-01-11,400080.0,67781.0
2013-01-14,349848.0,67678.0
2013-01-15,427780.0,70593.0
2013-01-16,350832.0,66113.0
2013-01-17,272300.0,66112.0
2013-01-18,282882.0,63592.0
2013-01-21,202064.0,64367.0
2013-01-22,297090.0,64342.0
2013-01-23,166216.0,65249.0
2013-01-24,298740.0,63036.0
2013-01-25,186352.0,66247.0
2013-01-28,214772.0,64079.0
2013-01-29,251966.0,64857.0
2013-01-30,183602.0,63402.0
2013-01-31,189682.0,59725.0
2013-02-01,238504.0,59442.0
2013-02-04,220938.0,57587.0
2013-02-05,206520.0,52559.0
2013-02-06,148234.0,47871.0
2013-02-07,104830.0,38897.0
2013-02-08,60672.0,34853.0
2013-02-18,48808.0,32921.0
2013-02-19,36248.0,32094.0
2013-02-20,209598.0,54694.0
2013-02-21,343394.0,49635.0
2013-02-22,186748.0,49163.0
2013-02-25,256940.0,54078.0
2013-02-26,252498.0,56146.0
2013-02-27,311510.0,58920.0
2013-02-28,259924.0,60021.0
2013-03-01,425134.0,61933.0
2013-03-04,348126.0,64942.0
2013-03-05,278576.0,63924.0
2013-03-06,370996.0,65469.0
2013-03-07,296710.0,69012.0
2013-03-08,352030.0,69029.0
2013-03-11,274152.0,68431.0
2013-03-12,506842.0,82233.0
2013-03-13,437574.0,84697.0
2013-03-14,403176.0,77535.0
2013-03-15,419124.0,74244.0
2013-03-18,412414.0,69527.0
2013-03-19,326124.0,65218.0
2013-03-20,360900.0,65971.0
2013-03-21,343186.0,67405.0
2013-03-22,297654.0,65547.0
2013-03-25,290840.0,69628.0
2013-03-26,300848.0,68728.0
2013-03-27,291176.0,72396.0
2013-03-28,400384.0,80570.0
2013-03-29,427478.0,71292.0
2013-04-01,380876.0,77347.0
2013-04-02,515132.0,79476.0
2013-04-03,470886.0,79402.0
2013-04-08,514648.0,88353.0
2013-04-09,483768.0,93670.0
2013-04-10,498034.0,92294.0
2013-04-11,510256.0,94792.0
2013-04-12,505258.0,98533.0
2013-04-15,267152.0,102161.0
2013-04-16,624276.0,85103.0
2013-04-17,749946.0,97055.0
2013-04-18,571112.0,88358.0
2013-04-19,716216.0,80205.0
2013-04-22,541130.0,85511.0
2013-04-23,741400.0,88620.0
2013-04-24,645096.0,84108.0
2013-04-25,576936.0,80306.0
2013-04-26,592562.0,74230.0
2013-05-02,447302.0,78421.0
2013-05-03,407512.0,76728.0
2013-05-06,696226.0,80336.0
2013-05-07,754232.0,82044.0
2013-05-08,821318.0,82806.0
2013-05-09,654148.0,79425.0
2013-05-10,820268.0,83741.0
2013-05-13,693014.0,81381.0
2013-05-14,699920.0,82129.0
2013-05-15,644238.0,77335.0
2013-05-16,691520.0,77711.0
2013-05-17,719142.0,77764.0
2013-05-20,580754.0,78838.0
2013-05-21,642760.0,83119.0
2013-05-22,692732.0,82780.0
2013-05-23,730354.0,89883.0
2013-05-24,800176.0,86595.0
2013-05-27,668452.0,93416.0
2013-05-28,701956.0,94639.0
2013-05-29,728910.0,99840.0
2013-05-30,778494.0,94818.0
2013-05-31,733430.0,94896.0
2013-06-03,627398.0,94434.0
2013-06-04,650098.0,92230.0
2013-06-05,727408.0,102001.0
2013-06-06,731820.0,105468.0
2013-06-07,566258.0,95659.0
2013-06-13,497004.0,101188.0
2013-06-14,472412.0,100893.0
2013-06-17,505230.0,101688.0
2013-06-18,566078.0,100237.0
2013-06-19,512684.0,94928.0
2013-06-20,492408.0,92401.0
2013-06-21,495212.0,79294.0
2013-06-24,426120.0,83789.0
2013-06-25,434486.0,69538.0
2013-06-26,286990.0,69559.0
2013-06-27,242076.0,63610.0
2013-06-28,176050.0,60580.0
2013-07-01,664312.0,78105.0
2013-07-02,582450.0,78490.0
2013-07-03,736620.0,83103.0
2013-07-04,705694.0,76812.0
2013-07-05,596708.0,78595.0
2013-07-08,777500.0,93903.0
2013-07-09,721404.0,101435.0
2013-07-10,830306.0,93590.0
2013-07-11,674242.0,82369.0
2013-07-12,788596.0,81614.0
2013-07-15,709572.0,83263.0
2013-07-16,770676.0,86769.0
2013-07-17,1002958.0,91387.0
2013-07-18,1002560.0,89409.0
2013-07-19,854846.0,86931.0
2013-07-22,751664.0,88480.0
2013-07-23,740782.0,93070.0
2013-07-24,1027204.0,103915.0
2013-07-25,883552.0,103563.0
2013-07-26,791840.0,93984.0
2013-07-29,686204.0,89732.0
2013-07-30,661568.0,88280.0
2013-07-31,852148.0,90776.0
2013-08-01,833566.0,95207.0
2013-08-02,771168.0,96448.0
2013-08-05,759176.0,102648.0
2013-08-06,751394.0,104503.0
2013-08-07,789750.0,93484.0
2013-08-08,1040558.0,94173.0
2013-08-09,836314.0,92843.0
2013-08-12,762408.0,97419.0
2013-08-13,778900.0,95430.0
2013-08-14,758926.0,92032.0
2013-08-15,755312.0,91307.0
2013-08-16,1031700.0,87650.0
2013-08-19,738992.0,89379.0
2013-08-20,724828.0,84724.0
2013-08-21,643808.0,87263.0
2013-08-22,819514.0,96925.0
2013-08-23,892402.0,101185.0
2013-08-26,698268.0,94071.0
2013-08-27,632828.0,91625.0
2013-08-28,898028.0,93574.0
2013-08-29,745592.0,88901.0
2013-08-30,732466.0,88749.0
2013-09-02,743790.0,101836.0
2013-09-03,730592.0,94620.0
2013-09-04,681370.0,91544.0
2013-09-05,839996.0,89545.0
2013-09-06,686284.0,85352.0
2013-09-09,574652.0,87804.0
2013-09-10,621572.0,86508.0
2013-09-11,693856.0,84660.0
2013-09-12,619998.0,86849.0
2013-09-13,583650.0,79106.0
2013-09-16,610090.0,86020.0
2013-09-17,763790.0,85595.0
2013-09-18,756672.0,82673.0
2013-09-23,575300.0,84327.0
2013-09-24,651610.0,80713.0
2013-09-25,583430.0,77187.0
2013-09-26,594126.0,73035.0
2013-09-27,622710.0,68213.0
2013-09-30,352632.0,62885.0
2013-10-08,410538.0,65504.0
2013-10-09,472300.0,71002.0
2013-10-10,455800.0,75936.0
2013-10-11,612938.0,68965.0
2013-10-14,626490.0,86418.0
2013-10-15,562340.0,85536.0
2013-10-16,591096.0,75342.0
2013-10-17,658006.0,82435.0
2013-10-18,478540.0,81677.0
2013-10-21,500666.0,76824.0
2013-10-22,426498.0,75832.0
2013-10-23,529886.0,84373.0
2013-10-24,517904.0,85083.0
2013-10-25,566710.0,84809.0
2013-10-28,386994.0,80718.0
2013-10-29,401056.0,75802.0
2013-10-30,293822.0,68636.0
2013-10-31,225126.0,64094.0
2013-11-01,188640.0,63464.0
2013-11-04,114616.0,58427.0
2013-11-05,563586.0,72744.0
2013-11-06,514662.0,76118.0
2013-11-07,530160.0,78827.0
2013-11-08,525690.0,76139.0
2013-11-11,502018.0,83609.0
2013-11-12,503100.0,88587.0
2013-11-13,491340.0,82518.0
2013-11-14,418792.0,85817.0
2013-11-15,543572.0,87370.0
2013-11-18,369678.0,87933.0
2013-11-19,447752.0,89427.0
2013-11-20,438990.0,89693.0
2013-11-21,429786.0,91159.0
2013-11-22,484702.0,97914.0
2013-11-25,488890.0,104447.0
2013-11-26,480746.0,100430.0
2013-11-27,383176.0,100293.0
2013-11-28,555302.0,93865.0
2013-11-29,545714.0,98569.0
2013-12-02,385570.0,97121.0
2013-12-03,439402.0,98405.0
2013-12-04,466912.0,102749.0
2013-12-05,461116.0,109480.0
2013-12-06,495774.0,107697.0
2013-12-09,449806.0,109154.0
2013-12-10,361060.0,108483.0
2013-12-11,398814.0,103355.0
2013-12-12,559016.0,107278.0
2013-12-13,531814.0,95262.0
2013-12-16,366246.0,94367.0
2013-12-17,515480.0,101955.0
2013-12-18,422798.0,101883.0
2013-12-19,460308.0,103647.0
2013-12-20,470696.0,100625.0
2013-12-23,527682.0,109097.0
2013-12-24,401512.0,110618.0
2013-12-25,543094.0,107545.0
2013-12-26,423596.0,107867.0
2013-12-27,407796.0,103644.0
2013-12-30,385832.0,108203.0
2013-12-31,427804.0,104961.0
2014-01-02,354254.0,107343.0
2014-01-03,422786.0,112900.0
2014-01-06,439186.0,113427.0
2014-01-07,626044.0,115073.0
2014-01-08,446668.0,111864.0
2014-01-09,553446.0,106346.0
2014-01-10,437596.0,104152.0
2014-01-13,530984.0,114776.0
2014-01-14,590184.0,105561.0
2014-01-15,539538.0,104744.0
2014-01-16,528038.0,103108.0
2014-01-17,448570.0,101624.0
2014-01-20,459778.0,100412.0
2014-01-21,493972.0,110856.0
2014-01-22,566314.0,101529.0
2014-01-23,533002.0,100613.0
2014-01-24,519560.0,102258.0
2014-01-27,527686.0,113094.0
2014-01-28,485924.0,113047.0
2014-01-29,414048.0,108454.0
2014-01-30,389136.0,103459.0
2014-02-07,364196.0,108554.0
2014-02-10,539634.0,102769.0
2014-02-11,356072.0,100164.0
2014-02-12,521414.0,107197.0
2014-02-13,364488.0,105665.0
2014-02-14,390240.0,102207.0
2014-02-17,598168.0,96237.0
2014-02-18,486424.0,93957.0
2014-02-19,480120.0,94846.0
2014-02-20,633766.0,98423.0
2014-02-21,400782.0,96581.0
2014-02-24,253844.0,97816.0
2014-02-25,488162.0,93875.0
2014-02-26,427400.0,90484.0
2014-02-27,350236.0,90706.0
2014-02-28,443158.0,80955.0
2014-03-03,589802.0,104978.0
2014-03-04,654724.0,109152.0
2014-03-05,845150.0,108326.0
2014-03-06,713000.0,111109.0
2014-03-07,886234.0,115659.0
2014-03-10,571660.0,106115.0
2014-03-11,667976.0,107164.0
2014-03-12,1134928.0,109186.0
2014-03-13,666038.0,110933.0
2014-03-14,847018.0,111958.0
2014-03-17,923268.0,114436.0
2014-03-18,834860.0,112259.0
2014-03-19,1019314.0,114051.0
2014-03-20,846500.0,111253.0
2014-03-21,842978.0,110809.0
2014-03-24,809610.0,118661.0
2014-03-25,915924.0,115956.0
2014-03-26,689174.0,120835.0
2014-03-27,1163036.0,118031.0
2014-03-28,932988.0,118046.0
2014-03-31,781400.0,117566.0
2014-04-01,629994.0,124429.0
2014-04-02,754878.0,129099.0
2014-04-03,909854.0,127485.0
2014-04-04,612990.0,126964.0
2014-04-08,704444.0,134280.0
2014-04-09,811382.0,149559.0
2014-04-10,1020040.0,152731.0
2014-04-11,744648.0,155265.0
2014-04-14,826724.0,161448.0
2014-04-15,775368.0,157842.0
2014-04-16,734474.0,157527.0
2014-04-17,713464.0,170462.0
2014-04-18,945504.0,180741.0
2014-04-21,808044.0,188143.0
2014-04-22,853846.0,188373.0
2014-04-23,929162.0,190478.0
2014-04-24,772904.0,183629.0
2014-04-25,843602.0,181161.0
2014-04-28,1029164.0,177913.0
2014-04-29,934230.0,167778.0
2014-04-30,580726.0,162947.0
2014-05-05,586632.0,165751.0
2014-05-06,556214.0,172483.0
2014-05-07,635942.0,172365.0
2014-05-08,662458.0,170672.0
2014-05-09,643906.0,175191.0
2014-05-12,755724.0,168739.0
2014-05-13,611666.0,169144.0
2014-05-14,578460.0,165581.0
2014-05-15,592538.0,167273.0
2014-05-16,722082.0,169980.0
2014-05-19,935468.0,141195.0
2014-05-20,771328.0,147579.0
2014-05-21,827344.0,150111.0
2014-05-22,670730.0,149833.0
2014-05-23,770142.0,151639.0
2014-05-26,693026.0,156537.0
2014-05-27,595716.0,156241.0
2014-05-28,549154.0,154705.0
2014-05-29,657526.0,160315.0
2014-05-30,623690.0,151616.0
2014-06-03,558604.0,152504.0
2014-06-04,472482.0,153571.0
2014-06-05,622144.0,153979.0
2014-06-06,471944.0,150527.0
2014-06-09,581804.0,148332.0
2014-06-10,519700.0,145946.0
2014-06-11,602910.0,141219.0
2014-06-12,502080.0,144989.0
2014-06-13,721820.0,139668.0
2014-06-16,470542.0,138007.0
2014-06-17,530812.0,137256.0
2014-06-18,535684.0,134048.0
2014-06-19,821678.0,133275.0
2014-06-20,775554.0,150244.0
2014-06-23,707824.0,154212.0
2014-06-24,457738.0,154171.0
2014-06-25,515380.0,146105.0
2014-06-26,499996.0,144901.0
2014-06-27,420976.0,137600.0
2014-06-30,392562.0,134509.0
2014-07-01,403834.0,133400.0
2014-07-02,541374.0,126455.0
2014-07-03,430052.0,125053.0
2014-07-04,434826.0,121724.0
2014-07-07,531304.0,126089.0
2014-07-08,375610.0,123379.0
2014-07-09,418572.0,121596.0
2014-07-10,304444.0,123027.0
2014-07-11,356734.0,122842.0
2014-07-14,252780.0,116782.0
2014-07-15,275818.0,115781.0
2014-07-16,239378.0,112775.0
2014-07-17,291962.0,102287.0
2014-07-18,260254.0,100265.0
2014-07-21,171666.0,98525.0
2014-07-22,205888.0,92884.0
2014-07-23,125026.0,87955.0
2014-07-24,713734.0,106347.0
2014-07-25,442964.0,111368.0
2014-07-28,627382.0,112485.0
2014-07-29,741502.0,125608.0
2014-07-30,501526.0,123182.0
2014-07-31,467950.0,119899.0
2014-08-01,491288.0,115211.0
2014-08-04,380568.0,118549.0
2014-08-05,433134.0,121267.0
2014-08-06,417690.0,121034.0
2014-08-07,406966.0,121010.0
2014-08-08,336204.0,118318.0
2014-08-11,372244.0,124136.0
2014-08-12,438756.0,130052.0
2014-08-13,394726.0,128575.0
2014-08-14,490490.0,128671.0
2014-08-15,400896.0,129482.0
2014-08-18,433172.0,127893.0
2014-08-19,345714.0,126703.0
2014-08-20,431068.0,125760.0
2014-08-21,407458.0,127658.0
2014-08-22,456110.0,124642.0
2014-08-25,287518.0,123892.0
2014-08-26,510798.0,133124.0
2014-08-27,351764.0,126338.0
2014-08-28,407190.0,132728.0
2014-08-29,451068.0,134793.0
2014-09-01,393284.0,142131.0
2014-09-02,411370.0,133817.0
2014-09-03,472012.0,134071.0
2014-09-04,371468.0,129440.0
2014-09-05,592092.0,133268.0
2014-09-09,545516.0,134634.0
2014-09-10,530436.0,132362.0
2014-09-11,522718.0,135743.0
2014-09-12,438950.0,138049.0
2014-09-15,427148.0,137475.0
2014-09-16,437032.0,135709.0
2014-09-17,346834.0,135502.0
2014-09-18,485068.0,142810.0
2014-09-19,651120.0,138536.0
2014-09-22,330432.0,132850.0
2014-09-23,605630.0,134287.0
2014-09-24,425964.0,125220.0
2014-09-25,928956.0,122242.0
2014-09-26,814378.0,112051.0
2014-09-29,591334.0,107975.0
2014-09-30,723128.0,99337.0
2014-10-08,726836.0,104970.0
2014-10-09,630904.0,106988.0
2014-10-10,647376.0,107059.0
2014-10-13,758670.0,95385.0
2014-10-14,597744.0,96406.0
2014-10-15,636110.0,100060.0
2014-10-16,619160.0,99495.0
2014-10-17,536908.0,92805.0
2014-10-20,403094.0,94350.0
2014-10-21,481104.0,93229.0
2014-10-22,476540.0,95116.0
2014-10-23,866090.0,103886.0
2014-10-24,465088.0,99595.0
2014-10-27,580624.0,93730.0
2014-10-28,546194.0,99855.0
2014-10-29,671204.0,114061.0
2014-10-30,563306.0,110746.0
2014-10-31,558524.0,102817.0
2014-11-03,460920.0,105855.0
2014-11-04,611862.0,102680.0
2014-11-05,537556.0,98024.0
2014-11-06,447204.0,92273.0
2014-11-07,640804.0,87732.0
2014-11-10,389642.0,86913.0
2014-11-11,453308.0,85963.0
2014-11-12,581378.0,90714.0
2014-11-13,375624.0,90513.0
2014-11-14,506378.0,86981.0
2014-11-17,478820.0,88329.0
2014-11-18,495284.0,82255.0
2014-11-19,417308.0,81065.0
2014-11-20,512722.0,68989.0
2014-11-21,388920.0,62234.0
2014-11-24,601324.0,83687.0
2014-11-25,548018.0,88073.0
2014-11-26,644524.0,92939.0
2014-11-27,713146.0,90829.0
2014-11-28,630614.0,86312.0
2014-12-01,597104.0,89959.0
2014-12-02,464534.0,79730.0
2014-12-03,501140.0,87023.0
2014-12-04,674948.0,86497.0
2014-12-05,484082.0,95317.0
2014-12-08,642070.0,114080.0
2014-12-09,571374.0,103354.0
2014-12-10,876610.0,104963.0
2014-12-11,514862.0,104239.0
2014-12-12,580344.0,95244.0
2014-12-15,535392.0,90471.0
2014-12-16,448664.0,87895.0
2014-12-17,627190.0,84894.0
2014-12-18,543808.0,84117.0
2014-12-19,385786.0,82341.0
2014-12-22,430948.0,84892.0
2014-12-23,439650.0,86033.0
2014-12-24,394532.0,84316.0
2014-12-25,414992.0,87193.0
2014-12-26,334496.0,85572.0
2014-12-29,453950.0,83898.0
2014-12-30,668084.0,100508.0
2014-12-31,610640.0,94825.0
2015-01-05,459516.0,91742.0
2015-01-06,658940.0,94169.0
2015-01-07,647204.0,90589.0
2015-01-08,592762.0,92609.0
2015-01-09,695478.0,90819.0
2015-01-12,563020.0,91377.0
2015-01-13,559164.0,91818.0
2015-01-14,793010.0,95625.0
2015-01-15,523152.0,96694.0
2015-01-16,587562.0,93829.0
2015-01-19,543434.0,91727.0
2015-01-20,440242.0,93648.0
2015-01-21,679548.0,97131.0
2015-01-22,683898.0,95023.0
2015-01-23,529154.0,94113.0
2015-01-26,667780.0,90197.0
2015-01-27,618306.0,95708.0
2015-01-28,584432.0,94558.0
2015-01-29,426992.0,88126.0
2015-01-30,482776.0,87228.0
2015-02-02,514914.0,94539.0
2015-02-03,452360.0,96826.0
2015-02-04,669098.0,93389.0
2015-02-05,479518.0,87465.0
2015-02-06,518732.0,92627.0
2015-02-09,468302.0,90816.0
2015-02-10,350566.0,85993.0
2015-02-11,331666.0,89212.0
2015-02-12,344582.0,83772.0
2015-02-13,486006.0,85162.0
2015-02-16,384198.0,77915.0
2015-02-17,331690.0,66081.0
2015-02-25,196478.0,69578.0
2015-02-26,197874.0,80990.0
2015-02-27,198616.0,82228.0
2015-03-02,357876.0,85848.0
2015-03-03,329946.0,91287.0
2015-03-04,353704.0,97266.0
2015-03-05,366192.0,94922.0
2015-03-06,367544.0,98618.0
2015-03-09,428198.0,97871.0
2015-03-10,414842.0,104334.0
2015-03-11,446474.0,98242.0
2015-03-12,358682.0,98759.0
2015-03-13,363380.0,102534.0
2015-03-16,370350.0,106204.0
2015-03-17,403490.0,111545.0
2015-03-18,381424.0,111189.0
2015-03-19,329890.0,114469.0
2015-03-20,389678.0,112330.0
2015-03-23,587922.0,109399.0
2015-03-24,554488.0,112894.0
2015-03-25,438542.0,112942.0
2015-03-26,498130.0,118670.0
2015-03-27,557798.0,113562.0
2015-03-30,410000.0,116960.0
2015-03-31,383832.0,117384.0
2015-04-01,327708.0,114104.0
2015-04-02,410134.0,112611.0
2015-04-03,361444.0,110308.0
2015-04-07,270574.0,112771.0
2015-04-08,471072.0,121975.0
2015-04-09,446250.0,132175.0
2015-04-10,290056.0,126111.0
2015-04-13,436216.0,115441.0
2015-04-14,346978.0,115080.0
2015-04-15,393332.0,114384.0
2015-04-16,403752.0,115503.0
2015-04-17,455754.0,111757.0
2015-04-20,315406.0,111712.0
2015-04-21,645466.0,124954.0
2015-04-22,407624.0,127798.0
2015-04-23,590976.0,129939.0
2015-04-24,350252.0,130306.0
2015-04-27,565400.0,141480.0
2015-04-28,753416.0,139007.0
2015-04-29,631070.0,138021.0
2015-04-30,666368.0,143311.0
2015-05-04,646306.0,143144.0
2015-05-05,578286.0,141012.0
2015-05-06,657094.0,140843.0
2015-05-07,708452.0,136641.0
2015-05-08,600280.0,133260.0
2015-05-11,537384.0,134422.0
2015-05-12,535584.0,132530.0
2015-05-13,516736.0,126613.0
2015-05-14,544334.0,124932.0
2015-05-15,399050.0,123860.0
2015-05-18,514992.0,126182.0
2015-05-19,428404.0,121894.0
2015-05-20,652262.0,110062.0
2015-05-21,435520.0,108800.0
2015-05-22,436450.0,108446.0
2015-05-25,426998.0,113784.0
2015-05-26,707562.0,114946.0
2015-05-27,540988.0,119354.0
2015-05-28,862422.0,112749.0
2015-05-29,704524.0,120923.0
2015-06-01,782428.0,113284.0
2015-06-02,673710.0,114195.0
2015-06-03,545740.0,115985.0
2015-06-04,623328.0,109620.0
2015-06-05,526958.0,106420.0
2015-06-08,426620.0,107889.0
2015-06-09,397508.0,108473.0
2015-06-10,367346.0,111022.0
2015-06-11,386818.0,107989.0
2015-06-12,442210.0,105319.0
2015-06-15,335452.0,103015.0
2015-06-16,394844.0,101218.0
2015-06-17,381998.0,101974.0
2015-06-18,391238.0,105858.0
2015-06-19,332300.0,100852.0
2015-06-23,235716.0,98259.0
2015-06-24,205904.0,97563.0
2015-06-25,399442.0,103676.0
2015-06-26,340990.0,91805.0
2015-06-29,303432.0,86482.0
2015-06-30,443982.0,78124.0
2015-07-01,348026.0,74845.0
2015-07-02,262836.0,72788.0
2015-07-03,316318.0,70803.0
2015-07-06,374902.0,70276.0
2015-07-07,362292.0,68548.0
2015-07-08,141414.0,62874.0
2015-07-09,798866.0,52568.0
2015-07-10,560506.0,56241.0
2015-07-13,334134.0,54682.0
2015-07-14,282522.0,53472.0
2015-07-15,184110.0,50287.0
2015-07-16,259024.0,49367.0
2015-07-17,401138.0,60618.0
2015-07-20,427204.0,65653.0
2015-07-21,427906.0,70403.0
2015-07-22,507862.0,69227.0
2015-07-23,470614.0,70847.0
2015-07-24,529372.0,83237.0
2015-07-27,505074.0,77871.0
2015-07-28,494458.0,75087.0
2015-07-29,515736.0,76453.0
2015-07-30,443962.0,75432.0
2015-07-31,443724.0,76986.0
2015-08-03,579240.0,79837.0
2015-08-04,730610.0,80245.0
2015-08-05,567666.0,85428.0
2015-08-06,462892.0,86315.0
2015-08-07,679162.0,86038.0
2015-08-10,486058.0,87457.0
2015-08-11,635956.0,91471.0
2015-08-12,666186.0,93277.0
2015-08-13,651886.0,93258.0
2015-08-14,463032.0,93180.0
2015-08-17,467882.0,96330.0
2015-08-18,464080.0,95246.0
2015-08-19,535206.0,97635.0
2015-08-20,440898.0,99682.0
2015-08-21,588530.0,93768.0
2015-08-24,726232.0,90252.0
2015-08-25,734002.0,83165.0
2015-08-26,556428.0,89498.0
2015-08-27,530224.0,83103.0
2015-08-28,624202.0,88075.0
2015-08-31,477574.0,88243.0
2015-09-01,450310.0,86092.0
2015-09-02,423956.0,84670.0
2015-09-07,477486.0,88900.0
2015-09-08,533190.0,96433.0
2015-09-09,975906.0,104783.0
2015-09-10,758784.0,107481.0
2015-09-11,1273490.0,110136.0
2015-09-14,916200.0,105600.0
2015-09-15,891642.0,104702.0
2015-09-16,1049618.0,107658.0
2015-09-17,1214810.0,104531.0
2015-09-18,1033556.0,107984.0
2015-09-21,771488.0,103865.0
2015-09-22,699518.0,104929.0
2015-09-23,832632.0,103626.0
2015-09-24,622546.0,103444.0
2015-09-25,817622.0,102795.0
2015-09-28,394600.0,102466.0
2015-09-29,726526.0,97251.0
2015-09-30,404616.0,90801.0
2015-10-08,384136.0,96010.0
2015-10-09,911780.0,109727.0
2015-10-12,948782.0,116586.0
2015-10-13,670126.0,117918.0
2015-10-14,797510.0,115226.0
2015-10-15,1079734.0,122529.0
2015-10-16,846904.0,115640.0
2015-10-19,744708.0,121921.0
2015-10-20,634182.0,122708.0
2015-10-21,788790.0,134044.0
2015-10-22,808910.0,130667.0
2015-10-23,1201474.0,126191.0
2015-10-26,906754.0,138267.0
2015-10-27,912478.0,136853.0
2015-10-28,648244.0,137629.0
2015-10-29,682066.0,136341.0
2015-10-30,578832.0,137256.0
2015-11-02,547276.0,133725.0
2015-11-03,598008.0,141311.0
2015-11-04,556616.0,134754.0
2015-11-05,651730.0,137642.0
2015-11-06,712326.0,134890.0
2015-11-09,615832.0,132177.0
2015-11-10,742612.0,129980.0
2015-11-11,815266.0,118335.0
2015-11-12,647750.0,113957.0
2015-11-13,620878.0,102912.0
2015-11-16,642898.0,110117.0
2015-11-17,640530.0,106451.0
2015-11-18,443222.0,105396.0
2015-11-19,493570.0,102854.0
2015-11-20,452946.0,94474.0
2015-11-23,479578.0,82312.0
2015-11-24,553584.0,75463.0
2015-11-25,564500.0,94581.0
2015-11-26,854126.0,95442.0
2015-11-27,619878.0,96028.0
2015-11-30,528248.0,99550.0
2015-12-01,794790.0,102114.0
2015-12-02,792338.0,105548.0
2015-12-03,813390.0,104833.0
2015-12-04,808530.0,105323.0
2015-12-07,876098.0,115487.0
2015-12-08,760826.0,108098.0
2015-12-09,734826.0,110372.0
2015-12-10,902008.0,123858.0
2015-12-11,896780.0,113186.0
2015-12-14,768728.0,113353.0
2015-12-15,885278.0,109574.0
2015-12-16,645044.0,109868.0
2015-12-17,800794.0,114420.0
2015-12-18,731614.0,111164.0
2015-12-21,950676.0,125008.0
2015-12-22,702010.0,126773.0
2015-12-23,692142.0,126639.0
2015-12-24,856622.0,125760.0
2015-12-25,457292.0,124905.0
2015-12-28,628076.0,120148.0
2015-12-29,596886.0,119137.0
2015-12-30,722204.0,124545.0
2015-12-31,614846.0,123196.0
2016-01-04,682378.0,133456.0
2016-01-05,634596.0,138274.0
2016-01-06,664940.0,145219.0
2016-01-07,784090.0,139315.0
2016-01-08,688222.0,136001.0
2016-01-11,787438.0,153135.0
2016-01-12,663010.0,151719.0
2016-01-13,771850.0,142301.0
2016-01-14,701512.0,142534.0
2016-01-15,672864.0,141799.0
2016-01-18,894570.0,126692.0
2016-01-19,813596.0,121908.0
2016-01-20,673990.0,121033.0
2016-01-21,691006.0,123197.0
2016-01-22,747726.0,121991.0
2016-01-25,583260.0,123696.0
2016-01-26,554126.0,124405.0
2016-01-27,573732.0,123652.0
2016-01-28,515740.0,121907.0
2016-01-29,590514.0,116077.0
2016-02-01,554042.0,116123.0
2016-02-02,565680.0,115972.0
2016-02-03,469956.0,114991.0
2016-02-04,520782.0,111672.0
2016-02-05,342124.0,101707.0
2016-02-15,528802.0,121465.0
2016-02-16,565878.0,129546.0
2016-02-17,427986.0,128509.0
2016-02-18,467492.0,130455.0
2016-02-19,591054.0,138179.0
2016-02-22,628840.0,142103.0
2016-02-23,526924.0,137724.0
2016-02-24,532834.0,134237.0
2016-02-25,717396.0,136808.0
2016-02-26,779100.0,132686.0
2016-02-29,728186.0,132460.0
2016-03-01,671824.0,132918.0
2016-03-02,794450.0,130557.0
2016-03-03,714790.0,128689.0
2016-03-04,1046478.0,128203.0
2016-03-07,1230652.0,113987.0
2016-03-08,1228004.0,107285.0
2016-03-09,752776.0,101948.0
2016-03-10,802798.0,101858.0
2016-03-11,642000.0,97901.0
2016-03-14,606240.0,95842.0
2016-03-15,577988.0,96941.0
2016-03-16,487330.0,91052.0
2016-03-17,556090.0,91500.0
2016-03-18,674960.0,110898.0
2016-03-21,801300.0,123754.0
2016-03-22,679382.0,132424.0
2016-03-23,696086.0,136741.0
2016-03-24,791522.0,127652.0
2016-03-25,565170.0,131004.0
2016-03-28,734200.0,131349.0
2016-03-29,800266.0,150631.0
2016-03-30,717530.0,151531.0
2016-03-31,788474.0,152791.0
2016-04-01,706596.0,146092.0
2016-04-05,649868.0,157540.0
2016-04-06,754984.0,151560.0
2016-04-07,606462.0,155364.0
2016-04-08,771198.0,153246.0
2016-04-11,1113094.0,170355.0
2016-04-12,885342.0,175019.0
2016-04-13,1265352.0,163490.0
2016-04-14,804540.0,163542.0
2016-04-15,904940.0,159465.0
2016-04-18,892652.0,164206.0
2016-04-19,1080744.0,160297.0
2016-04-20,1621426.0,159276.0
2016-04-21,1390618.0,157641.0
2016-04-22,1254392.0,142271.0
2016-04-25,996268.0,142604.0
2016-04-26,844072.0,142140.0
2016-04-27,989580.0,144257.0
2016-04-28,896656.0,137579.0
2016-04-29,687952.0,139543.0
2016-05-03,637296.0,154450.0
2016-05-04,735482.0,148389.0
2016-05-05,805118.0,158722.0
2016-05-06,796520.0,152046.0
2016-05-09,1046986.0,149628.0
2016-05-10,801594.0,142014.0
2016-05-11,759224.0,148569.0
2016-05-12,899328.0,152685.0
2016-05-13,1018986.0,148365.0
2016-05-16,697416.0,151974.0
2016-05-17,590762.0,152856.0
2016-05-18,884950.0,160787.0
2016-05-19,802596.0,164841.0
2016-05-20,641670.0,167990.0
2016-05-23,890038.0,166367.0
2016-05-24,540920.0,168058.0
2016-05-25,622680.0,169549.0
2016-05-26,702878.0,167422.0
2016-05-27,833422.0,163904.0
2016-05-30,653852.0,163332.0
2016-05-31,707822.0,171650.0
2016-06-01,662828.0,184799.0
2016-06-02,622626.0,177457.0
2016-06-03,604786.0,169699.0
2016-06-06,644022.0,170454.0
2016-06-07,536642.0,176035.0
2016-06-08,618652.0,173944.0
2016-06-13,538800.0,178037.0
2016-06-14,718564.0,182824.0
2016-06-15,562794.0,186737.0
2016-06-16,623540.0,187310.0
2016-06-17,1034276.0,187761.0
2016-06-20,733772.0,183599.0
2016-06-21,690966.0,180732.0
2016-06-22,661248.0,187326.0
2016-06-23,613858.0,180498.0
2016-06-24,880730.0,174104.0
2016-06-27,791246.0,174986.0
2016-06-28,766214.0,176495.0
2016-06-29,716572.0,175611.0
2016-06-30,786070.0,173108.0
2016-07-01,770478.0,169001.0
2016-07-04,960566.0,162360.0
2016-07-05,873444.0,156530.0
2016-07-06,897476.0,156753.0
2016-07-07,755692.0,158726.0
2016-07-08,763910.0,158717.0
2016-07-11,584888.0,156321.0
2016-07-12,707402.0,155527.0
2016-07-13,988942.0,149701.0
2016-07-14,785032.0,146053.0
2016-07-15,917242.0,140108.0
2016-07-18,661324.0,138626.0
2016-07-19,755998.0,140265.0
2016-07-20,920826.0,137366.0
2016-07-21,761156.0,139401.0
2016-07-22,603388.0,133820.0
2016-07-25,690816.0,131707.0
2016-07-26,590852.0,127888.0
2016-07-27,545148.0,120047.0
2016-07-28,559444.0,114456.0
2016-07-29,602076.0,109368.0
2016-08-01,397280.0,99808.0
2016-08-02,265048.0,93918.0
2016-08-03,189020.0,84921.0
2016-08-04,608516.0,111142.0
2016-08-05,576574.0,112970.0
2016-08-08,689138.0,119607.0
2016-08-09,717286.0,122634.0
2016-08-10,547046.0,122755.0
2016-08-11,545318.0,124060.0
2016-08-12,753024.0,139680.0
2016-08-15,692068.0,147255.0
2016-08-16,661448.0,143738.0
2016-08-17,629406.0,147219.0
2016-08-18,584956.0,140285.0
2016-08-19,608632.0,142971.0
2016-08-22,640404.0,140638.0
2016-08-23,420084.0,141026.0
2016-08-24,384478.0,142638.0
2016-08-25,618014.0,140493.0
2016-08-26,391206.0,140734.0
2016-08-29,486948.0,139507.0
2016-08-30,494962.0,139429.0
2016-08-31,562984.0,146630.0
2016-09-01,533510.0,136202.0
2016-09-02,477010.0,128926.0
2016-09-05,409020.0,129308.0
2016-09-06,364774.0,129710.0
2016-09-07,540234.0,127254.0
2016-09-08,480908.0,131873.0
2016-09-09,439644.0,132755.0
2016-09-12,565118.0,123417.0
2016-09-13,349844.0,120215.0
2016-09-14,416298.0,115766.0
2016-09-19,531074.0,134881.0
2016-09-20,539172.0,143881.0
2016-09-21,433294.0,141906.0
2016-09-22,809414.0,149261.0
2016-09-23,513792.0,152432.0
2016-09-26,493918.0,147604.0
2016-09-27,559048.0,143159.0
2016-09-28,660858.0,149869.0
2016-09-29,761750.0,137815.0
2016-09-30,409922.0,127680.0
2016-10-10,503364.0,141819.0
2016-10-11,672820.0,149476.0
2016-10-12,497472.0,150413.0
2016-10-13,622646.0,146211.0
2016-10-14,678166.0,157989.0
2016-10-17,596490.0,155430.0
2016-10-18,552662.0,151954.0
2016-10-19,785038.0,136834.0
2016-10-20,514844.0,135989.0
2016-10-21,549628.0,129144.0
2016-10-24,535214.0,130647.0
2016-10-25,642340.0,129969.0
2016-10-26,717604.0,128860.0
2016-10-27,852286.0,131004.0
2016-10-28,754884.0,124466.0
2016-10-31,668728.0,124619.0
2016-11-01,568710.0,124531.0
2016-11-02,605094.0,123545.0
2016-11-03,401104.0,122523.0
2016-11-04,596990.0,116593.0
2016-11-07,797342.0,117755.0
2016-11-08,843170.0,123783.0
2016-11-09,709964.0,118890.0
2016-11-10,813140.0,121167.0
2016-11-11,544784.0,114812.0
2016-11-14,689904.0,92959.0
2016-11-15,580922.0,91250.0
2016-11-16,539372.0,103521.0
2016-11-17,465778.0,98342.0
2016-11-18,394386.0,91253.0
2016-11-21,308838.0,97162.0
2016-11-22,304346.0,105866.0
2016-11-23,250598.0,106981.0
2016-11-24,469008.0,115282.0
2016-11-25,378250.0,119002.0
2016-11-28,626036.0,139424.0
2016-11-29,588320.0,139571.0
2016-11-30,566424.0,128276.0
2016-12-01,660444.0,131249.0
2016-12-02,641480.0,129381.0
2016-12-05,543740.0,135045.0
2016-12-06,407034.0,134370.0
2016-12-07,468948.0,139762.0
2016-12-08,584688.0,138058.0
2016-12-09,636886.0,139206.0
2016-12-12,566406.0,132945.0
2016-12-13,534588.0,144852.0
2016-12-14,589534.0,142938.0
2016-12-15,645756.0,135816.0
2016-12-16,469050.0,135496.0
2016-12-19,416462.0,133748.0
2016-12-20,592814.0,131365.0
2016-12-21,434458.0,131263.0
2016-12-22,482270.0,134138.0
2016-12-23,465860.0,128023.0
2016-12-26,548646.0,127876.0
2016-12-27,506572.0,121386.0
2016-12-28,491830.0,120958.0
2016-12-29,494982.0,121118.0
2016-12-30,412746.0,117133.0
2017-01-03,352158.0,121002.0
2017-01-04,581234.0,127808.0
2017-01-05,505940.0,125440.0
2017-01-06,443232.0,129353.0
2017-01-09,525384.0,138632.0
2017-01-10,486934.0,138010.0
2017-01-11,453522.0,140969.0
2017-01-12,673560.0,148580.0
2017-01-13,536300.0,148696.0
2017-01-16,579418.0,150215.0
2017-01-17,574236.0,149718.0
2017-01-18,539832.0,149435.0
2017-01-19,479118.0,148070.0
2017-01-20,732102.0,134774.0
2017-01-23,379200.0,127581.0
2017-01-24,489532.0,130526.0
2017-01-25,349688.0,124229.0
2017-01-26,442654.0,130284.0
2017-02-03,338534.0,124162.0
2017-02-06,347538.0,129210.0
2017-02-07,516704.0,141180.0
2017-02-08,438590.0,136859.0
2017-02-09,421226.0,136750.0
2017-02-10,529878.0,142331.0
2017-02-13,536406.0,149330.0
2017-02-14,362700.0,147934.0
2017-02-15,536040.0,146755.0
2017-02-16,638776.0,141122.0
2017-02-17,513092.0,137234.0
2017-02-20,490040.0,136459.0
2017-02-21,525568.0,138747.0
2017-02-22,529904.0,141289.0
2017-02-23,617992.0,148078.0
2017-02-24,369218.0,141341.0
2017-02-27,425564.0,138715.0
2017-02-28,535634.0,144789.0
2017-03-01,458414.0,136972.0
2017-03-02,404224.0,139967.0
2017-03-03,515968.0,135919.0
2017-03-06,407294.0,129184.0
2017-03-07,303084.0,128149.0
2017-03-08,473724.0,141908.0
2017-03-09,362070.0,135217.0
2017-03-10,399642.0,136254.0
2017-03-13,491128.0,133191.0
2017-03-14,457176.0,131800.0
2017-03-15,441240.0,124872.0
2017-03-16,460760.0,124052.0
2017-03-17,415798.0,114122.0
2017-03-20,274590.0,104680.0
2017-03-21,227178.0,95973.0
2017-03-22,269006.0,95739.0
2017-03-23,147970.0,85692.0
2017-03-24,136286.0,81869.0
2017-03-27,531862.0,106595.0
2017-03-28,492174.0,109052.0
2017-03-29,536692.0,113841.0
2017-03-30,533044.0,118382.0
2017-03-31,556778.0,113238.0
2017-04-05,538834.0,119395.0
2017-04-06,474720.0,124064.0
2017-04-07,778364.0,132811.0
2017-04-10,606236.0,139729.0
2017-04-11,636108.0,143143.0
2017-04-12,749924.0,145628.0
2017-04-13,650630.0,146921.0
2017-04-14,693770.0,149333.0
2017-04-17,752662.0,151963.0
2017-04-18,664682.0,156579.0
2017-04-19,747390.0,157745.0
2017-04-20,895504.0,162189.0
2017-04-21,766570.0,156062.0
2017-04-24,783968.0,160206.0
2017-04-25,715572.0,159264.0
2017-04-26,823822.0,157553.0
2017-04-27,764790.0,161199.0
2017-04-28,771302.0,155129.0
2017-05-02,505904.0,162623.0
2017-05-03,507724.0,164965.0
2017-05-04,813816.0,167335.0
2017-05-05,737360.0,172724.0
2017-05-08,743100.0,178393.0
2017-05-09,719780.0,182708.0
2017-05-10,812882.0,190645.0
2017-05-11,874664.0,185796.0
2017-05-12,786958.0,181654.0
2017-05-15,636892.0,183910.0
2017-05-16,824104.0,194033.0
2017-05-17,816296.0,189423.0
2017-05-18,856814.0,192501.0
2017-05-19,914914.0,192782.0
2017-05-22,1075250.0,190678.0
2017-05-23,985258.0,190459.0
2017-05-24,937816.0,191185.0
2017-05-25,804422.0,191418.0
2017-05-26,596938.0,204530.0
2017-05-31,669312.0,213377.0
2017-06-01,508038.0,212436.0
2017-06-02,490404.0,216216.0
2017-06-05,550380.0,220257.0
2017-06-06,568080.0,218108.0
2017-06-07,676180.0,228291.0
2017-06-08,695058.0,233513.0
2017-06-09,463774.0,228557.0
2017-06-12,581414.0,236256.0
2017-06-13,504400.0,234470.0
2017-06-14,835854.0,237550.0
2017-06-15,594424.0,227382.0
2017-06-16,636620.0,225985.0
2017-06-19,661010.0,229271.0
2017-06-20,591338.0,227771.0
2017-06-21,477884.0,222438.0
2017-06-22,635878.0,234991.0
2017-06-23,566676.0,223163.0
2017-06-26,452040.0,219376.0
2017-06-27,517804.0,225658.0
2017-06-28,591554.0,225709.0
2017-06-29,883624.0,236541.0
2017-06-30,545024.0,226354.0
2017-07-03,513074.0,228069.0
2017-07-04,788708.0,229940.0
2017-07-05,498180.0,224074.0
2017-07-06,526846.0,224829.0
2017-07-07,555216.0,227534.0
2017-07-10,698240.0,237338.0
2017-07-11,666544.0,239147.0
2017-07-12,893966.0,243660.0
2017-07-13,582052.0,241513.0
2017-07-14,902542.0,251744.0
2017-07-17,832902.0,242891.0
2017-07-18,746528.0,236855.0
2017-07-19,872474.0,241664.0
2017-07-20,812150.0,223730.0
2017-07-21,691752.0,215558.0
2017-07-24,639658.0,214145.0
2017-07-25,545874.0,209372.0
2017-07-26,681534.0,215203.0
2017-07-27,384880.0,197155.0
2017-07-28,686942.0,182352.0
2017-07-31,421674.0,143427.0
2017-08-01,220726.0,136680.0
2017-08-02,210694.0,125627.0
2017-08-03,539160.0,151458.0
2017-08-04,790104.0,161433.0
2017-08-07,847940.0,162504.0
2017-08-08,749864.0,167816.0
2017-08-09,916844.0,177976.0
2017-08-10,768906.0,181178.0
2017-08-11,1120384.0,173983.0
2017-08-14,645622.0,175243.0
2017-08-15,986582.0,184883.0
2017-08-16,745886.0,184083.0
2017-08-17,1112480.0,187746.0
2017-08-18,832842.0,189322.0
2017-08-21,998940.0,194128.0
2017-08-22,863710.0,196533.0
2017-08-23,832532.0,185450.0
2017-08-24,756384.0,187378.0
2017-08-25,796220.0,190557.0
2017-08-28,583214.0,185615.0
2017-08-29,731904.0,188049.0
2017-08-30,537050.0,190770.0
2017-08-31,805736.0,189855.0
2017-09-01,530500.0,190085.0
2017-09-04,1043544.0,201652.0
2017-09-05,616938.0,204972.0
2017-09-06,882434.0,204550.0
2017-09-07,756956.0,204263.0
2017-09-08,1092626.0,197054.0
2017-09-11,726502.0,193839.0
2017-09-12,572112.0,195876.0
2017-09-13,758170.0,197141.0
2017-09-14,779666.0,194377.0
2017-09-15,956858.0,196421.0
2017-09-18,853950.0,192968.0
2017-09-19,616980.0,195256.0
2017-09-20,665654.0,190351.0
2017-09-21,947200.0,193765.0
2017-09-22,689214.0,187282.0
2017-09-25,535508.0,186844.0
2017-09-26,562254.0,186124.0
2017-09-27,446130.0,184154.0
2017-09-28,644526.0,183326.0
2017-09-29,908032.0,161283.0
2017-10-09,414786.0,166989.0
2017-10-10,473376.0,169612.0
2017-10-11,732788.0,170826.0
2017-10-12,671972.0,170665.0
2017-10-13,646960.0,167294.0
2017-10-16,746286.0,167734.0
2017-10-17,730018.0,165413.0
2017-10-18,603424.0,165398.0
2017-10-19,905204.0,166909.0
2017-10-20,672996.0,161036.0
2017-10-23,753614.0,161396.0
2017-10-24,691724.0,165222.0
2017-10-25,678650.0,158182.0
2017-10-26,573424.0,157349.0
2017-10-27,734474.0,169592.0
2017-10-30,456754.0,168454.0
2017-10-31,447752.0,165372.0
2017-11-01,749974.0,161139.0
2017-11-02,582486.0,159973.0
2017-11-03,415098.0,154920.0
2017-11-06,664656.0,159272.0
2017-11-07,492552.0,152225.0
2017-11-08,466646.0,154426.0
2017-11-09,665294.0,153357.0
2017-11-10,406892.0,151285.0
2017-11-13,664298.0,151506.0
2017-11-14,467968.0,148568.0
2017-11-15,693528.0,138608.0
2017-11-16,352230.0,136981.0
2017-11-17,308578.0,132602.0
2017-11-20,342166.0,129762.0
2017-11-21,583362.0,126010.0
2017-11-22,330630.0,122421.0
2017-11-23,514348.0,113348.0
2017-11-24,367944.0,109653.0
2017-11-27,430178.0,103152.0
2017-11-28,224764.0,92210.0
2017-11-29,421974.0,128497.0
2017-11-30,525600.0,134602.0
2017-12-01,680188.0,153409.0
2017-12-04,632140.0,164144.0
2017-12-05,535360.0,166229.0
2017-12-06,615300.0,158703.0
2017-12-07,768078.0,158844.0
2017-12-08,512426.0,158871.0
2017-12-11,663120.0,160145.0
2017-12-12,499498.0,163584.0
2017-12-13,571220.0,165605.0
2017-12-14,732182.0,166556.0
2017-12-15,485676.0,169936.0
2017-12-18,602080.0,175990.0
2017-12-19,417764.0,172300.0
2017-12-20,426326.0,175477.0
2017-12-21,441452.0,177462.0
2017-12-22,695814.0,180791.0
2017-12-25,429952.0,183794.0
2017-12-26,619972.0,182099.0
2017-12-27,451242.0,182840.0
2017-12-28,489628.0,182364.0
2017-12-29,388104.0,180963.0
2018-01-02,381536.0,183617.0
2018-01-03,327334.0,187468.0
2018-01-04,564406.0,202060.0
2018-01-05,447564.0,202505.0
2018-01-08,319626.0,206536.0
2018-01-09,368066.0,206970.0
2018-01-10,527278.0,208384.0
2018-01-11,336572.0,202773.0
2018-01-12,563098.0,203651.0
2018-01-15,390868.0,206871.0
2018-01-16,437546.0,204504.0
2018-01-17,322056.0,204515.0
2018-01-18,310410.0,206157.0
2018-01-19,494914.0,216429.0
2018-01-22,321526.0,219326.0
2018-01-23,543608.0,245838.0
2018-01-24,266134.0,243308.0
2018-01-25,393930.0,244198.0
2018-01-26,301580.0,242576.0
2018-01-29,418768.0,240942.0
2018-01-30,560042.0,254333.0
2018-01-31,576542.0,254619.0
2018-02-01,347664.0,255434.0
2018-02-02,263916.0,254692.0
2018-02-05,350518.0,249525.0
2018-02-06,599878.0,253441.0
2018-02-07,271528.0,245801.0
2018-02-08,472784.0,245271.0
2018-02-09,350406.0,232735.0
2018-02-12,290064.0,227817.0
2018-02-13,220900.0,223877.0
2018-02-14,269100.0,214933.0
2018-02-22,216152.0,219728.0
2018-02-23,450308.0,212945.0
2018-02-26,303970.0,208959.0
2018-02-27,296358.0,204066.0
2018-02-28,458812.0,200639.0
2018-03-01,287962.0,199031.0
2018-03-02,293706.0,197377.0
